player,player_id,position,team_name,player_game_count,assists,avg_depth_of_target,catch_rate,coverage_percent,coverage_snaps_per_reception,coverage_snaps_per_target,declined_penalties,dropped_ints,forced_incompletes,forced_incompletion_rate,franchise_id,grades_coverage_defense,grades_defense,grades_defense_penalty,grades_pass_rush_defense,grades_run_defense,grades_tackle,interceptions,longest,missed_tackle_rate,missed_tackles,pass_break_ups,penalties,qb_rating_against,receptions,snap_counts_coverage,snap_counts_pass_play,stops,tackles,targets,touchdowns,yards,yards_after_catch,yards_per_coverage_snap,yards_per_reception
Von Miller,6154,ED,WAS,1,0,,,4.3,,,0,0,0,,32,60.0,50.0,0.0,52.6,69.9,69.9,0,,,0,0,1,0.0,0,1,23,0,0,0,0,0,0,0.0,
Cameron Jordan,6176,ED,NO,1,0,,,9.7,,,0,0,0,,20,74.0,80.8,78.7,62.8,78.2,28.9,0,,100.0,2,0,0,0.0,0,3,31,1,0,0,0,0,0,0.0,
Bobby Wagner,7050,LB,WAS,1,2,4.5,50.0,86.3,41.0,20.5,0,0,0,0.0,32,65.5,74.8,0.0,57.8,90.3,82.3,0,5,0.0,0,0,1,56.3,1,44,51,1,1,2,0,5,4,0.1,5.0
Lavonte David,7060,LB,TB,1,0,2.0,100.0,90.2,14.3,14.3,0,0,0,0.0,30,67.3,72.3,75.5,51.9,75.3,58.0,0,13,20.0,1,0,0,90.3,3,46,51,2,4,3,0,17,11,0.4,5.7
Demario Davis,7079,LB,NO,1,0,-2.5,100.0,83.3,8.0,8.0,0,0,0,0.0,20,75.0,90.7,78.2,69.4,91.0,65.4,0,5,20.0,1,0,1,118.8,4,35,42,3,4,4,1,12,22,0.4,3.0
Darius Slay,7817,CB,PIT,1,0,19.0,100.0,100.0,12.5,12.5,0,0,0,0.0,25,61.7,54.2,77.8,,38.6,31.1,0,33,0.0,0,0,0,158.3,2,26,26,0,1,2,1,41,3,1.6,20.5
Kyle Van Noy,8675,ED,BLT,1,0,,,7.1,,,0,0,0,,3,63.6,63.6,78.4,59.5,63.2,72.4,0,,0.0,0,0,0,0.0,0,3,42,0,1,0,0,0,0,0.0,
Dante Fowler Jr.,9436,ED,DAL,1,0,,,5.0,,,0,0,0,,9,60.0,55.8,77.2,64.9,44.6,,0,,,0,0,0,0.0,0,1,20,0,0,0,0,0,0,0.0,
Leonard Williams,9439,DI,SEA,1,1,,,2.9,,,0,0,0,,29,60.8,70.2,7.1,60.3,78.5,49.3,0,,50.0,1,0,1,0.0,0,1,35,0,0,0,0,0,0,0.0,
Bud Dupree,9455,ED,LAC,1,0,7.0,100.0,9.1,2.0,2.0,0,0,0,0.0,27,48.6,52.3,74.9,62.1,60.0,,0,12,,0,0,0,116.7,1,2,22,0,0,1,0,12,5,6.0,12.0
Denzel Perryman,9481,LB,LAC,1,0,,,100.0,,,0,0,0,,27,62.8,60.3,72.5,,57.1,74.9,0,,,0,0,0,0.0,0,4,4,0,0,0,0,0,0,0.0,
Quandre Diggs,9633,S,TEN,1,0,2.7,66.7,95.8,10.0,6.7,0,0,0,0.0,31,60.4,53.7,80.4,59.1,52.3,43.7,0,6,0.0,0,0,0,72.9,2,23,24,1,3,3,0,11,3,0.6,5.5
Alex Singleton,9994,LB,DEN,1,0,8.3,50.0,94.4,16.0,8.0,0,0,1,25.0,10,53.9,49.1,76.9,57.1,50.0,41.7,0,29,0.0,0,0,0,79.2,2,34,36,0,1,4,0,34,31,1.1,17.0
Joey Bosa,10637,ED,BUF,1,0,,,5.3,,,0,0,0,,4,60.1,58.2,80.0,50.3,64.9,30.0,0,,50.0,1,0,0,0.0,0,1,19,1,1,0,0,0,0,0.0,
Jalen Ramsey,10639,S,PIT,1,0,10.5,50.0,92.3,23.0,11.5,0,0,2,100.0,25,87.5,79.4,77.1,56.0,56.1,77.8,0,6,0.0,0,2,1,56.3,1,24,26,1,1,2,0,6,1,0.3,6.0
DeForest Buckner,10641,DI,IND,1,0,,,4.3,,,0,0,0,,14,60.0,68.4,76.2,64.2,64.8,68.7,0,,,0,0,0,0.0,0,1,23,0,0,0,0,0,0,0.0,
Leonard Floyd,10643,ED,ATL,1,0,,,15.4,,,0,0,0,,2,63.5,58.5,77.5,52.1,64.8,,0,,,0,0,0,0.0,0,4,26,0,0,0,0,0,0,0.0,
Emmanuel Ogbah,10666,ED,JAX,1,0,,,14.3,,,0,0,0,,15,60.5,63.8,77.5,51.7,69.8,67.4,0,,,0,0,0,0.0,0,2,14,0,0,0,0,0,0,0.0,
Xavien Howard,10672,CB,IND,1,0,2.0,0.0,100.0,,11.0,0,0,0,0.0,14,80.7,80.0,76.0,,61.3,,0,,,0,0,0,39.6,0,22,22,0,0,2,0,0,0,0.0,
Austin Johnson,10677,DI,JAX,1,0,,,16.7,,,0,0,0,,15,60.0,51.1,73.9,69.9,49.1,,0,,,0,0,0,0.0,0,1,6,0,0,0,0,0,0,0.0,
Jarran Reed,10683,DI,SEA,1,0,,,5.6,,,0,0,0,,29,60.0,52.2,77.0,62.8,49.0,71.8,0,,,0,0,0,0.0,0,1,18,0,0,0,0,0,0,0.0,
Deion Jones,10686,LB,TB,1,0,,,100.0,,,0,0,0,,30,60.0,62.7,64.4,,60.0,,0,,,0,0,0,0.0,0,1,1,0,0,0,0,0,0,0.0,
Kevin Byard,10698,S,CHI,1,0,5.0,100.0,87.1,11.5,11.5,0,0,0,0.0,6,57.8,58.4,78.7,52.7,63.0,63.7,0,13,0.0,0,0,0,147.9,2,27,31,1,2,2,1,20,12,0.9,10.0
Eric Murray,10740,S,JAX,1,0,5.8,50.0,97.6,19.0,9.5,0,1,2,50.0,15,74.2,83.0,77.7,66.9,75.9,59.5,0,27,33.3,1,2,0,112.5,2,41,42,1,2,4,1,28,32,0.7,14.0
Matthew Judon,10780,ED,MIA,1,0,,,16.7,,,0,0,0,,17,63.2,61.8,76.0,58.8,59.6,72.8,0,,0.0,0,0,0,0.0,0,2,12,1,1,0,0,0,0,0.0,
Elandon Roberts,10848,LB,LV,1,0,3.0,100.0,100.0,7.0,7.0,0,0,0,0.0,23,48.8,50.5,71.5,,62.9,74.9,0,10,0.0,0,0,0,108.3,1,7,7,0,1,1,0,10,7,1.4,10.0
Jonathan Jones,11217,CB,WAS,1,0,,,100.0,,,0,0,0,,32,48.5,49.5,72.5,,60.0,,0,,,0,0,0,0.0,0,6,6,0,0,0,0,0,0,0.0,
Jamal Adams,11761,LB,LV,1,0,-3.0,100.0,76.5,12.0,12.0,0,0,0,0.0,23,76.8,90.9,72.7,92.5,72.3,78.1,0,5,0.0,0,0,0,87.5,1,13,17,2,2,1,0,5,8,0.4,5.0
Marshon Lattimore,11766,CB,WAS,1,1,13.0,25.0,100.0,40.0,10.0,0,0,2,50.0,32,68.2,64.1,0.0,,63.2,76.9,0,11,0.0,0,2,2,39.6,1,44,44,0,2,4,0,11,7,0.3,11.0
Haason Reddick,11768,ED,TB,1,0,6.0,100.0,14.3,6.0,6.0,0,0,0,0.0,30,48.0,69.2,3.3,73.2,73.0,42.9,0,12,100.0,1,0,1,116.7,1,6,42,1,0,1,0,12,6,2.0,12.0
Malik Hooker,11770,S,DAL,1,0,6.0,100.0,100.0,34.0,34.0,0,0,0,0.0,9,66.9,76.3,77.0,,77.8,87.7,0,6,0.0,0,0,0,91.7,1,34,34,0,4,1,0,6,0,0.2,6.0
Marlon Humphrey,11771,CB,BLT,1,0,12.7,66.7,98.2,12.8,8.5,0,0,0,0.0,3,52.7,47.3,77.0,58.8,33.0,34.7,0,22,33.3,1,0,0,95.8,4,56,57,0,2,6,0,55,12,1.1,13.8
Adoree' Jackson,11773,CB,PHI,1,0,12.0,71.4,100.0,5.0,3.6,0,0,1,14.3,24,33.6,32.4,76.8,,41.8,57.4,0,32,14.3,1,1,1,113.7,5,29,29,1,6,7,0,103,32,4.1,20.6
T.J. Watt,11785,ED,PIT,1,0,,,4.3,,,0,0,0,,25,57.0,81.7,80.2,57.1,90.5,55.0,0,,100.0,1,0,0,0.0,0,1,23,0,0,0,0,0,0,0.0,
Budda Baker,11791,S,ARZ,1,2,4.5,100.0,92.5,22.5,22.5,0,0,0,0.0,1,76.5,75.5,76.7,66.7,48.7,85.5,0,6,0.0,0,0,0,91.7,2,49,53,1,5,2,0,12,3,0.3,6.0
Chidobe Awuzie,11815,CB,BLT,1,0,6.6,71.4,94.4,9.2,6.6,0,0,0,0.0,3,74.0,70.9,78.4,54.2,53.3,54.7,0,11,0.0,0,0,0,74.7,5,51,54,3,5,7,0,22,15,0.5,4.4
Ahkello Witherspoon,11821,CB,LA,1,0,8.7,66.7,100.0,12.5,8.3,0,0,0,0.0,26,70.0,65.1,76.2,,48.9,36.3,0,4,0.0,0,0,1,70.1,2,28,28,1,2,3,0,5,-2,0.2,2.5
Dawuane Smoot,11823,ED,JAX,1,0,,,4.0,,,0,0,0,,15,60.0,56.8,75.7,53.9,61.5,69.9,0,,,0,0,0,0.0,0,1,25,1,0,0,0,0,0,0.0,
Alex Anzalone,11831,LB,DET,1,0,-0.5,50.0,79.2,19.0,9.5,0,1,0,0.0,11,68.6,70.9,73.8,50.5,70.0,80.0,0,4,0.0,0,0,0,56.3,1,19,24,1,1,2,0,4,4,0.2,4.0
Jourdan Lewis,11846,CB,JAX,1,1,7.0,66.7,90.7,9.0,6.0,0,0,1,16.7,15,64.5,68.9,76.3,69.8,70.4,51.0,1,21,33.3,1,1,1,48.6,4,39,43,1,1,6,0,44,17,1.2,11.0
Rasul Douglas,11854,CB,MIA,1,0,13.8,60.0,100.0,5.3,3.2,0,1,1,20.0,17,47.3,52.3,75.1,,65.2,72.8,0,36,0.0,0,1,0,98.8,3,17,17,1,1,5,0,56,7,3.5,18.7
Trey Hendrickson,11858,ED,CIN,1,0,,,7.1,,,0,0,0,,7,62.0,88.1,8.5,90.2,65.2,72.7,0,,,0,0,1,0.0,0,3,42,1,0,0,0,0,0,0.0,
Rayshawn Jenkins,11868,S,CLV,1,0,-5.0,0.0,100.0,,12.0,0,0,0,0.0,8,70.1,47.9,70.4,,60.0,,0,,,0,0,0,39.6,0,12,12,0,0,1,0,0,0,0.0,
Matt Milano,11918,LB,BUF,1,1,-1.0,50.0,63.2,12.0,6.0,0,0,0,0.0,4,40.9,29.7,76.2,68.6,29.8,29.2,0,3,0.0,0,0,0,56.3,1,12,19,1,0,2,0,3,4,0.3,3.0
Chuck Clark,11941,S,PIT,1,0,11.0,100.0,93.3,13.0,13.0,0,0,0,0.0,25,54.7,63.2,73.5,60.0,72.9,79.1,0,12,0.0,0,0,0,116.7,1,14,15,0,1,1,0,12,1,0.9,12.0
Xavier Woods,11946,S,TEN,1,0,18.0,0.0,95.8,,41.0,0,0,0,0.0,31,87.3,87.2,76.4,57.4,55.5,33.5,1,,,0,0,0,0.0,0,46,48,0,0,1,0,0,0,0.0,
Nathan Shepherd,24614,DI,NO,1,0,,,3.8,,,0,0,0,,20,60.0,61.0,0.0,50.2,75.8,27.1,0,,,0,0,1,0.0,0,1,26,0,0,0,0,0,0,0.0,
Foyesade Oluokun,24904,LB,JAX,1,3,4.2,80.0,74.4,7.3,5.8,0,0,0,0.0,15,92.5,92.5,76.5,56.3,71.3,81.5,1,18,0.0,0,0,0,48.8,4,32,43,3,3,5,0,26,6,0.9,6.5
Maxx Crosby,26316,ED,LV,1,1,,,1.9,,,0,0,0,,23,55.8,74.9,82.4,74.0,65.3,39.7,0,,50.0,1,0,0,0.0,0,1,54,1,0,0,0,0,0,0.0,
D.J. Reed,26940,CB,DET,1,0,13.0,80.0,100.0,5.8,4.6,1,0,0,0.0,11,30.5,38.0,76.3,,66.9,78.9,0,20,0.0,0,0,1,105.8,4,24,24,1,4,5,0,47,12,2.0,11.8
Isaiah Rodgers,27069,CB,MIN,1,1,11.8,50.0,100.0,22.0,11.0,0,0,0,0.0,18,49.2,52.0,76.6,,63.0,79.2,0,17,0.0,0,0,0,57.3,2,47,47,1,2,4,0,13,0,0.3,6.5
Montez Sweat,27271,ED,CHI,1,0,,,11.5,,,0,0,0,,6,62.3,64.0,80.1,58.8,63.6,30.0,0,,100.0,1,0,0,0.0,0,3,26,0,0,0,0,0,0,0.0,
Devin Bush,27375,LB,CLV,1,0,-2.0,100.0,94.4,16.0,16.0,0,0,0,0.0,8,76.7,87.5,75.5,71.9,76.4,53.0,0,1,0.0,0,0,0,79.2,1,17,18,1,2,1,0,1,3,0.1,1.0
Joshua Uche,27379,ED,PHI,1,0,,,5.3,,,0,0,0,,24,60.0,93.9,73.9,92.7,,,0,,,0,0,0,0.0,0,1,19,0,0,0,0,0,0,0.0,
Khalil Dorsey,27819,CB,DET,1,0,,,100.0,,,0,0,0,,11,60.0,61.3,67.8,,60.0,,0,,,0,0,0,0.0,0,1,1,0,0,0,0,0,0,0.0,
Dre'Mont Jones,28075,ED,TEN,1,0,,,2.8,,,0,0,0,,31,60.0,58.7,78.4,52.8,65.3,71.9,0,,,0,0,0,0.0,0,1,36,0,0,0,0,0,0,0.0,
Malik Harrison,28081,LB,PIT,1,0,,,100.0,,,0,0,0,,25,60.0,66.5,69.0,,62.6,,0,,,0,0,0,0.0,0,1,1,0,0,0,0,0,0,0.0,
Jerome Baker,28091,LB,CLV,1,1,,,100.0,,,0,0,0,,8,65.0,65.5,67.7,,60.8,74.2,0,,0.0,0,0,0,0.0,0,5,5,0,0,0,0,0,0,0.0,
Troy Dye,28251,LB,LAC,1,0,5.3,100.0,96.2,5.8,5.8,0,0,0,0.0,27,47.4,49.7,75.3,64.9,55.6,80.4,0,37,0.0,0,0,0,158.3,4,25,26,0,3,4,1,55,34,2.4,13.8
DeShon Elliott,28854,S,PIT,1,0,8.0,100.0,88.9,8.0,8.0,0,0,0,0.0,25,63.3,73.0,71.6,59.4,75.3,81.9,0,8,0.0,0,0,0,100.0,1,8,9,1,2,1,0,8,0,1.0,8.0
Jack Jones,29050,CB,MIA,1,1,1.8,60.0,100.0,11.0,6.6,0,0,1,20.0,17,43.7,54.9,79.0,,88.5,59.4,0,20,16.7,1,0,1,92.1,3,34,34,0,4,5,0,48,31,1.5,16.0
Germaine Pratt,29407,LB,LV,1,1,3.3,77.8,84.0,6.0,4.7,0,0,0,0.0,23,67.9,74.6,78.2,60.7,79.9,80.4,0,19,0.0,0,0,0,88.4,7,42,50,2,5,9,0,47,43,1.1,6.7
Logan Wilson,29623,LB,CIN,1,1,2.8,80.0,90.7,8.8,7.0,0,0,1,20.0,7,70.2,89.4,74.0,89.4,88.0,68.0,0,17,20.0,1,1,0,90.8,4,39,43,0,3,5,0,29,31,0.8,7.3
Andrew Van Ginkel,30267,ED,MIN,1,1,5.3,66.7,52.4,10.5,7.0,0,0,1,33.3,18,70.2,65.2,79.3,53.3,63.4,28.9,0,1,40.0,2,1,0,70.1,2,22,42,2,2,3,0,-2,7,-0.1,-1.0
Mike Hughes,34057,CB,ATL,1,0,6.0,40.0,100.0,18.5,7.4,0,0,1,20.0,2,50.6,54.3,77.8,,69.4,76.8,0,11,0.0,0,1,0,47.9,2,38,38,1,1,5,0,14,7,0.4,7.0
Darnell Savage,34247,S,JAX,1,0,23.0,0.0,100.0,,12.0,0,0,0,0.0,15,47.6,44.1,77.9,,60.0,80.6,0,,0.0,0,0,0,39.6,0,25,25,0,2,2,0,0,0,0.0,
Zack Baun,34632,LB,PHI,1,0,6.7,83.3,90.0,6.4,5.3,0,0,1,16.7,24,66.2,71.4,76.4,68.0,68.9,55.4,0,18,25.0,1,1,0,87.5,5,36,40,2,3,6,0,30,13,0.9,6.0
Akeem Davis-Gaither,34788,LB,ARZ,1,0,4.0,50.0,100.0,15.0,7.5,0,0,1,50.0,1,76.2,78.0,73.4,,64.7,29.2,0,6,50.0,1,1,0,56.3,1,15,15,0,1,2,0,6,6,0.4,6.0
Jamel Dean,34918,CB,TB,1,0,11.1,44.4,98.0,11.5,5.1,1,0,4,44.4,30,67.9,67.3,0.0,78.5,65.2,79.9,0,9,0.0,0,1,2,51.6,4,50,51,1,6,9,0,27,3,0.6,6.8
Blake Cashman,35413,LB,MIN,1,0,5.3,100.0,89.7,8.7,8.7,0,0,0,0.0,18,52.1,64.2,75.8,67.2,74.5,33.6,0,16,33.3,1,0,0,111.1,3,26,29,0,2,3,0,32,16,1.2,10.7
Camryn Bynum,38408,S,IND,1,0,,,100.0,,,0,0,1,,14,80.2,87.2,77.7,,68.3,80.1,1,,,0,1,0,0.0,0,28,28,0,0,0,0,0,0,0.0,
Eric Wilson,38587,LB,MIN,1,0,4.5,0.0,72.2,,6.0,0,0,0,0.0,18,45.1,59.3,74.5,37.6,90.9,30.1,0,,100.0,2,0,0,39.6,0,13,18,0,0,2,0,0,0,0.0,
L'Jarius Sneed,40588,CB,TEN,1,0,17.5,0.0,100.0,,7.0,0,0,1,50.0,31,83.3,82.4,74.3,,60.0,76.9,0,,0.0,0,1,0,39.6,0,16,16,0,3,2,0,0,0,0.0,
Alohi Gilman,41662,S,LAC,1,0,3.0,75.0,100.0,15.7,11.8,0,0,0,0.0,27,58.6,62.6,82.3,,70.7,67.5,0,16,20.0,1,0,0,99.0,3,49,49,0,4,4,0,33,15,0.7,11.0
Trevon Diggs,41817,CB,DAL,1,0,,,95.2,,,0,0,0,,9,76.1,70.2,74.7,40.3,60.0,30.1,0,,50.0,1,0,0,0.0,0,20,21,1,1,0,0,0,0,0.0,
Divine Deablo,42208,LB,ATL,1,0,12.0,66.7,76.3,14.0,9.3,0,0,1,33.3,2,69.4,76.0,76.2,69.5,69.5,79.5,0,12,0.0,0,1,0,86.8,2,29,38,1,1,3,0,21,4,0.8,10.5
Antoine Winfield Jr.,42475,S,TB,1,0,19.0,0.0,94.1,,44.0,0,0,1,100.0,30,69.5,75.4,77.6,67.3,69.5,82.6,0,,0.0,0,1,0,39.6,0,48,51,0,1,1,0,0,0,0.0,
Justin Strnad,42659,LB,DEN,1,0,3.0,100.0,85.7,17.0,17.0,0,0,0,0.0,10,66.6,85.3,73.6,84.4,75.5,54.6,0,4,,0,0,0,83.3,1,18,21,1,0,1,0,4,1,0.2,4.0
Kristian Fulton,42894,CB,KC,1,0,14.0,100.0,100.0,13.0,13.0,0,0,0,0.0,16,57.6,52.8,73.7,,51.2,33.1,0,14,0.0,0,0,0,118.8,1,13,13,1,1,1,0,14,0,1.1,14.0
Jonathon Cooper,43021,ED,DEN,1,0,,,4.3,,,0,0,0,,10,60.0,71.6,77.3,59.6,75.4,34.3,0,,100.0,1,0,0,0.0,0,1,23,1,0,0,0,0,0,0.0,
Charvarius Ward,43034,CB,IND,1,0,4.4,100.0,100.0,6.8,6.8,0,0,0,0.0,14,76.6,76.1,76.1,,61.2,49.8,0,7,16.7,1,0,0,89.2,5,35,35,2,5,5,0,27,5,0.8,5.4
Brandon Jones,43049,S,DEN,1,1,13.3,33.3,100.0,33.0,11.0,0,0,0,0.0,10,47.6,52.4,73.5,,70.6,43.4,0,14,33.3,1,0,0,49.3,1,35,35,0,1,3,0,14,11,0.4,14.0
Devin White,43089,LB,LV,1,0,5.2,40.0,88.9,23.5,9.4,0,0,0,0.0,23,60.9,67.3,76.8,74.0,66.2,83.9,0,7,0.0,0,0,0,47.9,2,48,54,1,3,5,0,14,7,0.3,7.0
Jeremy Chinn,43179,S,LV,1,0,13.5,50.0,98.1,52.0,26.0,0,0,0,0.0,23,64.0,70.1,77.4,59.2,76.9,80.7,0,2,0.0,0,0,0,95.8,1,53,54,0,2,2,1,2,0,0.0,2.0
Mack Wilson Sr.,43190,LB,ARZ,1,0,2.8,100.0,94.3,7.7,7.7,0,0,1,16.7,1,61.7,54.6,76.7,84.4,36.2,66.8,0,11,0.0,0,1,0,87.5,6,50,53,1,4,6,0,30,13,0.7,5.0
Joe Bachie,43250,LB,IND,1,1,4.0,100.0,86.7,6.5,6.5,0,0,0,0.0,14,66.0,55.9,72.4,55.9,47.1,78.9,0,11,0.0,0,0,0,91.7,2,13,15,1,1,2,0,12,4,0.9,6.0
Josh Metellus,43395,S,MIN,1,1,4.0,33.3,95.7,43.0,14.3,0,0,0,0.0,18,72.1,75.6,78.6,58.5,65.6,81.8,0,4,0.0,0,0,0,42.4,1,45,47,2,3,3,0,4,3,0.1,4.0
Alex Highsmith,43507,ED,PIT,1,0,11.5,50.0,12.5,3.0,1.5,0,0,0,0.0,25,27.4,58.1,77.4,85.0,58.1,54.2,0,24,0.0,0,0,0,93.8,1,3,24,1,2,2,0,24,8,8.0,24.0
Darrell Baker Jr.,43542,CB,TEN,1,0,6.5,100.0,100.0,7.3,7.3,0,0,0,0.0,31,67.3,67.7,77.9,,63.4,78.8,0,22,0.0,0,0,0,154.2,4,32,32,2,4,4,1,46,22,1.6,11.5
Pat Jones II,43974,ED,CAR,1,0,,,4.2,,,0,0,0,,5,58.9,50.5,77.1,51.2,56.3,72.8,0,,,0,0,0,0.0,0,1,24,0,0,0,0,0,0,0.0,
Byron Murphy Jr.,44027,CB,MIN,1,0,10.2,100.0,100.0,8.8,8.8,0,0,0,0.0,18,41.5,40.3,0.0,,65.2,28.9,0,30,40.0,2,0,2,158.3,5,47,47,1,3,5,1,64,22,1.5,12.8
Nnamdi Madubuike,44304,DI,BLT,1,0,,,2.4,,,0,0,0,,3,60.0,84.8,7.0,77.3,82.8,71.7,0,,,0,0,1,0.0,0,1,41,1,0,0,0,0,0,0.0,
Brian Burns,44522,ED,NYG,1,0,12.0,100.0,7.1,2.0,2.0,0,0,0,0.0,21,46.7,71.0,78.3,66.6,76.3,76.8,0,16,,0,0,0,118.8,1,2,28,2,0,1,0,16,4,8.0,16.0
D.J. Wonnum,44550,ED,CAR,1,0,,,7.1,,,0,0,0,,5,61.0,62.7,76.9,62.7,58.4,28.8,0,,100.0,1,0,0,0.0,0,2,28,0,0,0,0,0,0,0.0,
Jordan Fuller,45326,S,ATL,1,0,,,100.0,,,0,0,0,,2,60.0,60.1,64.4,,,,0,,,0,0,0,0.0,0,1,1,0,0,0,0,0,0,0.0,
Brandon Stephens,45644,CB,NYJ,1,0,10.3,71.4,97.2,6.6,4.7,0,1,1,14.3,22,51.4,53.5,76.5,66.7,55.0,57.3,0,21,0.0,0,0,1,136.9,5,35,36,1,3,7,2,60,26,1.8,12.0
Da'Shawn Hand,48386,DI,LAC,1,0,,,3.7,,,0,0,0,,27,60.0,58.3,76.5,63.5,50.8,28.4,0,,,0,0,0,0.0,0,1,27,1,0,0,0,0,0,0.0,
Anthony Nelson,48405,ED,TB,1,0,,,7.7,,,0,0,0,,30,60.0,61.9,77.6,50.6,69.4,69.2,0,,,0,0,0,0.0,0,1,13,0,0,0,0,0,0,0.0,
Jonathan Greenard,48407,ED,MIN,1,0,,,16.3,,,0,0,0,,18,62.7,65.9,78.8,56.9,71.7,73.6,0,,,0,0,0,0.0,0,7,43,0,0,0,0,0,0,0.0,
Mike Danna,48415,ED,KC,1,0,,,10.0,,,0,0,0,,16,60.4,46.7,80.5,47.4,50.9,71.2,0,,,0,0,0,0.0,0,3,30,0,0,0,0,0,0,0.0,
Tyquan Lewis,48475,ED,IND,1,1,-4.0,100.0,10.0,2.0,2.0,0,0,0,0.0,14,62.8,50.9,75.0,54.1,60.0,69.9,0,4,0.0,0,0,0,83.3,1,2,20,0,0,1,0,4,8,2.0,4.0
Carl Granderson,48500,ED,NO,1,0,-1.0,50.0,37.1,12.0,6.0,0,0,1,50.0,20,83.9,67.0,78.2,52.5,59.0,52.5,0,-3,50.0,1,1,0,56.3,1,13,35,3,1,2,0,-3,3,-0.3,-3.0
Bradley Chubb,48526,ED,MIA,1,0,8.0,100.0,22.7,4.0,4.0,0,0,0,0.0,17,63.5,57.4,76.8,56.0,56.4,72.8,0,8,,0,0,0,100.0,1,5,22,1,0,1,0,8,0,2.0,8.0
Dorance Armstrong,48557,ED,WAS,1,0,-1.0,100.0,3.1,1.0,1.0,0,0,0,0.0,32,63.2,67.0,0.0,71.5,62.7,74.1,0,5,0.0,0,0,1,87.5,1,1,32,3,2,1,0,5,6,5.0,5.0
Harold Landry III,48600,ED,NE,1,0,,,14.7,,,0,0,0,,19,63.0,80.5,80.2,75.8,68.8,74.7,0,,,0,0,0,0.0,0,5,34,3,0,0,0,0,0,0.0,
Vita Vea,48956,DI,TB,1,0,,,2.8,,,0,0,0,,30,60.0,60.4,1.7,70.3,59.1,70.3,0,,,0,0,1,0.0,0,1,36,0,0,0,0,0,0,0.0,
Nick Scott,49012,S,CAR,1,1,,,100.0,,,0,0,1,,5,69.6,67.7,78.2,,54.5,56.7,0,,0.0,0,0,0,0.0,0,34,34,0,0,0,0,0,0,0.0,
Justin Reid,49048,S,NO,1,0,14.5,50.0,100.0,38.0,19.0,0,0,0,0.0,20,49.6,55.4,76.7,,76.6,56.7,0,11,25.0,1,0,0,66.7,1,42,42,0,3,2,0,11,6,0.3,11.0
Jalen Thompson,49116,S,ARZ,1,0,11.0,60.0,96.2,15.7,9.4,0,0,1,20.0,1,59.3,63.1,76.0,54.8,73.0,82.8,0,12,0.0,0,1,0,80.4,3,51,53,0,5,5,0,34,15,0.7,11.3
Jessie Bates III,49162,S,ATL,1,1,19.0,100.0,97.4,12.0,12.0,0,0,0,0.0,2,41.6,50.6,73.0,59.1,79.6,83.2,0,30,0.0,0,0,0,158.3,3,37,38,1,1,3,2,56,5,1.6,18.7
Andrew Wingard,49268,S,JAX,1,1,2.5,100.0,83.3,16.5,16.5,0,0,0,0.0,15,60.8,70.3,77.9,62.2,80.2,51.9,0,6,50.0,2,0,0,79.2,2,35,42,0,1,2,0,5,0,0.2,2.5
Carlton Davis III,49335,CB,NE,1,2,18.0,42.9,97.5,13.0,5.6,0,0,2,28.6,19,56.3,57.7,77.3,60.0,63.7,77.8,0,36,0.0,0,2,0,78.3,3,39,40,1,2,7,0,68,9,1.7,22.7
Jaire Alexander,49350,CB,BLT,1,1,19.7,100.0,100.0,9.0,9.0,0,0,0,0.0,3,28.9,29.8,76.2,,68.0,45.2,0,32,25.0,1,0,1,118.8,3,30,30,0,2,3,0,83,24,3.1,27.7
Isaac Yiadom,49355,CB,NO,1,1,7.2,80.0,100.0,9.5,7.6,0,0,0,0.0,20,63.2,55.0,77.9,,28.9,29.2,0,12,25.0,1,0,0,96.7,4,42,42,1,2,5,0,36,20,0.9,9.0
C.J. Gardner-Johnson,49371,S,HST,1,0,16.3,100.0,94.1,7.5,7.5,0,0,0,0.0,13,41.5,47.8,75.4,55.7,72.3,53.3,0,36,33.3,1,0,0,118.8,4,32,34,1,2,4,0,74,9,2.5,18.5
Donte Jackson,49377,CB,LAC,1,0,7.7,33.3,100.0,18.0,6.0,0,1,1,16.7,27,78.0,77.7,77.4,,62.0,77.1,0,6,0.0,0,1,0,42.4,2,36,36,2,3,6,0,9,3,0.3,4.5
Cam Lewis,49395,S,BUF,1,0,,,100.0,,,0,0,0,,4,63.9,70.5,70.2,,66.2,77.2,0,,0.0,0,0,0,0.0,0,7,7,0,1,0,0,0,0,0.0,
Donovan Wilson,49408,S,DAL,1,0,2.0,100.0,100.0,17.0,17.0,0,0,0,0.0,9,66.5,74.4,75.5,,75.3,78.5,0,3,0.0,0,0,0,79.2,2,34,34,0,1,2,0,4,0,0.1,2.0
Julian Blackmon,49434,S,NO,1,2,0.0,66.7,100.0,19.0,12.7,0,0,0,0.0,20,76.6,82.4,77.0,,69.2,83.7,0,4,0.0,0,0,0,70.1,2,42,42,2,3,3,0,7,10,0.2,3.5
Taron Johnson,49511,CB,BUF,1,0,-1.5,100.0,90.0,8.5,8.5,0,0,0,0.0,4,76.4,70.3,73.7,54.6,55.7,77.3,0,9,0.0,0,0,0,87.5,2,18,20,1,1,2,0,10,13,0.6,5.0
Nick McCloud,49535,CB,CHI,1,0,5.0,50.0,92.6,21.0,10.5,0,0,0,0.0,6,43.1,44.1,75.3,56.8,55.1,,0,2,,0,0,0,56.3,1,25,27,0,0,2,0,2,0,0.1,2.0
Denzel Ward,49558,CB,CLV,1,0,9.2,50.0,96.6,9.0,4.5,0,0,1,16.7,8,72.6,62.7,76.4,58.8,34.8,25.4,0,10,50.0,2,1,0,56.3,3,28,29,1,2,6,0,18,10,0.7,6.0
Ashtyn Davis,49560,S,MIA,1,0,,,100.0,,,0,0,0,,17,60.6,28.1,69.7,,27.9,26.7,0,,,0,0,0,0.0,0,2,2,0,0,0,0,0,0,0.0,
Quincy Williams,49779,LB,NYJ,1,0,-0.2,100.0,86.1,5.8,5.8,0,0,0,0.0,22,63.9,58.8,0.0,67.4,58.6,50.7,0,22,0.0,0,0,1,134.6,5,31,36,3,3,5,1,34,35,1.2,6.8
Azeez Al-Shaair,49792,LB,HST,1,0,-1.0,100.0,88.2,29.0,29.0,0,0,0,0.0,13,83.9,80.8,75.9,65.2,59.3,80.0,0,-7,0.0,0,0,0,79.2,1,30,34,1,3,1,0,-7,-6,-0.2,-7.0
Zaire Franklin,49834,LB,IND,1,1,10.4,60.0,82.1,7.3,4.4,0,0,0,0.0,14,38.7,30.2,0.0,51.9,56.5,78.4,0,16,0.0,0,0,1,80.4,3,23,28,1,4,5,0,34,5,1.5,11.3
Christian Rozeboom,49862,LB,CAR,1,0,2.0,100.0,94.1,15.5,15.5,0,0,0,0.0,5,53.3,62.7,75.7,55.9,72.9,58.3,0,10,20.0,1,0,0,95.8,2,32,34,1,4,2,0,14,10,0.5,7.0
Arden Key,50201,ED,TEN,1,0,,,5.0,,,0,0,0,,31,58.5,52.1,76.7,48.8,66.1,27.6,0,,50.0,1,0,0,0.0,0,2,40,1,1,0,0,0,0,0.0,
Oren Burks,50203,LB,CIN,1,0,-6.0,100.0,100.0,5.5,5.5,0,0,0,0.0,7,42.7,56.3,72.2,,74.8,28.7,0,12,50.0,1,0,1,85.4,2,12,12,1,1,2,0,9,21,0.8,4.5
Josh Hines-Allen,50235,ED,JAX,1,0,,,11.8,,,0,0,0,,15,63.9,80.0,80.3,86.2,49.4,,0,,,0,0,0,0.0,0,4,34,0,0,0,0,0,0,0.0,
Marcus Davenport,50291,ED,DET,1,0,20.0,100.0,6.7,1.0,1.0,0,0,0,0.0,11,60.0,55.1,77.6,62.0,61.2,72.0,0,26,,0,0,0,118.8,1,1,15,0,0,1,0,26,6,26.0,26.0
Jeremy Reaves,50406,S,WAS,1,0,3.0,50.0,100.0,10.0,5.0,0,0,1,50.0,32,70.0,73.5,73.4,,,77.2,0,11,0.0,0,1,0,66.7,1,11,11,1,1,2,0,11,7,1.1,11.0
Juan Thornhill,50426,S,PIT,1,3,4.0,100.0,100.0,23.0,23.0,0,0,0,0.0,25,54.4,61.6,75.7,,74.6,86.8,0,7,0.0,0,0,0,95.8,1,24,24,0,1,1,0,7,3,0.3,7.0
Mike Jackson,50437,CB,CAR,1,0,13.3,66.7,100.0,16.5,11.0,0,0,1,33.3,5,78.3,73.6,77.8,,52.4,44.9,0,23,0.0,0,1,0,86.8,2,34,34,1,3,3,0,21,4,0.6,10.5
Luke Gifford,50675,LB,SF,1,0,,,100.0,,,0,0,0,,28,64.2,72.1,73.7,,69.0,72.0,0,,,0,0,0,0.0,0,6,6,0,0,0,0,0,0,0.0,
Cody Barton,50727,LB,TEN,1,0,2.0,75.0,89.6,12.7,9.5,0,0,0,0.0,31,57.1,54.4,77.0,53.6,55.5,81.9,0,12,0.0,0,0,0,81.3,3,43,48,1,2,4,0,16,2,0.4,5.3
Jordyn Brooks,50851,LB,MIA,1,1,0.5,100.0,79.4,13.5,13.5,0,0,0,0.0,17,57.9,58.9,78.3,61.3,59.0,82.2,0,15,0.0,0,0,0,108.3,2,27,34,0,1,2,0,20,19,0.7,10.0
Roquan Smith,50892,LB,BLT,1,1,3.8,100.0,98.3,10.4,10.4,0,0,0,0.0,3,61.5,71.3,77.8,59.1,83.3,51.6,0,51,22.2,2,0,0,118.8,5,58,59,1,6,5,0,75,56,1.4,15.0
Tremaine Edmunds,50905,LB,CHI,1,0,5.0,80.0,80.6,5.3,4.2,0,0,1,20.0,6,62.0,67.0,74.0,49.9,71.9,56.0,0,9,25.0,1,1,0,85.0,4,25,31,2,3,5,0,22,13,1.0,5.5
Robert Spillane,50918,LB,NE,1,0,4.0,100.0,80.0,10.7,10.7,0,0,0,0.0,19,43.0,44.4,76.7,38.9,69.9,26.7,0,12,50.0,3,0,0,102.8,3,32,40,2,3,3,0,26,14,0.8,8.7
Bobby Okereke,50954,LB,NYG,1,4,3.0,100.0,94.9,8.3,8.3,0,0,0,0.0,21,52.0,53.7,76.4,55.9,60.5,73.0,0,15,0.0,0,0,0,114.6,4,37,39,0,4,4,0,46,34,1.4,11.5
Frankie Luvu,51028,LB,WAS,1,1,0.2,80.0,68.6,8.3,6.6,0,0,0,0.0,32,47.9,53.7,76.5,49.3,73.9,29.4,0,8,50.0,3,0,0,89.2,4,35,51,1,2,5,0,27,28,0.8,6.8
Tyrel Dodson,51045,LB,MIA,1,1,1.0,100.0,79.4,8.7,8.7,0,0,0,0.0,17,55.3,76.3,76.8,47.9,90.1,53.0,0,6,40.0,2,0,0,86.1,3,27,34,1,2,3,0,14,11,0.5,4.7
Julian Love,51081,S,SEA,1,0,,,95.2,,,0,0,0,,29,52.1,57.3,75.7,71.2,66.6,86.1,0,,0.0,0,0,1,0.0,0,40,42,1,4,0,0,0,0,0.0,
Marcelino McCrary-Ball,51112,LB,NYJ,1,0,8.0,100.0,100.0,8.0,8.0,0,0,0,0.0,22,52.8,54.8,68.8,,61.4,73.9,0,10,0.0,0,0,0,108.3,1,9,9,0,1,1,0,10,2,1.3,10.0
Taylor Rapp,51172,S,BUF,1,0,9.5,100.0,100.0,5.5,5.5,0,0,0,0.0,4,29.8,29.1,73.7,,48.7,58.4,0,39,0.0,0,0,0,118.8,4,23,23,0,3,4,0,72,34,3.3,18.0
Minkah Fitzpatrick,51206,S,MIA,1,0,10.0,0.0,94.1,,15.5,0,0,0,0.0,17,67.9,65.5,79.8,54.3,55.9,52.6,0,,0.0,0,0,0,39.6,0,32,34,0,5,2,0,0,0,0.0,
Fred Warner,51222,LB,SF,1,0,7.5,100.0,89.3,11.5,11.5,0,0,0,0.0,28,61.3,71.7,77.7,53.8,77.0,67.1,0,18,0.0,0,0,0,108.3,2,25,28,0,2,2,0,20,5,0.9,10.0
Drue Tranquill,51276,LB,KC,1,1,,,71.4,,,0,0,0,,16,52.1,66.4,75.9,75.1,69.8,47.0,0,,0.0,0,0,0,0.0,0,25,35,2,1,0,0,0,0,0.0,
Terrell Edmunds,51334,S,LV,1,0,,,100.0,,,0,0,0,,23,60.0,60.0,62.9,,,,0,,,0,0,0,0.0,0,1,1,0,0,0,0,0,0,0.0,
Will Harris,51336,S,WAS,1,0,-2.0,0.0,100.0,,44.0,0,0,0,0.0,32,82.5,84.3,77.2,,63.5,80.8,0,,0.0,0,0,0,39.6,0,50,50,1,3,1,0,0,0,0.0,
Derwin James Jr.,51368,S,LAC,1,0,0.3,66.7,91.8,10.8,7.2,0,0,0,0.0,27,77.9,81.3,75.5,63.5,76.3,79.6,0,7,0.0,0,0,0,70.1,4,45,49,4,4,6,0,14,16,0.3,3.5
Amani Hooker,51378,S,TEN,1,0,5.3,33.3,97.9,42.0,14.0,0,1,1,33.3,31,51.5,47.2,0.0,59.1,57.5,27.5,0,8,50.0,1,1,1,42.4,1,47,48,0,1,3,0,8,2,0.2,8.0
Jaylinn Hawkins,51423,S,NE,1,0,16.0,100.0,97.5,13.0,13.0,0,0,0,0.0,19,44.6,38.1,0.0,73.5,54.6,29.0,1,38,50.0,2,0,1,118.8,3,39,40,1,2,3,1,88,47,2.3,29.3
Kaden Elliss,51485,LB,ATL,1,0,3.8,80.0,76.3,7.3,5.8,0,0,1,20.0,2,43.7,41.2,75.7,41.0,58.8,30.9,0,19,40.0,2,1,0,136.3,4,29,38,1,3,5,1,36,22,1.2,9.0
Kenny Moore II,51596,CB,IND,1,0,0.8,75.0,86.1,10.0,7.5,0,0,1,25.0,14,64.3,74.1,75.9,92.0,60.4,26.8,0,11,66.7,2,1,0,130.2,3,31,36,1,1,4,1,25,35,0.8,8.3
Paulson Adebo,52280,CB,NYG,1,0,14.6,40.0,100.0,18.5,7.4,0,0,0,0.0,21,54.6,56.6,77.7,,62.8,80.6,0,14,0.0,0,0,0,50.4,2,41,41,1,4,5,0,18,9,0.5,9.0
Ivan Pace Jr.,53587,LB,MIN,1,0,3.7,66.7,72.4,5.3,3.5,0,0,0,0.0,18,28.5,30.0,0.0,63.7,64.7,54.6,0,12,50.0,1,0,1,79.2,4,21,29,1,1,6,0,31,8,1.5,7.8
Carrington Valentine,53750,CB,GB,1,1,10.3,66.7,97.7,21.0,14.0,0,0,0,0.0,12,75.8,72.6,79.1,60.0,55.0,53.2,0,13,0.0,0,0,0,130.6,2,43,44,0,1,3,1,24,9,0.6,12.0
Malcolm Koonce,55015,ED,LV,1,0,18.0,100.0,3.3,1.0,1.0,0,0,0,0.0,23,60.0,53.0,80.0,61.2,66.0,72.4,0,27,,0,0,0,118.8,1,1,30,1,0,1,0,27,9,27.0,27.0
Coby Bryant,55088,S,SEA,1,0,11.7,100.0,100.0,13.0,13.0,0,0,0,0.0,29,52.9,50.1,79.8,,53.9,59.6,0,26,0.0,0,0,0,118.8,3,42,42,1,4,3,0,43,8,1.1,14.3
Boye Mafe,55220,ED,SEA,1,0,,,20.0,,,0,0,0,,29,64.4,64.0,78.0,66.3,55.5,27.7,0,,0.0,0,0,0,0.0,0,6,30,1,1,0,0,0,0,0.0,
Tycen Anderson,55351,S,CIN,1,1,,,100.0,,,0,0,0,,7,73.6,77.4,72.5,,60.0,77.7,0,,0.0,0,0,0,0.0,0,5,5,1,1,0,0,0,0,0.0,
A.J. Terrell,55586,CB,ATL,1,0,14.3,42.9,100.0,12.3,5.3,0,1,2,28.6,2,64.4,69.7,76.4,,82.5,79.8,0,14,0.0,0,1,0,54.5,3,38,38,0,3,7,0,28,4,0.8,9.3
Amik Robertson,55619,CB,DET,1,0,,,100.0,,,0,0,0,,11,69.1,70.7,74.7,,66.4,74.8,0,,0.0,0,0,0,0.0,0,14,14,0,1,0,0,0,0,0.0,
Jeff Okudah,55674,CB,MIN,1,0,3.5,100.0,100.0,6.5,6.5,0,0,0,0.0,18,34.9,36.8,74.1,,60.0,74.7,0,7,0.0,0,0,0,95.8,2,14,14,0,2,2,0,14,7,1.1,7.0
Deommodore Lenoir,55686,CB,SF,1,0,17.0,0.0,100.0,,26.0,0,0,1,100.0,28,75.6,61.7,0.0,,57.6,75.1,0,,0.0,0,0,2,39.6,0,28,28,0,1,1,0,0,0,0.0,
Marcus Jones,55717,CB,NE,1,0,8.5,50.0,92.6,12.5,6.3,0,0,1,25.0,19,52.1,54.2,75.2,53.5,66.7,64.7,0,30,0.0,0,1,0,79.2,2,25,27,1,2,4,0,34,14,1.4,17.0
Xavier McKinney,55775,S,GB,1,1,14.0,100.0,100.0,43.0,43.0,0,0,0,0.0,12,57.4,54.7,0.0,,65.5,83.1,0,32,0.0,0,0,1,118.8,1,44,44,0,3,1,0,32,18,0.7,32.0
Kamren Curl,55800,S,LA,1,0,3.6,100.0,100.0,6.8,6.8,0,0,0,0.0,26,50.4,58.7,78.8,,77.6,84.9,0,16,0.0,0,0,0,105.8,5,38,38,0,4,5,0,47,29,1.4,9.4
Eric Stokes,55912,CB,LV,1,2,9.6,71.4,100.0,10.6,7.6,0,0,1,14.3,23,50.6,52.2,78.7,,62.6,56.6,0,14,20.0,1,0,0,87.2,5,54,54,0,2,7,0,43,2,0.8,8.6
Bryan Cook,55940,S,KC,1,0,5.0,100.0,100.0,41.0,41.0,0,0,0,0.0,16,62.3,68.2,77.5,,73.9,55.9,0,15,33.3,1,0,0,118.8,1,43,43,0,2,1,0,15,10,0.4,15.0
Tony Adams,55953,S,NYJ,1,0,5.3,100.0,94.4,10.7,10.7,0,0,0,0.0,22,41.9,39.4,73.6,58.9,55.3,38.3,0,30,40.0,2,0,0,118.8,3,34,36,0,3,3,0,56,40,1.8,18.7
Geno Stone,55967,S,CIN,1,3,10.0,0.0,100.0,,43.0,0,0,0,0.0,7,63.6,67.7,82.7,,67.6,84.4,0,,0.0,0,0,0,39.6,0,48,48,0,2,1,0,0,0,0.0,
Benjamin St-Juste,56061,CB,LAC,1,0,,,100.0,,,0,0,0,,27,63.0,63.2,69.8,,,,0,,,0,0,0,0.0,0,4,4,0,0,0,0,0,0,0.0,
Reed Blankenship,56065,S,PHI,1,1,-4.5,100.0,100.0,17.5,17.5,0,0,0,0.0,24,72.2,70.9,78.3,,49.6,82.6,0,3,0.0,0,0,1,79.2,2,40,40,1,2,2,0,0,9,0.0,0.0
Ty Okada,56089,S,SEA,1,0,2.5,100.0,100.0,2.0,2.0,0,0,0,0.0,29,35.6,30.0,68.3,,60.0,23.7,0,11,100.0,1,0,0,139.6,2,5,5,0,0,2,1,16,11,4.0,8.0
Jason Pinnock,56144,S,SF,1,0,10.0,100.0,100.0,26.0,26.0,0,0,0,0.0,28,51.2,53.1,76.8,,66.0,81.8,0,11,0.0,0,0,0,112.5,1,28,28,0,2,1,0,11,1,0.4,11.0
DaRon Bland,56158,CB,DAL,1,0,-4.0,100.0,91.2,31.0,31.0,0,0,0,0.0,9,70.4,53.6,76.0,38.5,29.2,26.3,0,8,50.0,2,0,0,100.0,1,31,34,1,2,1,0,8,12,0.3,8.0
Keisean Nixon,56167,CB,GB,1,2,6.3,100.0,97.7,10.5,10.5,0,0,0,0.0,12,69.4,66.9,77.5,56.2,55.4,57.1,0,19,16.7,1,0,0,110.4,4,43,44,2,3,4,0,42,17,1.0,10.5
Ifeatu Melifonwu,56203,S,MIA,1,0,4.0,100.0,92.9,13.0,13.0,0,0,0,0.0,17,51.3,49.0,73.8,59.5,55.6,70.2,0,8,0.0,0,0,0,95.8,2,26,28,1,3,2,0,14,6,0.5,7.0
Quentin Lake,56245,S,LA,1,0,4.7,33.3,86.8,29.0,9.7,1,0,0,0.0,26,39.3,39.4,77.5,52.9,49.3,27.0,0,15,0.0,0,0,2,50.7,1,33,38,0,1,3,0,15,2,0.5,15.0
Darnay Holmes,56247,CB,LV,1,1,9.0,83.3,91.3,4.2,3.5,0,0,0,0.0,23,30.1,35.2,75.4,67.9,60.0,76.2,0,24,0.0,0,0,0,117.4,5,21,23,0,1,6,0,73,26,3.5,14.6
Elijah Molden,56290,S,LAC,1,0,,,100.0,,,0,0,0,,27,57.3,57.4,73.3,,60.0,51.3,0,,20.0,1,0,0,0.0,0,45,45,1,4,0,0,0,0,0.0,
Chris Rumph II,56345,ED,NO,1,0,,,40.0,,,0,0,0,,20,63.3,64.6,76.3,51.9,69.5,70.5,0,,0.0,0,0,0,0.0,0,6,15,0,1,0,0,0,0,0.0,
Yetur Gross-Matos,56444,ED,SF,1,0,,,6.7,,,0,0,0,,28,60.0,60.9,74.0,74.2,50.5,,0,,,0,0,0,0.0,0,1,15,0,0,0,0,0,0,0.0,
Milton Williams,56682,DI,NE,1,0,,,8.8,,,0,0,0,,19,56.4,72.4,77.6,75.9,63.0,68.7,0,,,0,0,0,0.0,0,3,34,0,0,0,0,0,0,0.0,
Kwity Paye,56713,ED,IND,1,0,,,20.0,,,0,0,0,,14,63.5,59.0,75.2,56.3,58.7,24.6,0,,,0,0,0,0.0,0,4,20,0,0,0,0,0,0,0.0,
Arnold Ebiketie,56862,ED,ATL,1,0,0.0,100.0,12.5,2.0,2.0,0,0,0,0.0,2,80.1,74.4,74.9,59.1,65.8,74.7,0,0,0.0,0,0,0,79.2,1,2,16,1,2,1,0,0,0,0.0,0.0
Jaelan Phillips,56902,ED,MIA,1,0,1.0,100.0,22.7,5.0,5.0,0,0,0,0.0,17,43.7,54.7,77.3,58.5,62.0,72.3,0,14,,0,0,0,118.8,1,5,22,0,0,1,0,14,13,2.8,14.0
Dayo Odeyingbo,56923,ED,CHI,1,0,,,10.7,,,0,0,0,,6,63.2,63.4,1.5,72.8,56.2,71.2,0,,,0,0,2,0.0,0,3,28,1,0,0,0,0,0,0.0,
Jalen Pitre,57737,S,HST,1,0,10.0,66.7,87.5,13.0,8.7,0,0,0,0.0,13,58.2,59.4,74.4,75.3,53.4,28.0,0,24,33.3,1,0,0,109.7,2,28,32,0,2,3,0,43,22,1.7,21.5
Terrel Bernard,57739,LB,BUF,1,1,17.0,0.0,78.3,,18.0,0,0,0,0.0,4,46.8,29.7,75.8,49.6,33.0,74.8,0,,0.0,0,0,0,39.6,0,18,23,0,1,1,0,0,0,0.0,
Isaiah McDuffie,57754,LB,GB,1,0,-6.0,100.0,100.0,5.0,5.0,0,0,0,0.0,12,49.4,55.7,72.6,,62.8,79.3,0,2,0.0,0,0,0,79.2,1,5,5,0,1,1,0,2,8,0.4,2.0
Nate Landman,57788,LB,LA,1,1,-0.5,50.0,86.5,30.0,15.0,0,0,1,50.0,26,90.8,91.2,77.1,62.4,73.3,81.2,0,8,0.0,0,0,0,60.4,1,32,37,3,4,2,0,8,11,0.3,8.0
Ventrell Miller,57809,LB,JAX,1,0,21.0,0.0,100.0,,8.0,0,0,0,0.0,15,51.7,44.9,71.5,,50.3,74.0,0,,0.0,0,0,0,39.6,0,8,8,0,1,1,0,0,0,0.0,
Jake Hummel,57879,LB,BLT,1,0,,,100.0,,,0,0,0,,3,60.0,62.8,64.1,,,,0,,,0,0,0,0.0,0,1,1,0,0,0,0,0,0,0.0,
Patrick Queen,57941,LB,PIT,1,0,5.0,100.0,84.6,7.0,7.0,0,0,0,0.0,25,52.3,69.9,75.3,63.3,78.0,81.5,0,13,0.0,0,0,0,97.2,3,22,26,0,3,3,0,22,7,1.0,7.3
K'Lavon Chaisson,57945,ED,NE,1,0,,,8.0,,,0,0,0,,19,60.9,59.3,80.8,53.4,62.3,30.0,0,,,0,0,0,0.0,0,2,25,0,0,0,0,0,0,0.0,
Pete Werner,58093,LB,NO,1,0,4.0,80.0,86.5,7.3,5.8,0,0,0,0.0,20,50.3,37.7,74.2,52.5,38.3,46.3,0,25,0.0,0,0,0,99.2,4,32,37,1,5,5,0,39,24,1.3,9.8
Baron Browning,58095,ED,ARZ,1,1,-3.0,100.0,21.4,2.0,2.0,0,0,0,0.0,1,58.8,56.0,77.6,56.6,56.6,42.6,0,8,50.0,1,0,0,98.6,3,6,28,1,0,3,0,23,32,3.8,7.7
Kenneth Murray Jr.,58099,LB,DAL,1,3,1.3,100.0,94.1,10.7,10.7,0,0,0,0.0,9,48.4,30.0,74.5,56.3,27.8,62.3,0,8,12.5,1,0,0,93.1,3,32,34,2,4,3,0,19,15,0.6,6.3
Derrick Barnes,58120,LB,DET,1,0,5.0,50.0,60.0,12.0,6.0,0,0,0,0.0,11,62.8,69.1,75.7,68.3,64.9,76.7,0,1,50.0,1,0,0,56.3,1,12,20,1,1,2,0,1,1,0.1,1.0
Devin Lloyd,58238,LB,JAX,1,0,,,72.7,,,0,0,0,,15,78.7,86.9,74.4,83.3,63.2,77.0,0,,0.0,0,0,0,0.0,0,8,11,1,1,0,0,0,0,0.0,
Daniel Scott,60640,S,IND,1,0,,,100.0,,,0,0,0,,14,61.9,62.8,71.2,,,,0,,,0,0,0,0.0,0,9,9,0,0,0,0,0,0,0.0,
Michael Carter II,60644,CB,NYJ,1,1,2.8,75.0,96.0,7.7,5.8,0,1,0,0.0,22,50.7,51.8,77.4,60.0,58.1,42.7,0,31,0.0,0,0,0,100.0,3,24,25,0,1,4,0,34,39,1.5,11.3
Grant Delpit,60685,S,CLV,1,0,7.5,100.0,100.0,14.5,14.5,0,0,0,0.0,8,61.9,70.4,75.2,,79.5,76.3,0,14,,0,0,0,106.3,2,30,30,0,0,2,0,19,4,0.7,9.5
Isaiah Pola-Mao,60781,S,LV,1,0,9.3,33.3,100.0,53.0,17.7,0,0,0,0.0,23,63.2,66.1,78.6,,65.6,65.5,1,-1,14.3,1,0,0,2.8,1,54,54,2,6,3,0,-1,0,0.0,-1.0
Noah Igbinoghene,61155,CB,WAS,1,0,17.0,66.7,100.0,2.5,1.7,0,0,1,33.3,32,25.5,24.3,68.7,,,79.4,0,21,0.0,0,1,0,109.7,2,5,5,0,1,3,0,41,7,8.2,20.5
Daiyan Henley,61500,LB,LAC,1,1,-1.0,100.0,93.9,44.0,44.0,0,0,0,0.0,27,65.8,68.7,74.9,63.7,66.4,81.5,0,6,0.0,0,0,0,91.7,1,46,49,1,1,1,0,6,7,0.1,6.0
Tariq Woolen,61790,CB,SEA,1,0,19.5,75.0,100.0,13.0,9.8,2,0,1,25.0,29,34.9,37.4,0.0,,68.1,78.0,0,45,0.0,0,1,2,156.3,3,42,42,0,3,4,1,73,11,1.9,24.3
Christian Elliss,61853,LB,NE,1,1,6.7,100.0,75.9,3.7,3.7,0,0,0,0.0,19,28.5,28.1,72.7,51.5,49.3,29.3,0,23,22.2,2,0,0,114.6,6,22,29,1,6,6,0,69,29,3.1,11.5
Theo Jackson,62919,S,MIN,1,0,19.0,66.7,97.9,22.0,14.7,0,0,0,0.0,18,49.3,44.9,79.4,59.1,51.7,40.1,0,31,25.0,1,0,0,109.7,2,46,47,0,3,3,0,43,6,1.0,21.5
Jack Cochrane,63345,LB,KC,1,0,,,50.0,,,0,0,0,,16,60.0,48.3,69.9,59.1,54.1,,0,,,0,0,0,0.0,0,1,2,0,0,0,0,0,0,0.0,
Zyon McCollum,66769,CB,TB,1,2,6.8,66.7,100.0,11.5,7.7,0,1,0,0.0,30,72.8,77.0,78.2,,85.0,81.1,0,12,0.0,0,0,0,78.5,4,50,50,0,4,6,0,30,19,0.7,7.5
Dennis Gardeck,66928,LB,JAX,1,0,0.0,100.0,80.0,8.0,8.0,0,0,0,0.0,15,77.5,79.7,74.2,57.8,66.2,72.8,0,2,0.0,0,0,0,79.2,1,8,10,0,1,1,0,2,2,0.3,2.0
Jonathan Owens,66930,S,CHI,1,0,,,100.0,,,0,0,0,,6,71.6,74.9,72.3,,,73.3,0,,,0,0,0,0.0,0,8,8,0,0,0,0,0,0,0.0,
Tavierre Thomas,66931,S,MIN,1,0,,,100.0,,,0,0,0,,18,60.0,60.0,69.3,,60.0,,0,,,0,0,0,0.0,0,1,1,0,0,0,0,0,0,0.0,
Trent McDuffie,72191,CB,KC,1,1,14.1,57.1,95.3,9.8,5.6,0,0,1,14.3,16,69.0,70.2,79.1,56.5,71.4,80.7,0,11,0.0,0,1,0,106.5,4,41,43,1,4,7,1,29,6,0.7,7.3
Evan Williams,73864,S,GB,1,1,3.0,33.3,100.0,40.0,13.3,0,0,0,0.0,12,86.8,90.5,78.9,,61.4,40.6,1,5,25.0,1,0,0,2.8,1,41,41,1,2,3,0,5,4,0.1,5.0
Andre Cisco,76641,S,NYJ,1,0,,,97.2,,,0,0,0,,22,66.5,68.4,79.4,59.1,63.1,81.1,0,,0.0,0,0,0,0.0,0,35,36,0,2,0,0,0,0,0.0,
Chamarri Conner,76662,S,KC,1,0,7.4,100.0,95.3,5.6,5.6,0,0,0,0.0,16,45.6,42.2,76.1,73.1,42.3,29.7,0,33,16.7,1,0,0,118.8,7,41,43,1,5,7,0,100,48,2.6,14.3
Will McDonald IV,76842,ED,NYJ,1,0,,,9.1,,,0,0,0,,22,60.4,76.0,79.6,85.9,47.6,73.3,0,,,0,0,0,0.0,0,2,22,2,0,0,0,0,0,0.0,
Greg Rousseau,76889,ED,BUF,1,0,,,5.3,,,0,0,0,,4,72.1,79.7,78.3,59.3,76.7,74.0,0,,,0,0,0,0.0,0,1,19,0,0,0,0,0,0,0.0,
Travis Jones,76914,DI,BLT,1,0,,,2.4,,,0,0,0,,3,60.0,81.1,79.1,63.8,84.4,70.4,0,,,0,0,0,0.0,0,1,42,0,0,0,0,0,0,0.0,
Payton Wilson,77127,LB,PIT,1,0,7.3,100.0,80.0,6.7,6.7,0,0,0,0.0,25,34.8,33.4,76.3,52.7,48.8,62.1,0,33,0.0,0,0,0,118.8,3,20,25,0,2,3,0,74,52,3.7,24.7
Zaven Collins,77190,ED,ARZ,1,1,-4.0,100.0,28.6,6.0,6.0,0,0,0,0.0,1,77.9,68.4,78.2,52.9,65.1,78.0,0,2,0.0,0,0,0,79.2,1,8,28,1,1,1,0,2,6,0.3,2.0
Nik Bonitto,77196,ED,DEN,1,0,,,8.7,,,0,0,0,,10,60.9,90.9,75.8,91.0,66.4,74.2,0,,,0,0,0,0.0,0,2,23,1,0,0,0,0,0,0.0,
Tre'von Moehrig,77847,S,CAR,1,0,6.9,100.0,91.2,4.3,4.3,0,0,0,0.0,5,37.5,51.0,75.0,69.0,76.4,60.2,0,24,40.0,2,0,0,113.7,7,31,34,1,3,7,0,79,31,2.6,11.3
Cobie Durant,79126,CB,LA,1,0,8.5,75.0,100.0,5.7,4.3,0,0,0,0.0,26,89.1,87.7,75.0,,60.0,75.2,1,14,0.0,0,0,0,59.4,3,19,19,1,2,4,0,33,22,1.9,11.0
Christian Benford,79181,CB,BUF,1,0,15.0,83.3,100.0,4.4,3.7,0,0,0,0.0,4,51.7,61.1,76.2,,78.8,80.8,0,29,0.0,0,0,0,158.3,5,23,23,1,4,6,2,83,25,3.8,16.6
Micah McFadden,81246,LB,NYG,1,0,,,100.0,,,0,0,0,,21,65.6,64.1,70.7,,58.2,75.0,0,,,0,0,0,0.0,0,6,6,0,0,0,0,0,0,0.0,
Damone Clark,81282,LB,DAL,1,0,1.8,75.0,100.0,7.0,5.3,0,0,0,0.0,9,55.9,61.0,70.6,,65.8,59.7,0,9,33.3,1,0,0,85.4,3,21,21,1,2,4,0,20,11,1.0,6.7
Cameron McGrone,81300,LB,IND,1,0,7.5,50.0,88.9,15.0,7.5,0,0,0,0.0,14,29.4,29.7,75.7,54.6,65.1,29.9,0,9,100.0,1,0,0,62.5,1,16,18,0,0,2,0,9,13,0.6,9.0
Nick Bolton,81322,LB,KC,1,0,7.4,100.0,81.4,6.6,6.6,0,0,0,0.0,16,36.6,41.1,77.8,61.1,59.7,57.4,0,33,0.0,0,0,0,118.8,5,35,43,1,3,5,0,70,33,2.1,14.0
Ernest Jones,81399,LB,SEA,1,2,5.2,77.8,95.2,5.3,4.1,0,0,1,11.1,29,73.7,78.7,76.8,50.3,75.2,62.9,1,25,20.0,1,1,0,58.1,7,40,42,0,2,9,0,67,43,1.8,9.6
Odafe Oweh,82161,ED,BLT,1,0,,,5.4,,,0,0,0,,3,60.6,65.8,79.8,63.2,60.0,,0,,,0,0,0,0.0,0,2,37,0,0,0,0,0,0,0.0,
Christian Barmore,82198,DI,NE,1,0,,,6.3,,,0,0,0,,19,60.0,77.5,78.0,68.0,74.2,73.2,0,,,0,0,0,0.0,0,2,32,0,0,0,0,0,0,0.0,
Aidan Hutchinson,82330,ED,DET,1,0,,,8.7,,,1,0,0,,11,60.4,69.2,80.6,66.9,63.1,69.6,0,,,0,0,1,0.0,0,2,23,0,0,0,0,0,0,0.0,
Quay Walker,82547,LB,GB,1,1,7.0,83.3,95.5,8.2,6.8,0,0,1,16.7,12,57.2,57.8,75.9,56.0,61.3,47.6,0,16,20.0,1,1,0,87.5,5,42,44,1,3,6,0,30,11,0.7,6.0
Jack Sanborn,82566,LB,DAL,1,1,4.5,100.0,100.0,11.5,11.5,0,0,0,0.0,9,51.2,47.0,74.5,,51.1,78.9,0,7,0.0,0,0,0,91.7,2,23,23,0,1,2,0,12,3,0.5,6.0
Mekhi Blackmon,83036,CB,IND,1,1,19.0,0.0,100.0,,19.0,0,0,0,0.0,14,55.4,58.3,74.3,,60.0,76.5,0,,0.0,0,0,0,39.6,0,20,20,1,2,1,0,0,0,0.0,
Pat Surtain II,83119,CB,DEN,1,0,9.0,0.0,100.0,,34.0,0,0,1,100.0,10,71.0,71.4,77.9,,65.2,23.1,0,,100.0,1,1,0,39.6,0,36,36,0,0,1,0,0,0,0.0,
Josh Jobe,83122,CB,SEA,1,1,11.4,20.0,100.0,33.0,6.6,1,0,1,20.0,29,90.2,89.8,76.8,,67.3,77.9,1,1,0.0,0,0,1,0.0,1,36,36,1,2,5,0,1,2,0.0,1.0
Jamien Sherwood,83175,LB,NYJ,1,0,2.3,100.0,88.9,7.5,7.5,0,0,0,0.0,22,40.7,55.0,76.0,53.6,79.9,65.0,0,18,33.3,1,0,0,146.9,4,32,36,1,2,4,1,39,30,1.3,9.8
Roger McCreary,83176,CB,TEN,1,1,7.3,66.7,100.0,6.3,4.2,0,0,0,0.0,31,85.0,84.0,73.9,,60.1,83.8,1,13,0.0,0,0,0,34.7,4,30,30,3,4,6,0,24,24,1.0,6.0
Tyson Campbell,83217,CB,JAX,1,0,12.5,50.0,100.0,20.0,10.0,0,0,1,25.0,15,69.7,71.8,78.7,,73.7,80.6,0,11,0.0,0,1,0,60.4,2,43,43,2,5,4,0,16,0,0.4,8.0
Quan Martin,83236,S,WAS,1,0,7.7,100.0,98.0,14.7,14.7,0,0,0,0.0,32,52.6,58.4,76.5,60.3,71.6,51.5,0,25,25.0,1,0,0,118.1,3,50,51,0,3,3,0,37,14,0.8,12.3
Kerby Joseph,83239,S,DET,1,0,,,100.0,,,0,0,0,,11,64.2,67.5,73.6,,64.8,72.6,0,,0.0,0,0,0,0.0,0,24,24,0,1,0,0,0,0,0.0,
Sydney Brown,83241,S,PHI,1,0,,,100.0,,,0,0,0,,24,62.0,63.8,71.6,,60.3,,0,,,0,0,0,0.0,0,8,8,0,0,0,0,0,0,0.0,
Kaevon Merriweather,83257,S,TB,1,0,,,100.0,,,0,0,0,,30,60.0,61.1,64.7,,60.0,,0,,,0,0,0,0.0,0,1,1,0,0,0,0,0,0,0.0,
Riley Moss,83259,CB,DEN,1,0,17.4,37.5,100.0,11.3,4.3,0,0,2,25.0,10,77.4,78.7,77.1,,73.7,80.5,0,10,0.0,0,1,0,45.8,3,36,36,2,5,8,0,21,3,0.6,7.0
Percy Butler,83271,S,WAS,1,0,,,100.0,,,0,0,0,,32,60.0,60.0,66.0,,,,0,,,0,0,0,0.0,0,1,1,0,0,0,0,0,0,0.0,
Cam Taylor-Britt,83326,CB,CIN,1,0,10.0,83.3,96.2,9.2,7.7,0,0,0,0.0,7,36.3,35.6,78.1,59.5,42.3,26.8,0,25,50.0,1,0,1,154.2,5,51,53,0,1,6,1,69,28,1.5,13.8
Greg Newsome II,83341,CB,CLV,1,0,19.0,0.0,100.0,,14.0,0,0,2,100.0,8,74.8,76.6,77.5,,73.1,76.5,0,,0.0,0,1,1,39.6,0,29,29,0,2,2,0,0,0,0.0,
Jaycee Horn,83375,CB,CAR,1,1,12.5,25.0,97.1,32.0,8.0,0,0,0,0.0,5,74.3,75.8,77.1,58.7,73.4,37.6,1,7,50.0,1,0,0,0.0,1,33,34,0,0,4,0,7,10,0.2,7.0
Alontae Taylor,83469,CB,NO,1,0,-2.0,100.0,84.0,19.0,19.0,0,0,0,0.0,20,62.2,61.8,74.5,66.2,53.9,42.7,0,6,0.0,0,0,0,91.7,1,21,25,1,1,1,0,6,8,0.3,6.0
Austin Ajiake,83826,LB,IND,1,0,17.0,0.0,100.0,,9.0,0,0,0,0.0,14,51.1,50.0,70.7,,,,0,,,0,0,0,39.6,0,9,9,0,0,1,0,0,0,0.0,
Jevon Holland,83873,S,NYG,1,0,12.0,25.0,97.6,36.0,9.0,0,0,1,25.0,21,42.0,41.4,77.7,59.7,57.9,81.6,0,19,0.0,0,0,1,46.9,1,40,41,0,2,4,0,19,4,0.5,19.0
Talanoa Hufanga,83903,S,DEN,1,0,16.0,100.0,94.4,32.0,32.0,0,0,0,0.0,10,58.3,69.6,77.4,55.5,85.1,68.2,0,16,33.3,1,0,0,118.8,1,34,36,1,2,1,0,16,0,0.5,16.0
Josh Newton,84268,CB,CIN,1,0,6.0,50.0,100.0,20.0,10.0,0,0,0,0.0,7,64.8,65.5,74.3,,62.2,77.1,0,6,0.0,0,0,0,56.3,1,23,23,1,2,2,0,6,0,0.3,6.0
Darius Muasau,86008,LB,NYG,1,0,-0.5,50.0,83.3,13.0,6.5,0,0,0,0.0,21,34.4,30.0,73.5,54.3,46.6,76.2,0,7,0.0,0,0,0,97.9,1,15,18,1,1,2,1,7,2,0.5,7.0
Kyle Dugger,90621,S,NE,1,1,,,100.0,,,0,0,0,,19,65.3,69.9,67.5,,65.8,76.9,0,,0.0,0,0,0,0.0,0,5,5,0,0,0,0,0,0,0.0,
Mike Sainristil,97180,CB,WAS,1,0,-1.5,50.0,97.8,39.0,19.5,0,0,0,0.0,32,61.2,62.9,76.5,60.0,66.1,78.4,0,4,0.0,0,0,0,56.3,1,45,46,1,1,2,0,4,8,0.1,4.0
Marcus Harris,97230,CB,TEN,1,0,30.0,0.0,100.0,,1.0,0,0,0,0.0,31,60.0,60.6,66.5,,60.0,,0,,,0,0,0,39.6,0,1,1,0,0,1,0,0,0,0.0,
Dell Pettus,97290,S,NE,1,0,3.5,50.0,100.0,8.0,4.0,0,0,0,0.0,19,67.4,68.2,68.3,,,76.0,0,5,0.0,0,0,0,56.3,1,8,8,0,2,2,0,5,1,0.6,5.0
Cameron Mitchell,97340,CB,CLV,1,0,9.0,100.0,100.0,5.0,5.0,0,0,0,0.0,8,40.8,40.8,69.7,,60.0,,0,20,,0,0,0,118.8,1,6,6,0,0,1,0,20,11,4.0,20.0
Dadrion Taylor-Demerson,97348,S,ARZ,1,0,10.0,40.0,100.0,18.5,7.4,0,0,1,20.0,1,78.4,80.4,78.9,,55.3,57.6,0,9,0.0,0,1,0,47.9,2,41,41,2,3,5,0,15,9,0.4,7.5
Jarrian Jones,97486,CB,JAX,1,0,11.0,60.0,100.0,11.0,6.6,0,0,0,0.0,15,34.2,40.7,76.8,,78.3,76.6,0,15,0.0,0,0,1,79.6,3,36,36,0,2,5,0,33,1,1.0,11.0
Nick Cross,97514,S,IND,1,0,17.5,25.0,89.3,24.0,6.0,0,0,0,0.0,14,35.6,43.2,76.2,66.8,72.9,79.2,0,21,,0,0,0,49.0,1,25,28,1,0,4,0,21,0,0.9,21.0
Dax Hill,97519,CB,CIN,1,1,3.4,75.0,98.1,7.8,5.9,0,0,0,0.0,7,73.5,74.8,75.4,59.7,71.8,70.8,0,8,0.0,0,0,0,81.3,6,52,53,3,7,8,0,32,23,0.7,5.3
Drake Thomas,97525,LB,SEA,1,0,-3.0,100.0,85.7,5.0,5.0,0,0,0,0.0,29,59.9,63.1,70.3,66.7,57.5,26.3,0,7,50.0,1,0,0,95.8,1,6,7,0,1,1,0,7,10,1.4,7.0
Tyrique Stevenson,97562,CB,CHI,1,0,7.7,66.7,100.0,12.5,8.3,0,0,1,33.3,6,67.4,69.1,77.5,,69.7,75.1,0,17,,0,1,1,95.1,2,30,30,0,0,3,0,27,11,1.1,13.5
Alex Austin,97683,CB,NE,1,0,16.6,60.0,97.5,13.0,7.8,0,0,1,20.0,19,59.7,62.4,77.4,60.0,69.4,78.8,0,23,0.0,0,1,0,97.9,3,39,40,0,3,5,0,55,16,1.4,18.3
Dorian Williams,97694,LB,BUF,1,1,,,66.7,,,0,0,0,,4,63.3,45.9,72.3,58.8,44.6,75.0,0,,0.0,0,0,0,0.0,0,2,3,0,0,0,0,0,0,0.0,
Ronnie Hickman Jr.,97702,S,CLV,1,1,8.8,50.0,100.0,14.5,7.3,0,0,1,25.0,8,65.8,64.7,74.8,,56.7,57.0,0,12,0.0,0,0,0,61.5,2,30,30,0,2,4,0,17,12,0.6,8.5
Storm Duck,97705,CB,MIA,1,1,15.8,80.0,100.0,4.3,3.4,0,0,1,20.0,17,40.7,43.1,75.0,,61.1,75.4,0,27,0.0,0,0,0,158.3,4,17,17,0,1,5,1,72,9,4.2,18.0
Omar Speights,97723,LB,LA,1,0,12.0,50.0,85.7,16.0,8.0,0,0,0,0.0,26,57.9,63.5,75.1,67.8,62.9,79.4,0,23,0.0,0,0,0,91.7,1,18,21,0,1,2,0,23,3,1.4,23.0
Tyler Nubin,97895,S,NYG,1,1,3.5,100.0,95.1,17.5,17.5,0,0,0,0.0,21,53.2,51.2,78.5,56.8,55.5,29.1,0,13,20.0,1,0,1,102.1,2,39,41,1,3,2,0,17,10,0.5,8.5
Derick Hall,98130,ED,SEA,1,0,,,13.6,,,1,0,0,,29,61.0,62.3,0.0,67.6,64.7,72.4,0,,,0,0,1,0.0,0,3,22,0,0,0,0,0,0,0.0,
Jordan Magee,98155,LB,WAS,1,0,,,100.0,,,0,0,0,,32,60.0,67.9,66.4,,60.0,,0,,,0,0,0,0.0,0,1,1,0,0,0,0,0,0,0.0,
Derek Stingley Jr.,98253,CB,HST,1,0,8.4,71.4,100.0,5.8,4.1,0,0,0,0.0,13,34.3,39.8,77.4,,68.5,50.0,0,24,20.0,1,0,1,94.9,5,31,31,0,4,7,0,56,17,1.9,11.2
Kayvon Thibodeaux,98444,ED,NYG,1,0,,,3.4,,,0,0,0,,21,60.0,67.9,81.3,57.8,71.9,70.5,0,,,0,0,0,0.0,0,1,29,1,0,0,0,0,0,0.0,
Kaiir Elam,98693,CB,DAL,1,0,10.2,100.0,100.0,5.7,5.7,0,0,0,0.0,9,63.6,65.0,78.7,,65.9,78.9,0,51,0.0,0,0,0,118.8,6,34,34,1,5,6,0,77,16,2.3,12.8
Mohamoud Diabate,98780,LB,CLV,1,0,9.0,100.0,100.0,5.0,5.0,0,0,0,0.0,8,37.8,40.9,66.0,,62.2,74.2,0,1,0.0,0,0,0,118.8,1,5,5,0,1,1,1,1,0,0.2,1.0
Ty'Ron Hopper,98781,LB,GB,1,0,,,100.0,,,0,0,0,,12,60.0,60.2,63.3,,,,0,,,0,0,0,0.0,0,1,1,0,0,0,0,0,0,0.0,
Jay Ward,98833,S,MIN,1,0,,,100.0,,,0,0,0,,18,72.8,77.1,76.6,,60.0,79.4,0,,0.0,0,0,0,0.0,0,22,22,1,2,0,0,0,0,0.0,
Cor'Dale Flott,98834,CB,NYG,1,0,19.5,50.0,96.8,13.0,6.5,0,0,1,25.0,21,67.5,57.1,76.8,58.5,30.6,27.5,0,34,0.0,0,1,0,95.8,2,30,31,0,1,4,0,52,3,2.0,26.0
Jaylen McCollough,98845,S,LA,1,0,9.0,100.0,88.2,7.0,7.0,0,0,0,0.0,26,56.7,60.4,75.2,69.5,60.0,75.1,0,9,0.0,0,0,0,104.2,2,15,17,2,2,2,0,18,0,1.3,9.0
Jordan Battle,98857,S,CIN,1,2,12.5,75.0,100.0,16.0,12.0,0,0,0,0.0,7,72.5,76.9,74.6,,66.8,65.9,1,22,12.5,1,0,0,66.7,3,53,53,1,5,4,0,40,17,0.8,13.3
Brandin Echols,98900,CB,PIT,1,0,5.0,100.0,85.7,6.0,6.0,0,0,0,0.0,25,67.8,67.6,70.6,60.0,60.0,74.7,0,5,0.0,0,0,0,87.5,1,6,7,1,2,1,0,5,0,0.8,5.0
Travon Walker,98940,ED,JAX,1,0,,,11.4,,,0,0,0,,15,42.9,55.5,79.5,52.6,70.4,73.2,0,,,0,0,0,0.0,0,4,35,0,0,0,0,0,0,0.0,
Henry To'oTo'o,98982,LB,HST,1,3,5.0,40.0,93.9,15.0,6.0,0,0,0,0.0,13,48.7,48.4,0.0,70.3,61.1,79.4,0,14,0.0,0,0,1,49.6,2,31,33,1,0,5,0,17,23,0.6,8.5
Christian Harris,98996,LB,HST,1,0,,,100.0,,,0,0,0,,13,60.8,65.4,64.7,,62.5,71.7,0,,,0,0,0,0.0,0,2,2,0,0,0,0,0,0,0.0,
Nolan Smith,99014,ED,PHI,1,0,,,9.4,,,0,0,0,,24,76.4,67.4,0.0,77.4,60.8,75.0,0,,,0,0,2,0.0,0,3,32,0,0,0,0,0,0,0.0,
Sam Williams,99106,ED,DAL,1,0,,,3.8,,,0,0,0,,9,59.3,52.0,78.1,52.9,56.7,47.2,0,,50.0,1,0,0,0.0,0,1,26,1,1,0,0,0,0,0.0,
Tyler Owens,99271,S,WAS,1,0,,,50.0,,,0,0,0,,32,60.0,59.9,67.1,59.1,60.0,,0,,,0,0,0,0.0,0,1,2,0,0,0,0,0,0,0.0,
Dee Winters,99376,LB,SF,1,0,0.6,100.0,71.4,3.8,3.8,0,0,0,0.0,28,90.3,76.7,71.9,62.2,51.1,81.1,0,22,0.0,0,0,0,83.3,5,20,28,2,3,5,0,20,17,1.1,4.0
Tykee Smith,99500,S,TB,1,0,8.9,75.0,100.0,7.8,5.9,0,0,1,12.5,30,55.3,54.8,76.6,,57.7,69.9,0,19,0.0,0,0,0,101.0,6,51,51,1,6,8,0,70,23,1.5,11.7
Garrett Williams,99723,CB,ARZ,1,0,,,98.1,,,0,0,0,,1,64.9,62.0,77.1,60.0,47.5,27.0,0,,33.3,1,0,1,0.0,0,52,53,1,2,0,0,0,0,0.0,
Demetrius Knight Jr.,99728,LB,CIN,1,0,2.7,85.7,94.7,5.3,4.6,0,0,1,14.3,7,61.0,55.9,77.4,56.5,51.3,62.6,0,19,14.3,1,1,0,98.8,6,36,38,2,6,7,0,54,37,1.7,9.0
Jarvis Brownlee Jr.,99734,CB,TEN,1,0,7.6,80.0,95.7,10.0,8.0,0,0,1,20.0,31,64.5,60.3,0.0,60.0,90.1,81.8,0,18,0.0,0,0,3,93.3,4,45,47,2,3,5,0,32,12,0.8,8.0
SirVocea Dennis,99767,LB,TB,1,0,3.7,85.7,85.7,6.3,5.4,0,0,0,0.0,30,28.8,44.4,74.1,60.9,86.3,29.4,0,50,50.0,3,0,0,158.3,6,42,49,0,3,7,1,116,102,3.1,19.3
Renardo Green,99773,CB,SF,1,0,19.8,50.0,100.0,13.0,6.5,1,0,1,25.0,28,63.3,68.1,76.9,,75.9,78.6,0,40,0.0,0,1,1,91.7,2,28,28,1,2,4,0,46,11,1.8,23.0
Kyu Blu Kelly,100375,CB,LV,1,1,12.5,75.0,100.0,8.8,6.6,0,0,1,12.5,23,67.6,65.2,80.0,,53.5,63.2,0,22,0.0,0,1,1,99.5,6,54,54,1,6,8,0,67,6,1.3,11.2
D.J. James,100379,CB,NE,1,0,10.0,100.0,100.0,2.0,2.0,0,0,0,0.0,19,46.1,44.2,68.3,,,71.4,0,11,0.0,0,0,0,112.5,1,2,2,0,1,1,0,11,1,5.5,11.0
Nahshon Wright,100412,CB,CHI,1,0,17.3,33.3,100.0,25.0,8.3,0,0,0,0.0,6,78.0,74.4,78.2,,57.0,77.3,1,28,0.0,0,0,1,29.2,1,29,29,0,1,3,0,28,9,1.1,28.0
Laiatu Latu,100551,ED,IND,1,0,0.0,100.0,22.7,5.0,5.0,0,0,0,0.0,14,94.0,91.5,77.0,60.7,68.9,69.9,1,6,0.0,0,0,0,52.1,1,5,22,0,1,1,0,6,6,1.2,6.0
Craig Woodson,100612,S,NE,1,0,1.0,100.0,95.0,19.0,19.0,0,0,0,0.0,19,65.4,76.5,75.6,69.7,82.3,60.5,0,8,20.0,1,0,0,79.2,2,38,40,1,4,2,0,6,4,0.2,3.0
Sauce Gardner,100903,CB,NYJ,1,1,6.0,25.0,100.0,34.0,8.5,0,0,2,50.0,22,90.5,90.3,77.7,,67.0,75.2,0,11,0.0,0,2,0,39.6,1,36,36,0,0,4,0,11,0,0.3,11.0
Ja'Quan McMillian,100931,CB,DEN,1,0,3.7,66.7,88.0,11.0,7.3,0,0,0,0.0,10,74.1,87.2,74.0,93.3,60.9,76.4,0,8,0.0,0,0,0,70.1,2,22,25,2,1,3,0,9,8,0.4,4.5
Joey Porter Jr.,101364,CB,PIT,1,0,9.5,100.0,100.0,8.0,8.0,0,0,0,0.0,25,36.1,32.5,76.0,,35.0,72.5,0,11,0.0,0,0,0,106.3,2,16,16,0,1,2,0,19,0,1.2,9.5
DJ Turner II,101376,CB,CIN,1,2,10.0,33.3,100.0,35.0,11.7,0,0,1,33.3,7,69.6,69.7,77.3,,61.6,74.7,1,13,0.0,0,1,1,8.3,1,37,37,0,0,3,0,13,6,0.4,13.0
Deonte Banks,101384,CB,NYG,1,0,,,100.0,,,0,0,0,,21,67.1,67.1,71.8,,60.0,,0,,,0,0,0,0.0,0,10,10,0,0,0,0,0,0,0.0,
Devon Witherspoon,101388,CB,SEA,1,1,3.4,100.0,95.2,7.4,7.4,0,0,0,0.0,29,65.4,66.0,75.1,57.6,64.9,41.5,0,11,16.7,1,0,0,95.8,5,40,42,1,4,5,0,35,18,0.9,7.0
Dane Belton,101398,S,NYG,1,0,4.0,100.0,92.9,13.0,13.0,0,0,0,0.0,21,57.8,57.4,74.1,58.4,60.1,77.0,0,12,0.0,0,0,0,116.7,1,13,14,1,2,1,0,12,8,0.9,12.0
Leo Chenal,101463,LB,KC,1,0,,,41.7,,,0,0,0,,16,65.1,64.7,72.5,52.8,66.3,73.9,0,,0.0,0,0,0,0.0,0,5,12,0,1,0,0,0,0,0.0,
Tommy Eichenberg,101488,LB,LV,1,0,,,90.0,,,0,0,0,,23,66.8,70.2,71.3,60.0,63.4,,0,,,0,0,0,0.0,0,9,10,0,0,0,0,0,0,0.0,
Jack Campbell,101515,LB,DET,1,1,10.5,75.0,79.2,6.0,4.5,0,0,0,0.0,11,43.5,67.6,75.6,50.8,87.6,82.8,0,15,0.0,0,0,0,122.9,3,19,24,1,1,4,1,18,5,1.0,6.0
Keeanu Benton,101536,DI,PIT,1,0,,,5.6,,,0,0,0,,25,60.0,48.7,77.6,58.0,47.8,70.7,0,,,0,0,0,0.0,0,1,18,0,0,0,0,0,0,0.0,
Jaquan Brisker,101665,S,CHI,1,0,,,93.5,,,0,0,0,,6,49.5,53.7,77.0,56.0,68.9,53.7,0,,33.3,1,0,0,0.0,0,29,31,1,2,0,0,0,0,0.0,
Kyle Hamilton,102684,S,BLT,1,0,13.5,50.0,94.8,16.3,8.2,0,0,2,33.3,3,92.5,93.4,75.9,65.2,55.1,67.1,0,15,0.0,0,2,0,99.3,3,55,58,2,7,6,1,23,6,0.5,7.7
Marist Liufau,102789,LB,DAL,1,0,2.0,100.0,100.0,3.0,3.0,0,0,0,0.0,9,63.6,68.5,67.4,,62.8,74.2,0,6,0.0,0,0,0,91.7,1,3,3,0,1,1,0,6,4,2.0,6.0
Cam Hart,102955,CB,LAC,1,0,16.3,50.0,100.0,8.3,4.1,0,0,0,0.0,27,39.6,41.2,76.4,,60.0,45.1,0,38,20.0,1,0,0,76.0,4,35,35,0,4,8,0,62,14,1.9,15.5
Jalyx Hunt,105989,ED,PHI,1,0,,,17.4,,,0,0,0,,24,62.4,64.9,76.4,52.5,71.0,46.5,0,,100.0,1,0,0,0.0,0,4,23,0,0,0,0,0,0,0.0,
Rodney Thomas II,108389,S,IND,1,0,2.0,100.0,100.0,5.0,5.0,0,0,0,0.0,14,73.8,79.0,74.0,,,80.6,0,9,0.0,0,0,0,83.3,2,10,10,1,2,2,0,8,4,0.8,4.0
Upton Stout,121906,CB,SF,1,0,10.6,60.0,95.5,6.3,3.8,0,0,1,20.0,28,29.8,32.5,74.3,58.3,62.3,73.0,0,21,0.0,0,1,1,78.8,3,21,22,0,1,5,0,32,8,1.7,10.7
Tyrice Knight,122025,LB,SEA,1,2,3.0,100.0,83.9,6.3,6.3,0,0,0,0.0,29,46.6,51.9,77.5,53.3,64.9,32.4,0,13,20.0,1,0,0,103.1,4,26,31,1,2,4,0,35,23,1.4,8.8
Bryan Bresee,122142,DI,NO,1,0,,,3.2,,,0,0,0,,20,60.0,53.7,77.5,58.3,51.0,26.3,0,,,0,0,0,0.0,0,1,31,0,0,0,0,0,0,0.0,
Myles Murphy,122154,ED,CIN,1,0,,,7.7,,,0,0,0,,7,60.0,68.8,77.0,63.0,65.4,33.8,0,,,0,0,0,0.0,0,1,13,0,0,0,0,0,0,0.0,
Trenton Simpson,122157,LB,BLT,1,0,-5.0,100.0,87.5,6.5,6.5,0,0,0,0.0,3,58.1,75.4,74.0,73.6,77.5,42.2,0,6,50.0,1,0,0,79.2,2,14,16,1,1,2,0,5,15,0.4,2.5
Trey Amos,122628,CB,WAS,1,0,11.5,75.0,100.0,12.3,9.3,1,0,1,25.0,32,57.8,58.8,77.3,,62.1,29.5,0,16,33.3,1,0,1,92.7,3,42,42,0,2,4,0,27,11,0.7,9.0
Yaya Diaby,122705,ED,TB,1,0,,,2.6,,,0,0,0,,30,76.2,70.4,77.6,66.7,57.0,33.0,0,,0.0,0,0,0,0.0,0,1,38,1,1,0,0,0,0,0.0,
Cedric Gray,122835,LB,TEN,1,0,1.5,100.0,88.2,7.0,7.0,0,0,0,0.0,31,64.1,76.6,77.5,53.5,81.8,80.7,0,6,0.0,0,0,0,87.5,4,30,34,0,3,4,0,20,14,0.7,5.0
Xavier Watts,122914,S,ATL,1,0,9.3,33.3,100.0,37.0,12.3,0,0,2,66.7,2,76.5,81.5,79.0,,68.6,82.6,0,2,0.0,0,2,0,42.4,1,38,38,1,4,3,0,2,5,0.1,2.0
Jahdae Barron,123105,CB,DEN,1,0,16.0,0.0,93.8,,7.5,0,0,0,0.0,10,49.8,50.3,72.1,58.3,60.6,,0,,,0,0,0,39.6,0,15,16,0,0,2,0,0,0,0.0,
Dorian Strong,123366,CB,BUF,1,0,14.0,50.0,100.0,22.0,11.0,0,0,0,0.0,4,37.1,45.3,77.5,,69.9,75.4,0,36,,0,0,1,95.8,1,23,23,0,0,2,0,36,34,1.6,36.0
Brian Branch,123907,S,DET,1,0,1.0,100.0,91.7,10.5,10.5,0,0,0,0.0,11,91.3,85.1,0.0,56.8,59.5,79.2,0,4,0.0,0,0,1,79.2,2,22,24,0,1,2,0,6,4,0.3,3.0
Malachi Moore,123928,S,NYJ,1,0,,,100.0,,,0,0,0,,22,60.0,60.3,64.4,,,,0,,,0,0,0,0.0,0,1,1,0,0,0,0,0,0,0.0,
Dru Phillips,124075,CB,NYG,1,0,6.0,83.3,94.9,6.6,5.5,0,0,0,0.0,21,54.1,54.5,76.3,73.1,48.8,28.3,0,21,25.0,1,0,0,98.6,5,37,39,1,3,6,0,46,27,1.4,9.2
Tavius Robinson,124147,ED,BLT,1,0,,,4.2,,,0,0,0,,3,60.0,66.9,79.7,61.0,65.9,74.1,0,,,0,0,0,0.0,0,1,24,0,0,0,0,0,0,0.0,
Emmanuel Forbes,124166,CB,LA,1,0,1.0,100.0,100.0,26.0,26.0,0,0,0,0.0,26,63.3,53.8,77.8,,29.2,27.4,0,1,0.0,0,0,0,79.2,1,29,29,1,2,1,0,1,0,0.0,1.0
Jordan Burch,124227,ED,ARZ,1,0,,,14.3,,,0,0,0,,1,60.5,70.2,75.8,71.7,61.1,69.9,0,,,0,0,0,0.0,0,2,14,0,0,0,0,0,0,0.0,
Edgerrin Cooper,124311,LB,GB,1,0,1.0,100.0,97.7,5.3,5.3,0,0,0,0.0,12,72.0,77.6,76.3,73.6,68.0,57.3,0,7,11.1,1,0,0,81.8,8,43,44,5,8,8,0,29,21,0.7,3.6
Antonio Johnson,124326,S,JAX,1,0,,,100.0,,,0,0,0,,15,60.0,61.8,64.2,,,,0,,,0,0,0,0.0,0,1,1,0,0,0,0,0,0,0.0,
Princely Umanmielen,124398,ED,CAR,1,1,,,12.5,,,0,0,0,,5,61.0,54.4,72.1,52.0,,69.9,0,,0.0,0,0,0,0.0,0,1,8,0,0,0,0,0,0,0.0,
Marques Sigle,125305,S,SF,1,0,4.5,75.0,96.4,8.3,6.3,0,0,0,0.0,28,56.7,59.8,75.4,58.5,66.4,50.0,0,16,25.0,1,0,0,86.5,3,27,28,1,3,4,0,21,6,0.8,7.0
Lukas Van Ness,129482,ED,GB,1,0,,,9.5,,,0,0,0,,12,72.2,68.7,76.3,58.9,61.9,73.9,0,,0.0,0,0,0,0.0,0,2,21,2,1,0,0,0,0,0.0,
Jakorian Bennett,129496,CB,PHI,1,0,3.7,100.0,100.0,2.0,2.0,0,0,0,0.0,24,46.6,46.8,70.4,,,76.6,0,10,0.0,0,0,1,94.4,3,7,7,0,3,3,0,20,9,3.3,6.7
Ruben Hyppolite II,129516,LB,CHI,1,0,,,100.0,,,0,0,0,,6,60.8,56.4,70.9,,55.8,71.4,0,,,0,0,0,0.0,0,2,2,0,0,0,0,0,0,0.0,
Tarheeb Still,129537,CB,LAC,1,0,9.2,100.0,95.9,9.0,9.0,0,0,0,0.0,27,70.7,71.2,78.3,54.9,68.0,37.1,0,49,25.0,1,0,0,118.8,5,47,49,3,3,5,0,67,21,1.5,13.4
Lathan Ransom,129755,S,CAR,1,0,,,100.0,,,0,0,0,,5,63.2,64.5,72.2,,,77.2,0,,0.0,0,0,0,0.0,0,9,9,0,1,0,0,0,0,0.0,
Sanoussi Kane,129820,S,BLT,1,0,,,100.0,,,0,0,0,,3,60.3,60.6,65.4,,60.0,,0,,,0,0,0,0.0,0,2,2,0,0,0,0,0,0,0.0,
Max Melton,129889,CB,ARZ,1,0,12.6,50.0,100.0,9.8,4.9,0,0,1,10.0,1,72.6,69.2,77.3,,50.1,56.9,0,21,0.0,0,1,2,68.8,5,53,53,0,5,10,0,60,5,1.2,12.0
Quinyon Mitchell,130628,CB,PHI,1,1,15.6,44.4,100.0,8.8,3.9,0,1,0,0.0,24,52.4,55.8,78.0,,72.2,44.9,0,13,20.0,1,0,1,53.0,4,40,40,0,3,9,0,30,9,0.9,7.5
Noah Sewell,131722,LB,CHI,1,1,7.0,100.0,77.4,6.7,6.7,0,0,0,0.0,6,33.8,52.8,79.1,48.9,77.9,30.9,0,27,25.0,1,0,0,158.3,3,24,31,1,2,3,1,44,23,2.2,14.7
Tuli Tuipulotu,131840,ED,LAC,1,0,,,8.1,,,0,0,0,,27,64.3,62.9,78.5,57.5,64.1,71.4,0,,0.0,0,0,0,0.0,0,3,37,0,1,0,0,0,0,0.0,
Chau Smith-Wade,131956,CB,CAR,1,0,4.9,57.1,96.8,7.3,4.1,0,0,0,0.0,5,61.0,59.3,75.1,60.0,54.2,75.6,0,17,0.0,0,0,0,69.9,4,30,31,1,2,7,0,34,22,1.2,8.5
Jaylen Watson,131960,CB,KC,1,0,11.4,42.9,95.2,12.7,5.4,0,0,1,14.3,16,45.6,49.5,77.2,55.0,69.1,53.8,0,18,0.0,0,1,0,62.2,3,40,42,0,4,7,0,41,19,1.1,13.7
Myles Harden,141857,CB,CLV,1,0,8.0,100.0,100.0,4.7,4.7,0,0,0,0.0,8,50.4,53.0,73.3,,63.1,77.3,0,13,0.0,0,0,0,109.7,3,14,14,0,2,3,0,31,7,2.2,10.3
Teddye Buchanan,142172,LB,BLT,1,0,5.0,50.0,86.7,5.5,2.8,0,0,0,0.0,3,39.7,51.0,76.7,57.6,72.7,49.5,0,4,33.3,1,0,0,56.3,2,13,15,1,2,4,0,7,2,0.6,3.5
Elijah Ponder,142819,ED,NE,1,0,,,33.3,,,0,0,0,,19,60.0,60.1,70.0,58.1,60.0,,0,,,0,0,0,0.0,0,1,3,0,0,0,0,0,0,0.0,
Kamren Kinchens,143946,S,LA,1,0,10.3,75.0,100.0,11.0,8.3,0,0,1,25.0,26,64.4,66.4,74.5,,62.7,59.7,0,23,0.0,0,1,0,104.2,3,37,37,1,2,4,0,38,11,1.2,12.7
Barrett Carter,144109,LB,CIN,1,0,6.7,100.0,90.0,3.0,3.0,0,0,0,0.0,7,37.1,39.0,72.2,59.7,61.4,33.1,0,14,50.0,1,0,0,118.8,3,9,10,0,1,3,0,38,18,4.2,12.7
Andrew Mukuba,144129,S,PHI,1,0,5.0,100.0,100.0,31.0,31.0,0,0,0,0.0,24,63.3,66.8,76.4,,66.6,79.9,0,5,0.0,0,0,0,87.5,1,36,36,1,2,1,0,5,0,0.2,5.0
Nate Wiggins,144143,CB,BLT,1,0,11.7,85.7,100.0,8.7,7.4,0,0,0,0.0,3,48.8,51.6,78.6,,68.4,80.8,0,29,0.0,0,0,1,113.1,6,58,58,2,5,7,0,78,22,1.5,13.0
Ashton Gillotte,144154,ED,KC,1,0,,,20.0,,,0,0,0,,16,60.0,56.9,74.8,65.1,52.6,69.2,0,,,0,0,0,0.0,0,1,5,0,0,0,0,0,0,0.0,
Billy Bowman Jr.,144638,CB,ATL,1,0,16.5,50.0,90.6,28.0,14.0,0,0,0,0.0,2,62.4,60.4,74.7,73.3,46.6,44.8,0,10,0.0,0,0,0,64.6,1,29,32,1,1,2,0,10,1,0.4,10.0
Cooper DeJean,144867,CB,PHI,1,0,16.7,33.3,97.5,34.0,11.3,0,0,1,33.3,24,74.5,71.7,75.6,60.0,59.4,85.0,0,0,0.0,0,1,0,42.4,1,39,40,1,1,3,0,0,3,0.0,0.0
Dante Trader Jr.,144900,S,MIA,1,0,,,83.3,,,0,0,0,,17,64.0,74.8,69.9,58.8,75.4,79.8,0,,,0,0,0,0.0,0,5,6,0,0,0,0,0,0,0.0,
Chop Robinson,144901,ED,MIA,1,0,,,6.7,,,1,0,0,,17,60.0,37.8,0.0,50.0,49.4,71.7,0,,,0,0,1,0.0,0,1,15,0,0,0,0,0,0,0.0,
Oluwafemi Oladejo,146302,ED,TEN,1,1,3.0,100.0,27.3,3.0,3.0,0,0,0,0.0,31,51.2,47.8,79.1,51.7,52.3,72.0,0,10,0.0,0,0,0,93.1,3,9,33,0,0,3,0,19,10,2.1,6.3
Carson Schwesinger,146401,LB,CLV,1,1,4.0,100.0,86.7,25.0,25.0,0,0,0,0.0,8,83.8,90.0,76.5,76.0,70.9,80.4,0,6,0.0,0,0,0,91.7,1,26,30,1,3,1,0,6,2,0.2,6.0
Jaylin Smith,146422,CB,HST,1,0,,,100.0,,,0,0,0,,13,66.1,74.7,69.8,,63.7,72.5,0,,,0,0,0,0.0,0,3,3,0,0,0,0,0,0,0.0,
Calen Bullock,146424,S,HST,1,0,10.0,100.0,100.0,32.0,32.0,0,0,0,0.0,13,44.6,47.8,75.2,,71.0,82.9,0,10,0.0,0,0,0,108.3,1,34,34,0,2,1,0,10,0,0.3,10.0
Cole Bishop,146454,S,BUF,1,0,4.0,100.0,82.6,18.0,18.0,0,0,0,0.0,4,65.6,54.8,76.4,58.3,41.5,39.0,0,5,0.0,0,0,0,87.5,1,19,23,0,2,1,0,5,1,0.3,5.0
Jonah Elliss,146458,ED,DEN,1,0,-5.0,100.0,6.7,1.0,1.0,0,0,0,0.0,10,66.7,68.3,75.0,60.8,56.5,34.9,0,1,0.0,0,0,0,79.2,1,1,15,2,1,1,0,1,6,1.0,1.0
Jaden Hicks,146512,S,KC,1,0,10.5,66.7,100.0,7.0,4.7,0,0,0,0.0,16,31.2,29.7,0.0,,68.6,58.3,0,23,25.0,1,0,1,131.3,4,30,30,0,3,6,2,49,19,1.8,12.3
Kiko Mauigoa,146521,LB,NYJ,1,0,,,100.0,,,0,0,0,,22,60.0,67.0,66.4,,64.2,73.3,0,,,0,0,0,0.0,0,1,1,0,0,0,0,0,0,0.0,
Kool-Aid McKinstry,146602,CB,NO,1,1,14.2,66.7,100.0,9.5,6.3,0,0,1,16.7,20,63.7,62.7,76.7,,56.0,53.6,0,45,0.0,0,1,1,135.4,4,42,42,0,3,6,1,55,8,1.4,13.8
Terrion Arnold,146603,CB,DET,1,1,16.7,66.7,100.0,4.0,2.7,0,0,1,16.7,11,54.5,62.7,72.8,,78.4,80.0,0,48,0.0,0,0,0,149.3,4,16,16,1,3,6,1,86,13,5.4,21.5
Dallas Turner,146604,ED,MIN,1,0,13.0,0.0,15.0,,2.0,0,0,0,0.0,18,29.4,52.1,77.4,58.9,69.9,73.8,0,,,0,0,0,39.6,0,3,20,0,0,1,0,0,0,0.0,
Jason Marshall Jr.,146704,CB,MIA,1,0,0.5,100.0,88.9,7.5,7.5,0,0,0,0.0,17,50.6,47.2,76.7,73.2,35.0,27.0,0,16,33.3,1,0,0,108.3,2,16,18,2,2,2,0,20,19,1.3,10.0
Javon Bullard,146726,S,GB,1,1,2.9,90.0,100.0,4.4,4.0,1,0,0,0.0,12,47.4,44.7,75.9,,45.1,52.5,0,9,0.0,0,0,1,92.1,9,41,41,3,7,10,0,61,38,1.5,6.8
Kamari Lassiter,146727,CB,HST,1,2,8.0,100.0,100.0,5.3,5.3,0,0,0,0.0,13,57.8,64.0,75.5,,77.3,82.1,0,24,0.0,0,0,0,142.4,6,34,34,2,3,6,1,52,9,1.6,8.7
Trevin Wallace,146747,LB,CAR,1,0,8.6,60.0,92.0,7.3,4.4,0,0,0,0.0,5,38.3,31.0,74.3,56.9,42.5,57.7,0,12,0.0,0,0,0,110.8,3,23,25,1,3,5,1,23,8,1.0,7.7
Byron Young,146932,ED,LA,1,0,,,24.2,,,0,0,0,,26,66.6,76.2,78.6,79.2,60.3,62.4,0,,0.0,0,0,0,0.0,0,8,33,1,2,0,0,0,0,0.0,
Josaiah Stewart,147092,ED,LA,1,0,,,25.0,,,0,0,0,,26,60.8,53.3,73.2,72.7,45.0,,0,,,0,0,0,0.0,0,2,8,0,0,0,0,0,0,0.0,
Mike Green,151084,ED,BLT,1,0,,,6.7,,,0,0,0,,3,60.0,45.6,75.2,60.2,39.6,70.5,0,,,0,0,0,0.0,0,1,15,0,0,0,0,0,0,0.0,
Dondrea Tillman,156124,ED,DEN,1,0,9.0,100.0,27.3,3.0,3.0,0,0,0,0.0,10,42.9,54.1,74.5,51.1,73.9,28.8,0,13,100.0,1,0,0,118.8,1,3,11,0,0,1,0,13,4,4.3,13.0
Jihaad Campbell,157013,LB,PHI,1,1,29.0,0.0,91.9,,29.0,0,0,1,100.0,24,85.9,88.3,78.0,55.3,72.4,76.6,0,,0.0,0,1,0,39.6,0,34,37,0,0,1,0,0,0,0.0,
Mykel Williams,157061,ED,SF,1,0,,,13.6,,,0,0,0,,28,60.7,47.0,77.9,49.2,50.5,69.6,0,,,0,0,0,0.0,0,3,22,0,0,0,0,0,0,0.0,
Malaki Starks,157069,S,BLT,1,2,16.7,100.0,98.3,17.0,17.0,0,1,0,0.0,3,48.3,53.2,83.1,59.0,79.9,82.8,0,21,0.0,0,0,0,158.3,3,57,58,0,1,3,1,46,2,0.9,15.3
Jalon Walker,157070,ED,ATL,1,0,,,25.0,,,0,0,0,,2,65.3,55.9,76.0,55.1,53.6,72.4,0,,0.0,0,0,0,0.0,0,4,16,0,1,0,0,0,0,0.0,
Jacob Parrish,157777,CB,TB,1,1,0.8,75.0,97.4,12.0,9.0,0,0,0,0.0,30,64.2,66.6,76.3,60.0,70.6,26.3,0,24,50.0,3,0,0,91.7,3,37,38,1,2,4,0,26,20,0.7,8.7
Nick Emmanwori,158121,S,SEA,1,0,,,100.0,,,0,0,0,,29,61.2,72.6,65.7,,69.2,71.6,0,,,0,0,0,0.0,0,2,2,0,0,0,0,0,0,0.0,
Will Johnson,158536,CB,ARZ,1,0,7.4,57.1,100.0,9.0,5.1,0,0,3,42.9,1,90.3,90.2,77.4,,60.6,72.5,0,13,0.0,0,2,0,68.8,4,38,38,0,1,7,0,32,0,0.9,8.0
Travis Hunter,160766,WR,JAX,1,0,,,100.0,,,0,0,0,,15,66.0,66.7,68.7,,60.0,72.5,0,,0.0,0,0,0,0.0,0,3,3,0,1,0,0,0,0,0.0,
Jamaree Caldwell,162505,DI,LAC,1,0,,,8.7,,,0,0,0,,27,58.7,53.4,76.0,51.1,62.2,,0,,,0,0,0,0.0,0,2,23,0,0,0,0,0,0,0.0,
Kenneth Grant,162816,DI,MIA,1,0,5.0,100.0,4.5,1.0,1.0,0,0,0,0.0,17,60.0,39.5,77.5,56.3,37.8,70.5,0,6,0.0,0,0,0,91.7,1,1,22,0,2,1,0,6,1,6.0,6.0
James Pearce Jr.,163770,ED,ATL,1,0,,,11.8,,,0,0,0,,2,60.5,59.4,0.0,70.0,60.2,,0,,,0,0,1,0.0,0,2,17,0,0,0,0,0,0,0.0,
Abdul Carter,164160,ED,NYG,1,0,,,11.1,,,0,0,0,,21,60.6,81.5,78.5,78.3,65.5,72.8,0,,,0,0,0,0.0,0,3,27,0,0,0,0,0,0,0.0,
