player,player_id,position,team_name,player_game_count,attempts,avoided_tackles,breakaway_attempts,breakaway_percent,breakaway_yards,declined_penalties,designed_yards,drops,elu_recv_mtf,elu_rush_mtf,elu_yco,elusive_rating,explosive,first_downs,franchise_id,fumbles,gap_attempts,grades_hands_fumble,grades_offense,grades_offense_penalty,grades_pass,grades_pass_block,grades_pass_route,grades_run,grades_run_block,longest,penalties,rec_yards,receptions,routes,run_plays,scramble_yards,scrambles,targets,total_touches,touchdowns,yards,yards_after_contact,yco_attempt,ypa,yprr,zone_attempts
Derrick Henry,10679,HB,BLT,3,66,11,3,27.6,83,0,301,0,1,11,236,60.4,6,16,3,0,27,85.0,78.3,78.6,,43.8,79.4,75.5,58.7,32,0,38,5,23,72,0,0,5,71,6,301,236,3.58,4.6,1.65,38
Jonathan Taylor,57488,HB,IND,3,66,6,3,24.4,63,0,258,0,1,6,182,25.7,9,16,14,1,28,55.2,65.9,13.0,,85.7,47.8,68.7,60.0,24,1,67,9,63,72,0,0,11,75,4,258,182,2.76,3.9,1.06,38
Bijan Robinson,123126,HB,ATL,3,66,11,4,34.7,121,0,349,0,6,11,278,90.6,8,20,2,2,19,29.8,84.1,79.8,,41.5,77.2,81.6,60.0,55,0,118,13,45,70,0,0,15,79,2,349,278,4.21,5.3,2.62,45
Kenneth Walker III,97199,HB,KC,3,65,34,5,40.0,144,0,360,2,2,34,303,220.8,10,19,16,0,27,85.0,90.6,81.0,,85.7,75.9,88.5,71.6,60,0,82,11,54,69,0,0,15,76,2,360,303,4.66,5.5,1.52,37
Jahmyr Gibbs,122474,HB,DET,3,65,22,5,28.3,87,0,307,0,3,22,199,92.2,11,23,11,1,29,59.1,91.0,80.6,,42.6,92.7,85.3,60.0,21,0,156,18,67,71,0,0,20,83,4,307,199,3.06,4.7,2.33,36
Ashton Jeanty,157196,HB,LV,3,63,6,1,7.3,15,0,206,3,1,6,168,24.6,4,9,23,0,27,85.0,57.1,82.3,,22.8,44.6,65.7,60.0,15,0,97,13,66,69,0,0,16,76,0,206,168,2.67,3.3,1.47,34
James Cook,83666,HB,BUF,3,58,7,6,37.6,130,0,346,1,0,7,156,30.4,12,17,4,2,35,27.7,63.3,80.5,,69.3,41.1,67.1,57.1,35,0,16,4,48,75,0,0,8,62,2,346,156,2.69,6.0,0.33,22
D'Andre Swift,57212,HB,CHI,3,54,11,3,29.6,75,0,253,0,3,11,177,74.0,4,10,6,1,13,51.0,64.8,7.8,,23.7,68.9,68.3,59.7,32,1,68,8,48,65,0,0,10,62,3,253,177,3.28,4.7,1.42,41
Aaron Jones,11937,HB,MIN,3,52,4,2,17.2,35,0,203,0,0,4,121,16.3,3,9,18,0,27,83.4,66.1,78.9,,75.1,61.0,64.6,60.0,20,0,34,5,37,56,0,0,7,57,1,203,121,2.33,3.9,0.92,24
Breece Hall,97636,HB,NYJ,3,51,9,0,0.0,0,0,163,0,3,9,96,37.0,5,13,22,0,22,83.7,63.9,80.5,,61.8,75.4,60.2,60.0,14,0,102,10,43,56,0,0,10,61,1,163,96,1.88,3.2,2.37,27
Omarion Hampton,162750,HB,LAC,3,50,12,1,8.8,17,0,193,0,1,12,150,75.0,4,13,27,2,24,26.2,59.4,78.1,,82.8,58.1,58.2,60.0,17,0,21,2,26,56,0,0,2,52,2,193,150,3.0,3.9,0.81,26
Cam Skattebo,147787,HB,NYG,3,50,11,0,0.0,0,0,177,1,1,11,146,61.5,4,8,21,3,27,23.0,55.8,80.2,,27.5,37.4,62.0,60.1,13,0,59,7,48,66,0,0,8,57,1,177,146,2.92,3.5,1.23,20
Chase Brown,77787,HB,CIN,3,49,8,0,0.0,0,0,197,0,3,8,143,54.4,6,10,7,0,17,83.4,78.3,80.5,,86.1,67.0,76.1,75.9,13,0,32,10,59,55,0,0,11,59,1,197,143,2.92,4.0,0.54,31
Jacory Croskey-Merritt,102382,HB,WAS,3,47,4,0,0.0,0,0,142,0,0,4,111,18.9,2,9,32,1,12,43.5,60.7,79.4,,57.7,55.6,61.5,60.0,11,1,5,3,26,52,0,0,3,50,1,142,111,2.36,3.0,0.19,34
Javonte Williams,77803,HB,DAL,3,43,4,3,32.0,54,0,169,0,5,4,120,47.4,3,9,9,1,18,46.1,71.6,6.0,,69.2,87.2,65.7,59.6,22,1,56,10,58,49,0,0,11,53,2,169,120,2.79,3.9,0.97,25
Bhayshul Tuten,150568,HB,JAX,3,43,15,1,7.8,16,0,204,0,0,15,184,133.7,6,13,15,0,22,82.5,83.8,79.3,,38.8,70.1,83.7,60.0,16,0,36,5,29,46,0,0,5,48,2,204,184,4.28,4.7,1.24,20
Quinshon Judkins,157128,HB,CLV,3,42,8,0,0.0,0,0,124,0,4,8,97,54.3,2,4,8,0,18,82.5,60.1,78.7,,52.2,73.8,57.3,59.2,11,0,53,9,37,52,0,0,9,51,0,124,97,2.31,3.0,1.43,24
Jeremiyah Love,171090,HB,ARZ,3,41,5,1,11.3,18,0,160,1,1,5,113,32.4,1,6,1,0,21,82.5,69.7,82.1,,73.2,54.1,72.6,60.0,18,0,44,10,45,49,0,0,11,51,1,160,113,2.76,3.9,0.98,19
Chuba Hubbard,57373,HB,CAR,3,41,6,1,8.7,16,0,184,0,5,6,106,56.9,5,9,5,0,18,47.6,72.4,82.4,,44.9,73.7,71.8,60.0,16,0,77,9,76,50,0,0,9,50,1,184,106,2.59,4.5,1.01,22
Bucky Irving,144970,HB,TB,3,40,10,1,21.1,38,0,180,1,0,10,120,56.6,3,7,30,1,20,47.0,64.0,82.5,,27.8,48.3,72.7,60.0,38,1,61,13,58,45,0,0,14,53,1,180,120,3.0,4.5,1.05,20
Kyren Williams,97118,HB,LA,3,38,10,3,30.8,66,0,214,0,0,10,135,72.5,4,10,26,1,24,41.8,81.5,80.7,,58.4,79.8,80.6,60.0,30,0,106,11,62,41,0,0,12,49,1,214,135,3.55,5.6,1.71,14
Jaylen Warren,98692,HB,PIT,3,38,12,3,36.1,78,0,216,0,4,12,147,128.9,5,9,25,1,16,40.4,72.7,82.4,,33.1,63.9,77.8,60.0,35,0,110,10,63,40,0,0,13,48,0,216,147,3.87,5.7,1.75,22
Tony Pollard,27126,HB,TEN,3,38,8,2,19.7,34,0,173,0,0,8,110,52.6,5,7,31,0,23,81.6,76.0,79.7,,79.5,64.2,74.6,60.0,18,0,22,6,29,41,0,0,7,44,0,173,110,2.89,4.6,0.76,15
David Montgomery,45719,HB,HST,3,37,3,1,17.5,18,0,103,0,1,3,77,18.9,1,5,13,0,21,81.5,68.8,0.0,55.1,87.3,68.7,68.6,60.0,18,1,48,7,57,40,0,0,7,44,2,103,77,2.08,2.8,0.84,16
Christian McCaffrey,11763,HB,SF,3,35,4,1,9.6,16,0,166,1,4,4,97,46.2,5,8,28,0,6,81.7,65.6,79.5,,34.5,63.4,68.8,34.2,16,0,104,13,56,41,0,0,17,48,3,166,97,2.77,4.7,1.86,28
J.K. Dobbins,57366,HB,DEN,3,35,4,2,26.4,32,0,121,0,0,4,92,29.2,2,3,10,1,17,32.8,51.0,77.8,,45.4,54.5,53.0,60.0,17,0,4,1,16,42,0,0,1,36,0,121,92,2.63,3.5,0.25,17
Saquon Barkley,45791,HB,PHI,3,34,8,2,33.9,59,0,174,1,0,8,123,78.2,4,6,24,0,7,81.0,67.9,79.6,,41.8,59.7,70.3,60.0,42,0,6,3,30,37,0,0,6,37,0,174,123,3.62,5.1,0.2,26
De'Von Achane,124305,HB,MIA,3,34,4,1,13.4,17,0,127,1,1,4,64,23.0,3,5,17,0,20,81.2,65.3,79.3,,23.1,71.1,63.9,60.0,17,0,49,7,49,36,0,0,11,41,0,127,64,1.88,3.7,1.0,14
Emanuel Wilson,154173,HB,SEA,3,32,8,1,16.5,18,0,109,0,0,8,76,59.4,2,6,29,0,14,79.9,59.3,75.8,,78.3,51.3,60.1,60.0,18,0,0,0,18,34,0,0,1,32,0,109,76,2.38,3.4,0.0,17
Travis Etienne Jr.,57185,HB,NO,3,31,4,2,26.4,34,0,129,0,2,4,79,36.4,3,7,20,0,7,81.0,64.4,82.4,,41.7,83.7,58.3,59.6,18,0,51,11,49,39,0,0,12,42,0,129,79,2.55,4.2,1.04,18
Rhamondre Stevenson,98689,HB,NE,3,31,5,1,20.7,24,0,116,0,3,5,101,65.2,2,8,19,1,17,35.4,62.4,79.8,,48.6,46.4,69.1,58.5,24,0,63,9,57,38,0,0,11,40,0,116,101,3.26,3.7,1.11,9
Kyle Monangai,129891,HB,CHI,3,30,6,2,42.7,76,0,178,0,0,6,135,79.4,4,8,6,0,6,80.1,72.3,79.3,,64.6,60.3,72.9,59.0,61,0,35,4,29,34,0,0,4,34,1,178,135,4.5,5.9,1.21,24
Brian Robinson,57120,HB,ATL,3,30,4,1,12.1,16,0,132,0,1,4,125,65.1,2,8,2,0,8,80.8,72.8,77.6,,73.0,62.3,71.9,60.0,16,0,16,2,19,32,0,0,2,32,1,132,125,4.17,4.4,0.84,21
Jadarian Price,156985,HB,SEA,3,28,8,1,20.7,25,0,121,0,1,8,105,105.5,5,8,29,2,3,21.8,54.0,76.8,,80.8,60.8,51.9,60.0,25,0,21,4,27,29,0,0,7,32,0,121,105,3.75,4.3,0.78,25
Josh Allen,46601,QB,BUF,3,28,1,0,0.0,0,0,36,0,0,0,19,0.0,4,13,4,3,5,27.5,83.1,83.2,73.5,,,89.6,60.1,21,0,1,1,0,85,78,7,1,22,6,114,47,1.68,4.1,,2
Blake Corum,129574,HB,LA,3,28,5,2,23.0,34,0,148,1,1,5,52,35.9,5,7,26,1,16,29.3,65.7,76.1,,87.0,44.6,66.7,60.0,18,0,13,3,22,32,0,0,5,31,0,148,52,1.86,5.3,0.59,11
Kaelon Black,138448,HB,SF,3,25,4,0,0.0,0,0,107,0,0,4,58,35.7,1,4,28,0,5,78.8,62.1,78.5,,74.8,51.7,64.0,60.0,14,0,5,1,20,28,0,0,2,26,0,107,58,2.32,4.3,0.25,19
Deshaun Watson,11767,QB,CLV,3,24,9,0,0.0,0,0,17,0,0,1,28,19.4,2,9,8,1,3,62.0,54.0,0.0,51.5,,,67.2,60.0,21,2,0,0,0,66,88,12,0,12,0,105,103,4.29,4.4,,2
TreVeyon Henderson,145059,HB,NE,2,24,1,1,39.4,39,0,99,0,0,1,57,9.5,2,3,19,0,18,78.3,62.8,77.0,,54.1,53.7,64.6,60.0,39,0,6,1,23,26,0,0,1,25,1,99,57,2.38,4.1,0.26,5
Tyler Allgeier,83639,HB,ARZ,3,24,5,0,0.0,0,0,70,0,0,5,57,37.1,1,4,1,0,10,79.2,57.5,81.2,,46.7,69.3,54.1,59.7,11,0,28,8,51,27,0,0,8,32,0,70,57,2.38,2.9,0.55,13
MarShawn Lloyd,124247,HB,GB,3,23,5,0,0.0,0,0,68,0,0,5,43,34.6,1,4,12,1,16,27.9,56.9,77.3,,50.3,60.7,56.7,60.0,12,0,13,4,25,25,0,0,6,27,0,68,43,1.87,3.0,0.52,7
Woody Marks,124179,HB,HST,3,22,6,0,0.0,0,0,65,0,2,6,56,70.2,2,7,13,0,15,81.0,70.1,80.3,,77.5,70.6,67.3,59.7,12,0,31,7,47,27,0,0,7,29,1,65,56,2.55,3.0,0.66,6
Rachaad White,131633,HB,WAS,3,22,3,1,19.0,19,0,100,0,2,3,75,55.0,2,6,32,0,7,79.9,66.2,80.8,,73.0,67.8,63.6,60.0,19,0,51,9,51,24,0,0,9,31,0,100,75,3.41,4.5,1.0,15
Chris Rodriguez Jr.,83689,HB,JAX,3,20,2,0,0.0,0,0,73,0,0,2,54,27.0,0,6,15,0,10,77.1,71.0,76.3,,67.7,52.8,71.4,60.0,9,0,0,0,14,27,0,0,0,20,1,73,54,2.7,3.7,0.0,10
Ollie Gordon II,157792,HB,MIA,3,20,4,0,0.0,0,0,48,0,1,4,41,44.6,1,4,17,0,11,78.6,58.3,78.8,,24.7,64.5,61.2,52.4,11,0,14,3,30,28,0,0,3,23,1,48,41,2.05,2.4,0.47,9
Braelon Allen,145159,HB,NYJ,3,19,3,0,0.0,0,0,61,0,0,3,43,29.5,0,5,22,0,11,77.9,63.6,79.6,,53.1,57.5,66.5,60.0,9,0,11,4,38,24,0,0,5,23,1,61,43,2.26,3.2,0.29,8
Alvin Kamara,11822,HB,NO,2,18,2,0,0.0,0,0,51,1,0,2,39,18.1,1,3,20,0,4,77.5,54.0,78.6,,68.8,49.0,56.8,59.2,11,0,12,6,21,20,0,0,7,24,0,51,39,2.17,2.8,0.57,12
Lamar Jackson,46416,QB,BLT,3,17,6,1,16.9,21,0,34,0,0,0,8,0.0,7,9,3,1,2,57.7,86.8,83.3,78.2,,,90.3,60.2,21,0,0,0,0,89,90,9,0,8,1,124,79,4.65,7.3,,2
Keaton Mitchell,123826,HB,LAC,3,17,5,1,20.0,17,0,85,0,1,5,53,89.1,3,2,27,0,4,79.3,68.5,79.1,,74.6,62.4,70.5,56.9,17,0,10,4,33,20,0,0,4,21,0,85,53,3.12,5.0,0.3,13
Malik Willis,60341,QB,MIA,3,17,2,0,0.0,0,0,25,0,0,1,8,22.2,3,5,17,2,0,35.2,48.8,0.0,53.7,,,44.8,60.0,14,3,0,0,0,70,76,11,0,6,1,101,47,2.76,5.9,,1
Emmett Johnson,156473,HB,KC,3,16,5,0,0.0,0,0,56,0,7,5,49,183.8,0,3,16,0,6,77.7,72.1,77.5,,54.9,90.1,65.5,60.0,8,0,64,4,22,20,0,0,4,20,0,56,49,3.06,3.5,2.91,10
Jalen Hurts,40291,QB,PHI,3,16,1,0,0.0,0,0,4,0,0,0,1,0.0,3,7,24,0,1,86.3,72.1,82.8,68.3,,,71.8,60.0,22,2,0,0,0,66,83,10,0,6,1,87,38,2.38,5.4,,1
Caleb Williams,144622,QB,CHI,2,15,4,1,15.9,17,0,21,0,0,0,3,0.0,4,6,6,1,0,49.3,63.9,22.8,61.4,,,67.7,60.3,29,3,0,0,0,64,86,10,0,5,2,107,25,1.67,7.1,,2
Rico Dowdle,40693,HB,PIT,2,15,1,0,0.0,0,0,37,1,0,1,30,10.5,0,1,25,0,5,76.3,46.5,77.4,,48.8,50.8,47.0,,6,0,28,4,27,15,0,0,6,19,0,37,30,2.0,2.5,1.04,10
Mike Washington Jr.,145672,HB,LV,3,15,1,2,52.9,54,0,102,0,0,1,61,27.1,2,4,23,0,5,75.5,69.7,75.8,,79.4,52.5,69.9,60.0,36,0,0,0,12,20,0,0,0,15,1,102,61,4.07,6.8,0.0,9
Jordan Mason,62946,HB,MIN,1,15,1,1,47.5,28,0,59,0,0,1,57,25.3,1,2,18,0,6,75.5,66.4,73.7,,75.8,55.0,65.8,60.0,28,0,0,0,7,18,0,0,0,15,1,59,57,3.8,3.9,0.0,9
George Holani,72154,HB,SEA,3,15,1,0,0.0,0,0,52,0,4,1,35,55.6,0,0,29,0,7,76.9,56.9,79.9,,25.2,71.0,56.9,60.0,9,0,50,6,30,18,0,0,7,21,0,52,35,2.33,3.5,1.67,7
Drake Maye,143969,QB,NE,3,15,3,0,0.0,0,0,9,0,0,0,6,0.0,3,7,19,2,0,28.9,41.2,34.0,36.6,,58.9,71.0,60.0,16,1,0,0,1,71,72,9,0,6,0,81,43,2.87,5.4,0.0,1
Corey Kiner,86392,HB,NE,3,14,0,0,0.0,0,0,29,0,1,0,31,14.8,0,1,19,0,7,75.9,52.3,71.4,,69.4,77.5,50.7,60.0,7,0,9,1,3,16,0,0,1,15,0,29,31,2.21,2.1,3.0,6
Tank Bigsby,123974,HB,PHI,3,14,2,0,0.0,0,0,36,0,1,2,31,39.1,0,2,24,1,8,25.4,43.3,75.8,,52.7,27.1,53.2,60.0,9,0,10,3,10,21,0,0,3,17,1,36,31,2.21,2.6,1.0,6
Justice Hill,45865,HB,BLT,3,13,2,0,0.0,0,1,57,0,0,2,29,27.9,1,3,3,0,2,75.6,54.9,0.0,,42.2,55.5,59.8,60.0,11,2,22,3,46,17,0,0,3,16,0,57,29,2.23,4.4,0.48,11
Najee Harris,57121,HB,NYG,2,13,0,0,0.0,0,0,58,0,0,0,38,0.0,1,3,21,0,7,75.5,67.4,72.6,,65.8,56.6,66.9,60.0,11,0,0,0,5,16,0,0,0,13,0,58,38,2.92,4.5,0.0,6
Kendre Miller,123091,HB,NO,2,13,1,0,0.0,0,0,44,1,0,1,35,17.9,0,2,20,1,2,24.5,29.8,75.3,,21.1,32.3,38.0,60.0,8,0,5,2,13,16,0,0,3,15,1,44,35,2.69,3.4,0.38,10
Tyler Shough,83537,QB,NO,3,13,3,0,0.0,0,0,15,0,0,1,12,18.8,2,5,20,5,1,52.8,79.1,44.8,79.6,,,57.7,60.0,36,2,0,0,0,76,52,5,0,8,1,67,29,2.23,5.2,,2
Tyjae Spears,97195,HB,TEN,3,13,2,1,46.6,27,0,58,0,1,2,44,59.7,2,2,31,1,6,24.6,54.3,81.3,,72.5,35.3,60.9,60.0,27,0,41,4,37,15,0,0,6,17,0,58,44,3.38,4.5,1.11,7
Geno Smith,7820,QB,NYJ,3,13,2,0,0.0,0,0,-9,0,0,0,0,0.0,1,2,22,3,0,61.8,74.7,0.0,78.3,,,49.2,60.0,11,5,0,0,0,80,39,8,0,5,0,30,54,4.15,2.3,,1
Jayden Daniels,97993,QB,WAS,2,12,7,0,0.0,0,0,-11,0,0,1,6,66.7,5,6,32,1,0,82.3,77.0,0.0,70.2,,,86.6,60.0,20,2,0,0,0,44,98,9,0,3,0,87,69,5.75,7.3,,3
Kaleb Johnson,156419,HB,GB,2,12,3,0,0.0,0,0,34,0,1,3,31,79.5,2,3,12,1,5,24.8,54.8,74.7,,57.0,59.7,54.1,,12,0,10,1,19,15,0,0,2,13,0,34,31,2.58,2.8,0.53,7
Bo Nix,97790,QB,DEN,3,12,0,0,0.0,0,0,12,0,0,0,0,0.0,0,4,10,3,1,26.7,45.7,0.0,48.0,,,52.4,60.0,8,2,0,0,0,70,3,1,0,11,1,15,0,0.0,1.3,,3
Kirk Cousins,7102,QB,LV,3,12,0,0,0.0,0,0,-14,0,0,0,2,0.0,0,0,23,1,1,59.8,67.5,83.3,67.8,,,52.7,60.5,5,0,0,0,0,92,12,3,0,9,0,-2,4,0.33,-0.2,,0
AJ Dillon,57165,HB,CAR,3,12,4,0,0.0,0,0,41,0,0,4,35,89.7,2,2,5,0,8,74.5,59.2,73.6,,30.0,60.0,61.2,60.0,11,0,-2,1,6,13,0,0,1,13,0,41,35,2.92,3.4,-0.33,4
Justin Herbert,28237,QB,LAC,3,12,0,0,0.0,0,0,8,0,0,0,2,0.0,1,3,27,3,2,29.6,49.8,83.2,48.4,,,60.1,60.0,11,0,0,0,0,75,40,8,0,4,0,48,39,3.25,4.0,,1
Chris Brooks,83644,HB,GB,3,11,0,0,0.0,0,0,40,1,2,0,26,36.4,1,1,12,0,6,74.8,47.2,82.5,,37.0,43.3,55.1,,14,0,19,2,42,12,0,0,3,13,0,40,26,2.36,3.6,0.45,5
Baker Mayfield,46518,QB,TB,3,11,4,0,0.0,0,0,2,0,0,0,0,0.0,1,5,30,3,0,26.0,58.9,36.3,58.6,,,61.3,60.0,14,1,0,0,0,58,63,9,0,2,1,65,56,5.09,5.9,,0
Jacoby Brissett,10725,QB,ARZ,3,11,0,0,0.0,0,0,7,0,0,0,7,0.0,1,6,1,0,0,87.6,77.5,83.5,74.0,,,74.8,60.0,11,0,0,0,0,78,18,2,0,9,1,25,10,0.91,2.3,,0
Jaxson Dart,146409,QB,NYG,2,11,0,1,40.7,22,0,28,0,0,0,8,0.0,2,4,21,1,0,31.9,70.5,0.0,64.6,,,78.1,60.0,22,1,0,0,0,37,26,3,0,8,0,54,8,0.73,4.9,,2
Brock Purdy,77672,QB,SF,3,10,2,0,0.0,0,0,2,0,0,0,0,0.0,4,8,28,0,0,85.0,89.8,82.4,81.0,,,91.4,60.0,35,1,0,0,0,68,91,6,0,4,1,93,22,2.2,9.3,,0
Dak Prescott,10769,QB,DAL,3,10,1,0,0.0,0,0,3,0,0,0,2,0.0,2,4,9,0,0,86.6,87.0,83.0,86.3,,,60.0,60.0,11,1,0,0,0,61,56,9,0,1,0,59,21,2.1,5.9,,0
Samaje Perine,11869,HB,CIN,3,10,0,0,0.0,0,0,35,0,0,0,21,0.0,0,2,7,0,2,75.3,61.5,83.3,,49.7,81.7,53.3,46.7,8,0,51,5,35,16,0,0,6,15,0,35,21,2.1,3.5,1.46,8
Patrick Mahomes,11765,QB,KC,3,10,0,0,0.0,0,0,-4,0,0,0,0,0.0,2,3,16,1,0,86.1,91.4,83.2,90.2,,,74.6,60.0,15,0,0,0,0,86,45,7,0,3,1,41,28,2.8,4.1,,0
Jonah Coleman,158717,HB,DEN,2,10,0,0,0.0,0,0,39,0,0,0,11,0.0,2,3,10,0,4,74.8,58.8,74.6,,14.1,67.6,62.8,60.2,12,0,19,3,6,17,0,0,3,13,1,39,11,1.1,3.9,3.17,6
Kenneth Gainwell,77737,HB,TB,3,10,2,0,0.0,0,0,21,1,4,2,28,105.0,0,3,30,0,6,79.4,54.9,80.5,,29.2,55.5,61.7,59.5,7,0,22,6,39,20,0,0,10,16,0,21,28,2.8,2.1,0.56,4
Ameer Abdullah,9487,HB,JAX,3,10,2,0,0.0,0,0,45,0,0,2,36,60.0,2,3,15,0,4,76.3,58.3,73.6,,19.6,61.1,60.8,,12,0,2,2,5,10,0,0,3,12,0,45,36,3.6,4.5,0.4,6
Jared Goff,10635,QB,DET,3,9,0,0,0.0,0,0,-2,0,0,0,10,0.0,0,0,11,3,0,86.6,79.4,83.4,80.5,,,46.2,60.0,6,1,0,0,0,83,17,5,0,4,0,15,13,1.44,1.7,,0
Devin Singletary,40485,HB,NYG,2,9,1,0,0.0,0,0,25,0,0,1,18,15.4,0,0,21,0,3,74.0,58.3,75.9,,83.6,68.3,51.0,,6,0,22,4,25,9,0,0,5,13,0,25,18,2.0,2.8,0.88,6
Kaytron Allen,164158,HB,WAS,2,9,1,0,0.0,0,0,40,0,0,1,34,42.0,0,1,32,0,2,72.7,66.3,70.6,,80.3,58.8,64.3,,9,0,0,0,1,9,0,0,0,9,0,40,34,3.78,4.4,0.0,7
Jonathon Brooks,144721,HB,CAR,2,9,0,0,0.0,0,0,30,0,0,0,13,0.0,0,0,5,0,3,73.9,73.4,77.1,,83.7,83.8,62.5,,7,0,43,2,16,10,0,0,3,11,0,30,13,1.44,3.3,2.69,5
Sione Vaki,158505,HB,DET,3,9,0,0,0.0,0,0,40,0,2,0,22,40.7,0,2,11,0,3,73.7,67.1,76.8,,55.2,72.2,66.2,60.0,7,0,35,3,28,10,0,0,3,12,0,40,22,2.44,4.4,1.25,6
Will Shipley,144138,HB,PHI,3,9,2,0,0.0,0,0,28,0,0,2,16,27.4,0,1,24,0,2,75.8,64.4,81.3,,52.3,58.5,70.5,60.0,7,0,24,4,38,13,0,0,5,13,0,28,16,1.78,3.1,0.63,7
Cam Ward,133244,QB,TEN,3,9,2,0,0.0,0,0,4,0,0,0,0,0.0,0,6,31,0,0,85.5,57.5,82.5,54.1,,,70.4,60.3,7,0,0,0,0,59,26,6,0,3,2,30,26,2.89,3.3,,0
Trevor Lawrence,77632,QB,JAX,3,8,2,1,44.1,15,0,24,0,0,2,23,184.0,1,4,15,0,0,84.9,76.0,32.7,76.4,,,59.7,60.8,15,1,0,0,0,75,10,3,0,5,0,34,36,4.5,4.3,,2
Matthew Stafford,4924,QB,LA,3,8,0,0,0.0,0,0,-4,0,0,0,0,0.0,1,2,26,0,0,87.0,64.0,0.0,64.4,,,61.7,60.0,10,3,0,0,0,72,15,3,0,5,0,11,2,0.25,1.4,,0
Joe Burrow,28022,QB,CIN,3,8,1,0,0.0,0,0,13,0,0,0,1,0.0,1,5,7,1,0,59.9,83.2,83.0,80.6,,,68.9,60.0,12,0,0,0,0,66,19,3,0,5,0,32,9,1.13,4.0,,0
Carson Wentz,10636,QB,MIN,2,8,2,0,0.0,0,0,0,0,0,0,1,0.0,0,2,18,0,0,81.6,62.7,80.9,60.8,,,63.2,60.0,4,0,0,0,0,54,5,2,0,6,0,5,6,0.75,0.6,,0
C.J. Stroud,129759,QB,HST,3,7,0,0,0.0,0,0,2,0,0,0,1,0.0,3,4,13,2,0,41.8,71.7,83.6,68.6,,58.9,75.4,60.0,15,1,0,0,0,67,52,5,0,2,0,54,6,0.86,7.7,,0
Aaron Rodgers,2241,QB,PIT,3,7,0,0,0.0,0,0,-5,0,0,0,0,0.0,1,1,25,2,0,63.2,68.4,37.8,66.2,,,73.8,60.2,12,1,0,0,0,63,17,2,0,5,0,12,14,2.0,1.7,,0
Daniel Jones,39395,QB,IND,3,7,0,0,0.0,0,0,7,0,0,0,5,0.0,0,5,14,3,0,30.8,61.0,0.0,61.2,,,63.4,60.0,5,3,0,0,0,79,12,4,0,3,0,19,16,2.29,2.7,,0
Tyler Goodson,101659,HB,DAL,1,6,1,0,0.0,0,0,22,0,0,1,12,28.6,1,1,9,0,2,71.1,62.2,71.7,,,61.2,61.8,,10,0,-5,1,5,6,0,0,1,7,0,22,12,2.0,3.7,-1.0,3
Marcus Mariota,9435,QB,WAS,2,6,1,0,0.0,0,0,7,0,0,0,2,0.0,0,2,32,0,0,81.8,64.7,80.6,67.3,,55.2,48.8,60.0,9,0,0,0,2,41,7,3,0,3,0,14,16,2.67,2.3,0.0,1
Seth McGowan,122936,HB,IND,3,6,1,0,0.0,0,0,14,0,0,1,20,47.6,0,1,14,0,1,76.3,58.9,73.0,,52.4,59.7,59.7,60.0,7,0,0,1,8,7,0,0,1,7,0,14,20,3.33,2.3,0.0,5
Ronnie Rivers,57208,HB,LA,1,5,0,0,0.0,0,0,19,0,1,0,12,40.0,0,1,26,0,5,70.3,67.7,69.8,,,78.7,63.1,,7,0,5,1,3,5,0,0,1,6,0,19,12,2.4,3.8,1.67,0
RJ Harvey,99622,HB,DEN,2,5,0,0,0.0,0,0,24,0,2,0,12,32.0,0,1,10,0,0,76.7,63.3,77.8,,15.3,75.9,63.5,58.3,7,0,64,10,31,11,0,0,11,15,0,24,12,2.4,4.8,2.06,4
Emari Demercado,77763,HB,DAL,2,5,0,0,0.0,0,0,15,0,0,0,12,0.0,0,0,9,0,3,69.7,52.6,72.0,,77.7,54.9,52.7,,7,0,0,0,4,5,0,0,0,5,0,15,12,2.4,3.0,0.0,2
Kyler Murray,38334,QB,MIN,2,4,0,0,0.0,0,0,0,0,0,0,,100.0,1,1,18,0,0,79.6,48.9,0.0,50.5,,,57.5,60.0,12,1,0,0,0,26,26,4,0,0,0,26,0,0.0,6.5,,0
CJ Donaldson,157372,HB,NO,3,4,0,0,0.0,0,0,11,0,0,0,5,0.0,0,3,20,0,0,69.4,67.3,79.4,,64.2,56.2,74.8,46.3,5,0,-2,1,16,12,0,0,1,5,0,11,5,1.25,2.8,-0.13,1
KC Concepcion,170362,WR,CLV,3,4,1,0,0.0,0,0,9,0,2,1,6,28.1,1,1,8,1,1,25.5,63.8,83.7,,,61.2,62.7,78.0,10,0,80,12,82,44,0,0,17,16,0,9,6,1.5,2.3,0.98,0
Deebo Samuel,48274,WR,SF,3,4,1,0,0.0,0,0,30,2,0,1,15,28.8,2,2,28,0,1,77.3,67.9,81.3,,,68.0,54.9,70.2,12,0,159,9,61,34,0,0,11,13,0,30,15,3.75,7.5,2.61,2
Jordan James,163295,HB,SF,1,4,0,0,0.0,0,0,15,0,0,0,12,0.0,0,1,28,0,1,68.6,53.3,70.5,,8.0,58.1,60.0,60.0,8,0,0,0,1,6,0,0,0,4,0,15,12,3.0,3.8,0.0,3
Jameis Winston,9434,QB,NYG,2,4,1,0,0.0,0,0,0,0,0,0,1,0.0,1,2,21,0,0,81.7,54.6,81.2,50.9,,,70.4,60.3,15,1,0,0,0,58,15,1,0,3,0,15,26,6.5,3.8,,0
Raheim Sanders,146626,HB,CLV,3,4,0,1,77.3,17,0,22,0,3,0,9,56.3,1,1,8,0,1,76.9,60.1,79.5,,36.8,71.3,52.3,60.0,17,0,66,8,37,10,0,0,9,12,0,22,9,2.25,5.5,1.78,3
Nicholas Singleton,164188,HB,TEN,1,4,0,0,0.0,0,0,10,0,0,0,3,0.0,0,0,31,0,3,68.6,63.9,67.3,,69.4,59.9,63.0,,6,0,0,0,1,4,0,0,0,4,0,10,3,0.75,2.5,0.0,1
Case Keenum,7323,QB,CHI,1,4,0,0,0.0,0,0,-1,0,0,0,1,0.0,0,1,6,1,0,28.9,60.7,79.5,65.8,,,37.4,60.0,7,0,0,0,0,34,7,1,0,3,1,6,4,1.0,1.5,,0
Tyrone Tracy,84226,HB,NYG,3,3,1,0,0.0,0,0,17,0,0,1,6,66.7,0,2,21,1,2,17.9,44.9,67.6,,,,48.3,,8,0,0,0,0,4,0,0,0,3,0,17,6,2.0,5.7,,1
Bryce Young,123943,QB,CAR,3,3,0,0,0.0,0,0,0,0,0,0,,100.0,0,2,5,0,0,87.2,81.5,83.3,78.7,,,70.6,60.0,7,1,0,0,0,63,16,3,0,0,1,16,1,0.33,5.3,,0
DeeJay Dallas,55632,HB,MIN,3,3,0,0,0.0,0,0,10,0,0,0,7,0.0,0,0,18,0,2,69.0,42.3,75.4,,15.8,61.2,52.5,,4,0,13,2,8,3,0,0,2,5,0,10,7,2.33,3.3,1.63,1
Travis Homer,45859,HB,PIT,2,3,0,0,0.0,0,0,16,0,0,0,12,0.0,1,1,25,0,1,67.2,57.8,70.4,,73.4,60.0,57.7,,14,0,0,0,1,3,0,0,0,3,0,16,12,4.0,5.3,0.0,2
Demond Claiborne,157523,HB,MIN,2,3,0,0,0.0,0,0,1,0,0,0,4,0.0,0,0,18,0,1,68.2,56.9,69.2,,,65.0,56.1,,3,0,2,1,2,3,0,0,1,4,0,1,4,1.33,0.3,1.0,2
Malik Washington,97108,WR,MIA,3,3,1,0,0.0,0,0,9,1,3,1,9,80.0,0,0,17,1,1,27.8,64.7,82.7,,42.1,64.7,61.2,59.5,4,0,152,12,94,53,0,0,23,15,0,9,9,3.0,3.0,1.62,2
Jaylen Wright,146934,HB,MIA,2,3,0,0,0.0,0,0,10,0,0,0,6,0.0,0,1,17,0,1,73.5,64.8,75.4,,,56.2,65.4,,8,0,0,0,3,3,0,0,0,3,0,10,6,2.0,3.3,0.0,2
Nick Mullens,12282,QB,JAX,1,3,0,0,0.0,0,0,-3,0,0,0,0,0.0,0,0,15,0,0,67.2,61.6,71.5,,,,60.5,60.0,-1,0,0,0,0,7,0,0,0,3,0,-3,0,0.0,-1.0,,0
Drake London,86519,WR,ATL,3,2,0,0,0.0,0,0,4,0,2,0,8,47.1,0,0,2,0,0,74.4,86.3,83.2,,,87.9,58.8,62.5,6,0,274,15,72,89,0,0,17,17,0,4,8,4.0,2.0,3.81,0
Chris Godwin,11839,WR,TB,3,2,0,0,0.0,0,0,15,0,4,0,5,83.3,1,1,30,0,1,73.0,71.2,81.0,,62.4,70.7,63.3,50.3,12,0,111,10,103,36,0,0,11,12,0,15,5,2.5,7.5,1.08,0
Cooper Rush,12324,QB,ATL,2,2,0,0,0.0,0,0,0,0,0,0,,100.0,1,1,2,1,0,30.0,28.5,80.6,29.5,,,42.5,60.0,11,0,0,0,0,51,20,2,0,0,0,20,4,2.0,10.0,,0
Drew Lock,39517,QB,SEA,2,2,0,0,0.0,0,0,-1,0,0,0,0,0.0,1,0,29,0,0,81.0,92.1,13.0,91.4,,,68.3,60.1,14,1,0,0,0,61,14,1,0,1,0,13,1,0.5,6.5,,0
Jordan Love,40306,QB,GB,3,2,0,0,,0,0,0,0,0,0,-2,0.0,0,0,12,4,0,23.7,47.6,37.8,47.9,,,63.4,60.0,0,2,0,0,0,52,0,0,0,2,0,0,-2,-1.0,0.0,,0
KaVontae Turpin,47658,WR,DAL,3,2,0,0,0.0,0,0,10,0,1,0,1,12.5,0,1,9,0,1,78.8,69.3,76.1,,,69.7,59.2,61.3,9,0,17,2,13,9,0,0,3,4,1,10,1,0.5,5.0,1.31,0
Connor Heyward,57301,FB,LV,3,2,0,0,0.0,0,0,2,0,0,0,0,0.0,0,2,23,0,0,67.2,62.5,79.7,,68.5,51.5,75.5,53.3,1,0,0,0,13,47,0,0,0,2,0,2,0,0.0,1.0,0.0,0
Mac Jones,60323,QB,SF,1,2,0,0,0.0,0,0,-2,0,0,0,0,0.0,0,0,28,0,0,66.7,69.4,71.5,,,,66.1,60.0,-1,0,0,0,0,7,0,0,0,2,0,-2,0,0.0,-1.0,,0
Kenny Pickett,60515,QB,CAR,2,2,0,0,0.0,0,0,-4,0,0,0,0,0.0,1,1,5,0,0,66.1,69.0,72.6,60.0,,,64.7,60.0,24,0,0,0,0,9,24,1,0,1,0,20,0,0.0,10.0,,0
Marquise Brown,61568,WR,PHI,1,2,1,0,0.0,0,0,12,0,0,1,2,50.0,0,0,24,0,0,65.2,57.7,74.1,,,54.7,62.6,58.8,9,0,0,0,8,8,0,0,0,2,0,12,2,1.0,6.0,0.0,0
Michael Penix Jr.,82134,QB,ATL,1,2,0,0,0.0,0,0,-2,0,0,0,0,0.0,0,0,2,0,0,77.9,74.5,79.3,73.0,,,60.0,60.0,-1,1,0,0,0,41,0,0,0,2,0,-2,0,0.0,-1.0,,0
Tyler Badie,83714,HB,DEN,2,2,0,0,0.0,0,0,3,0,2,0,1,20.0,0,1,10,0,1,72.2,67.3,77.0,,64.1,75.3,61.4,60.0,2,0,40,3,12,3,0,0,3,5,0,3,1,0.5,1.5,3.33,1
Pat Freiermuth,84085,TE,PIT,3,2,0,0,0.0,0,0,3,0,1,0,3,11.5,0,2,25,0,0,72.7,70.3,84.5,,71.4,65.4,70.6,70.6,2,0,108,11,83,36,0,0,14,13,0,3,3,1.5,1.5,1.3,0
Hunter Luepke,91319,FB,DAL,3,2,0,0,0.0,0,0,8,0,0,0,4,0.0,0,2,9,0,0,65.2,57.4,79.0,,64.9,53.3,60.4,55.0,7,0,0,0,12,9,0,0,0,2,0,8,4,2.0,4.0,0.0,1
Bam Knight,97432,HB,ARZ,2,2,0,1,75.0,18,0,24,0,0,0,19,0.0,1,1,1,0,2,65.2,93.9,68.7,,,,82.5,60.0,18,0,0,0,0,6,0,0,0,2,0,24,19,9.5,12.0,,0
Xavier Hutchinson,122518,WR,HST,3,2,1,0,0.0,0,0,4,0,2,1,4,54.5,0,1,13,0,0,72.0,64.9,82.1,,65.3,65.1,52.7,66.4,3,0,120,9,102,30,0,0,19,11,0,4,4,2.0,2.0,1.18,0
Jaylin Noel,125155,WR,HST,3,2,0,0,0.0,0,0,21,0,0,0,8,0.0,1,2,13,0,0,79.4,65.5,80.0,,,63.4,67.0,59.3,13,0,101,5,66,16,0,0,8,7,0,21,8,4.0,10.5,1.53,0
Tyler Warren,129798,TE,IND,3,2,0,0,0.0,0,1,5,1,2,0,3,15.0,0,2,14,0,0,74.7,65.1,84.7,,25.6,65.8,65.6,60.9,3,1,89,18,94,68,0,0,22,20,0,5,3,1.5,2.5,0.95,0
Deion Burks,145107,WR,IND,2,2,0,0,0.0,0,0,14,0,0,0,6,0.0,1,1,14,0,0,65.2,58.3,75.0,,,54.8,62.6,60.0,10,0,0,0,6,7,0,0,0,2,0,14,6,3.0,7.0,0.0,0
Luther Burden III,157170,WR,CHI,3,2,0,0,0.0,0,0,9,1,6,0,5,88.2,0,0,6,1,1,23.3,66.9,82.6,,,67.1,58.8,56.5,7,0,156,15,84,51,0,0,23,17,0,9,5,2.5,4.5,1.86,0
Jack Strand,212592,QB,ATL,1,2,0,0,0.0,0,0,0,0,0,0,,100.0,0,2,2,1,0,21.2,50.0,76.0,38.5,,,77.4,60.0,8,0,0,0,0,9,16,2,0,0,0,16,1,0.5,8.0,,0
Jaleel McLaughlin,138346,HB,CLV,2,1,0,0,0.0,0,0,3,0,0,0,3,0.0,0,0,8,0,0,65.2,51.6,76.7,,,53.2,53.8,59.1,3,0,0,0,6,4,0,0,1,1,0,3,3,3.0,3.0,0.0,1
Kenyon Sadiq,174132,TE,NYJ,3,1,0,0,0.0,0,0,3,0,2,0,1,15.4,0,1,22,0,0,72.5,71.6,27.6,,70.6,76.1,62.1,51.7,3,1,143,12,59,28,0,0,13,13,1,3,1,1.0,3.0,2.42,0
AJ Barner,129433,TE,SEA,3,1,0,0,0.0,0,1,1,0,2,0,0,0.0,0,1,29,0,0,71.5,65.4,24.2,,58.0,67.9,71.2,60.1,1,3,90,8,76,67,0,0,12,9,1,1,0,0.0,1.0,1.18,0
Kimani Vidal,123727,HB,LAC,3,1,0,0,0.0,0,0,6,0,1,0,2,100.0,0,1,27,0,0,69.1,60.5,77.3,,42.6,58.2,62.8,,6,0,14,1,21,1,0,0,1,2,0,6,2,2.0,6.0,0.67,1
Tez Johnson,123709,WR,TB,3,1,0,0,0.0,0,0,-4,1,1,0,5,166.7,0,0,30,0,0,78.0,53.2,77.3,,,56.6,59.2,36.7,-4,0,57,2,33,12,0,0,7,3,0,-4,5,5.0,-4.0,1.73,0
Troy Franklin,146567,WR,DEN,3,1,0,0,0.0,0,0,5,0,0,0,2,0.0,0,0,10,0,0,67.4,70.5,76.8,,,68.7,59.2,79.2,5,1,48,2,25,15,0,0,4,3,0,5,2,2.0,5.0,1.92,0
Quentin Johnston,123085,WR,LAC,3,1,1,0,0.0,0,0,7,2,1,1,15,428.6,0,0,27,0,0,70.8,52.4,34.4,,,53.0,63.0,51.7,7,1,64,6,82,64,0,0,14,7,0,7,15,15.0,7.0,0.78,0
Jalon Daniels,122555,QB,TB,1,1,0,0,0.0,0,0,0,0,0,0,,100.0,0,0,30,0,0,66.9,59.8,69.2,62.5,,,58.3,,9,0,0,0,0,0,9,1,0,0,0,9,0,0.0,9.0,,0
Frank Gore Jr.,121457,HB,BUF,2,1,0,0,0.0,0,0,3,0,0,0,3,0.0,0,0,4,0,1,61.9,62.5,74.8,,72.1,53.4,59.1,60.0,3,0,0,0,7,4,0,0,0,1,0,3,3,3.0,3.0,0.0,0
Ray Davis,101072,HB,BUF,3,1,0,0,0.0,0,0,3,0,0,0,2,0.0,0,0,4,0,1,70.5,59.0,73.1,,81.2,57.1,59.3,60.0,3,0,0,0,9,6,0,0,0,1,0,3,2,2.0,3.0,0.0,0
Zay Flowers,97268,WR,BLT,2,1,0,1,100.0,20,0,20,1,2,0,11,200.0,1,1,3,0,0,71.7,92.4,76.8,,,92.4,63.1,58.6,20,0,234,10,25,12,0,0,12,11,0,20,11,11.0,20.0,9.36,0
Lew Nichols,97187,HB,PIT,1,1,0,0,,0,0,0,0,0,0,0,0.0,0,0,25,0,1,61.9,52.6,66.5,,,,57.0,60.0,0,0,0,0,0,3,0,0,0,1,0,0,0,0.0,0.0,,0
Isaiah Williams,97156,WR,NYJ,3,1,1,0,0.0,0,0,14,0,0,1,8,88.9,1,1,22,0,0,80.1,51.5,32.9,,,53.3,63.1,40.1,14,2,62,8,103,52,0,0,10,9,0,14,8,8.0,14.0,0.6,0
Nate Adkins,87625,TE,DEN,3,1,0,0,0.0,0,0,6,0,0,0,3,0.0,0,0,10,0,0,67.0,76.7,77.1,,0.4,90.6,,63.7,6,0,40,4,20,35,0,0,4,5,0,6,3,3.0,6.0,2.0,0
Jaylen Waddle,84088,WR,DEN,3,1,1,0,0.0,0,0,14,2,1,1,21,350.0,1,1,10,0,0,72.9,72.6,19.2,,,72.9,63.1,58.0,14,1,150,11,77,38,0,0,20,12,0,14,21,21.0,14.0,1.95,0
Makai Lemon,174150,WR,PHI,3,1,0,0,0.0,0,0,-5,0,2,0,0,0.0,0,0,24,0,0,69.5,57.8,81.3,,,56.6,,67.8,-5,0,38,7,90,26,0,0,9,8,0,-5,0,0.0,-5.0,0.42,0
Rashid Shaheed,63707,WR,SEA,3,1,1,0,0.0,0,0,4,2,0,1,6,85.7,0,0,29,0,0,31.5,46.1,80.9,,,46.5,58.7,55.4,4,0,53,6,65,34,0,0,11,7,0,4,6,6.0,4.0,0.82,0
CeeDee Lamb,61570,WR,DAL,3,1,0,0,,0,0,0,1,3,0,0,0.0,0,0,9,0,0,75.0,89.5,82.2,,,89.8,56.2,55.9,0,0,309,20,96,44,0,0,25,21,0,0,0,0.0,0.0,3.22,0
Nico Collins,61441,WR,HST,1,1,0,0,0.0,0,0,7,1,1,0,2,25.0,0,1,13,0,0,70.8,70.9,78.9,,,71.7,62.8,35.9,7,0,75,7,37,15,0,0,10,8,0,7,2,2.0,7.0,2.03,0
Tommy DeVito,60545,QB,NE,1,1,0,0,0.0,0,0,0,0,0,0,,100.0,0,0,19,0,0,68.9,66.6,72.9,68.7,,,58.3,60.0,2,0,0,0,0,6,2,1,0,0,0,2,10,10.0,2.0,,0
Stetson Bennett,60387,QB,LA,1,1,0,0,0.0,0,0,0,0,0,0,,100.0,0,1,26,0,0,66.9,58.6,72.3,50.1,,,64.4,60.0,9,0,0,0,0,6,9,1,0,0,0,9,3,3.0,9.0,,0
Khyiris Tonga,52000,DI,KC,2,1,0,0,0.0,0,0,3,0,0,0,2,0.0,0,1,16,0,0,61.9,66.0,71.4,,,59.9,62.3,57.9,3,0,0,0,1,7,0,0,0,1,0,3,2,2.0,3.0,0.0,0
Travis Hunter,160766,CB,JAX,3,1,0,0,0.0,0,0,3,0,1,0,1,50.0,0,0,15,0,0,64.6,65.1,76.0,,,66.2,59.2,59.9,3,1,8,1,9,7,0,0,1,2,0,3,1,1.0,3.0,0.89,0
DJ Moore,48267,WR,BUF,3,1,0,0,0.0,0,0,-1,0,3,0,2,50.0,0,0,4,0,0,72.1,76.2,81.8,,60.5,76.8,56.6,59.1,-1,0,167,11,58,41,0,0,17,12,0,-1,2,2.0,-1.0,2.88,0
Darnell Mooney,48236,WR,NYG,3,1,0,0,0.0,0,0,9,0,0,0,1,0.0,0,1,21,0,0,69.8,66.7,82.8,,,66.2,63.0,50.3,9,0,95,6,73,34,0,0,8,7,0,9,1,1.0,9.0,1.3,0
Barion Brown,163779,WR,NO,2,1,0,0,0.0,0,0,3,0,0,0,1,0.0,0,0,20,0,0,78.3,50.8,71.1,,,57.3,56.6,59.6,3,0,0,0,3,6,0,0,0,1,0,3,1,1.0,3.0,0.0,0
Jakobi Meyers,47468,WR,JAX,3,1,0,0,0.0,0,0,2,0,1,0,0,0.0,0,1,15,0,0,71.7,72.1,83.2,,,71.0,62.0,62.4,2,0,132,10,78,57,0,0,11,11,0,2,0,0.0,2.0,1.69,0
Mason Rudolph,46569,QB,PIT,1,1,1,0,0.0,0,0,0,0,0,0,,100.0,0,0,25,0,0,63.6,50.9,68.2,60.5,,,55.3,60.0,3,0,0,0,0,1,3,1,0,0,0,3,9,9.0,3.0,,0
Malik Benson,169698,WR,LV,3,1,0,0,0.0,0,0,-8,0,0,0,0,0.0,0,0,23,0,0,74.5,52.2,74.9,,,55.4,56.6,59.7,-8,0,6,1,12,6,0,0,4,2,0,-8,0,0.0,-8.0,0.5,0
Dawson Knox,35883,TE,BUF,3,1,0,0,,0,0,0,0,0,0,0,0.0,0,0,4,0,0,68.3,54.2,80.2,,54.5,52.3,58.2,59.5,0,2,17,4,47,67,0,0,4,5,0,0,0,0.0,0.0,0.36,0
Sam Darnold,29048,QB,SEA,2,1,0,0,0.0,0,0,0,0,0,0,,100.0,0,1,29,0,0,80.6,85.0,79.6,82.6,,58.9,63.3,60.0,5,1,0,0,1,19,5,1,0,0,0,5,1,1.0,5.0,0.0,0
Pat Bryant,144800,WR,DEN,3,1,0,1,100.0,16,0,16,1,1,0,11,157.1,1,1,10,0,0,70.3,63.8,17.6,,,67.5,63.1,35.8,16,3,86,6,70,39,0,0,9,7,0,16,11,11.0,16.0,1.23,0
Dohnte Meyers,143800,WR,CIN,3,1,1,0,0.0,0,0,10,2,3,1,12,960.0,1,1,7,0,0,78.1,53.7,0.0,,,54.6,63.1,61.4,10,1,47,4,36,15,0,0,7,5,0,10,12,12.0,10.0,1.31,0
Emeka Egbuka,145055,WR,TB,3,1,0,0,0.0,0,0,-3,0,0,0,1,0.0,0,0,30,0,0,72.3,65.8,83.1,,73.8,66.0,,46.2,-3,0,141,13,105,40,0,0,20,14,0,-3,1,1.0,-3.0,1.34,0
