"RK",TIERS,"PLAYER NAME",TEAM,"POS","BYE WEEK","UPSIDE ","BUST ","SOS SEASON","ECR VS. ADP"
"1",1,"Jahmyr Gibbs",DET,"RB1","6","Coach Upside rating","Coach Bust rating","5 out of 5 stars","0"
"2",1,"Bijan Robinson",ATL,"RB2","11","Coach Upside rating","Coach Bust rating","2 out of 5 stars","0"
"3",1,"Ja'Marr Chase",CIN,"WR1","6","Coach Upside rating","Coach Bust rating","4 out of 5 stars","0"
"4",1,"Puka Nacua",LAR,"WR2","11","Coach Upside rating","Coach Bust rating","1 out of 5 stars","0"
"5",1,"Jaxon Smith-Njigba",SEA,"WR3","11","Coach Upside rating","Coach Bust rating","3 out of 5 stars","0"
"6",2,"Amon-Ra St. Brown",DET,"WR4","6","Coach Upside rating","Coach Bust rating","4 out of 5 stars","+2"
"7",2,"Jonathan Taylor",IND,"RB3","13","Coach Upside rating","Coach Bust rating","4 out of 5 stars","0"
"8",2,"Christian McCaffrey",SF,"RB4","8","Coach Upside rating","Coach Bust rating","2 out of 5 stars","-2"
"9",2,"James Cook III",BUF,"RB5","7","Coach Upside rating","Coach Bust rating","2 out of 5 stars","+3"
"10",2,"CeeDee Lamb",DAL,"WR5","14","Coach Upside rating","Coach Bust rating","2 out of 5 stars","-1"
"11",2,"Justin Jefferson",MIN,"WR6","6","Coach Upside rating","Coach Bust rating","5 out of 5 stars","-1"
"12",3,"Nico Collins",HOU,"WR7","8","Coach Upside rating","Coach Bust rating","3 out of 5 stars","+10"
"13",3,"Derrick Henry",BAL,"RB6","13","Coach Upside rating","Coach Bust rating","3 out of 5 stars","+5"
"14",3,"Drake London",ATL,"WR8","11","Coach Upside rating","Coach Bust rating","3 out of 5 stars","+6"
"15",3,"A.J. Brown",NE,"WR9","11","Coach Upside rating","Coach Bust rating","2 out of 5 stars","+4"
"16",3,"Brock Bowers",LV,"TE1","13","Coach Upside rating","Coach Bust rating","3 out of 5 stars","+5"
"17",3,"Ashton Jeanty",LV,"RB7","13","Coach Upside rating","Coach Bust rating","2 out of 5 stars","-6"
"18",3,"Saquon Barkley",PHI,"RB8","10","Coach Upside rating","Coach Bust rating","4 out of 5 stars","-5"
"19",3,"George Pickens",DAL,"WR10","14","Coach Upside rating","Coach Bust rating","2 out of 5 stars","+4"
"20",3,"De'Von Achane",MIA,"RB9","6","Coach Upside rating","Coach Bust rating","3 out of 5 stars","-3"
"21",4,"Omarion Hampton",LAC,"RB10","7","Coach Upside rating","Coach Bust rating","3 out of 5 stars","-7"
"22",4,"Josh Allen",BUF,"QB1","7","Coach Upside rating","Coach Bust rating","3 out of 5 stars","+12"
"23",4,"Trey McBride",ARI,"TE2","14","Coach Upside rating","Coach Bust rating","2 out of 5 stars","+5"
"24",4,"Kenneth Walker III",KC,"RB11","5","Coach Upside rating","Coach Bust rating","3 out of 5 stars","-9"
"25",4,"Chris Olave",NO,"WR11","8","Coach Upside rating","Coach Bust rating","3 out of 5 stars","+4"
"26",4,"Chase Brown",CIN,"RB12","6","Coach Upside rating","Coach Bust rating","2 out of 5 stars","-10"
"",4
"27",4,"Rashee Rice",KC,"WR12","5","Coach Upside rating","Coach Bust rating","2 out of 5 stars","-2"
"28",4,"Tee Higgins",CIN,"WR13","6","Coach Upside rating","Coach Bust rating","4 out of 5 stars","+5"
"29",4,"Drake Maye",NE,"QB2","11","Coach Upside rating","Coach Bust rating","2 out of 5 stars","+38"
"30",4,"Tetairoa McMillan",CAR,"WR14","5","Coach Upside rating","Coach Bust rating","2 out of 5 stars","+9"
"31",4,"Lamar Jackson",BAL,"QB3","13","Coach Upside rating","Coach Bust rating","3 out of 5 stars","+25"
"32",4,"Kyren Williams",LAR,"RB13","11","Coach Upside rating","Coach Bust rating","5 out of 5 stars","-1"
"33",4,"DeVonta Smith",PHI,"WR15","10","Coach Upside rating","Coach Bust rating","4 out of 5 stars","-7"
"34",4,"Zay Flowers",BAL,"WR16","13","Coach Upside rating","Coach Bust rating","4 out of 5 stars","-4"
"35",4,"Josh Jacobs",GB,"RB14","11","Coach Upside rating","Coach Bust rating","4 out of 5 stars","+6"
"36",5,"Malik Nabers",NYG,"WR17","8","Coach Upside rating","Coach Bust rating","4 out of 5 stars","+2"
"37",5,"Javonte Williams",DAL,"RB15","14","Coach Upside rating","Coach Bust rating","4 out of 5 stars","0"
"38",5,"Emeka Egbuka",TB,"WR18","10","Coach Upside rating","Coach Bust rating","4 out of 5 stars","-2"
"39",5,"Colston Loveland",CHI,"TE3","10","Coach Upside rating","Coach Bust rating","2 out of 5 stars","+8"
"40",5,"Jeremiyah Love",ARI,"RB16","14","Coach Upside rating","Coach Bust rating","2 out of 5 stars","-16"
"41",5,"Joe Burrow",CIN,"QB4","6","Coach Upside rating","Coach Bust rating","3 out of 5 stars","+25"
"42",5,"Breece Hall",NYJ,"RB17","13","Coach Upside rating","Coach Bust rating","3 out of 5 stars","-15"
"43",5,"Davante Adams",LAR,"WR19","11","Coach Upside rating","Coach Bust rating","1 out of 5 stars","+7"
"44",5,"Jameson Williams",DET,"WR20","6","Coach Upside rating","Coach Bust rating","4 out of 5 stars","+5"
"45",5,"Ladd McConkey",LAC,"WR21","7","Coach Upside rating","Coach Bust rating","2 out of 5 stars","-10"
"46",5,"Terry McLaurin",WAS,"WR22","7","Coach Upside rating","Coach Bust rating","2 out of 5 stars","-2"
"47",5,"Travis Etienne Jr.",NO,"RB18","8","Coach Upside rating","Coach Bust rating","3 out of 5 stars","-15"
"48",5,"Jaylen Waddle",DEN,"WR23","10","Coach Upside rating","Coach Bust rating","2 out of 5 stars","-2"
"49",5,"Christian Watson",GB,"WR24","11","Coach Upside rating","Coach Bust rating","5 out of 5 stars","+9"
"50",5,"Garrett Wilson",NYJ,"WR25","13","Coach Upside rating","Coach Bust rating","4 out of 5 stars","-10"
"51",6,"Luther Burden III",CHI,"WR26","10","Coach Upside rating","Coach Bust rating","3 out of 5 stars","-9"
"52",6,"Bucky Irving",TB,"RB19","10","Coach Upside rating","Coach Bust rating","2 out of 5 stars","+2"
"53",6,"Jayden Daniels",WAS,"QB5","7","Coach Upside rating","Coach Bust rating","2 out of 5 stars","+12"
"54",6,"Cam Skattebo",NYG,"RB20","8","Coach Upside rating","Coach Bust rating","4 out of 5 stars","-11"
"55",6,"Quinshon Judkins",CLE,"RB21","11","Coach Upside rating","Coach Bust rating","3 out of 5 stars","-2"
"56",6,"Mike Evans",SF,"WR27","8","Coach Upside rating","Coach Bust rating","2 out of 5 stars","-11"
"57",6,"D'Andre Swift",CHI,"RB22","10","Coach Upside rating","Coach Bust rating","2 out of 5 stars","-6"
"58",6,"Rome Odunze",CHI,"WR28","10","Coach Upside rating","Coach Bust rating","3 out of 5 stars","+2"
"59",6,"TreVeyon Henderson",NE,"RB23","11","Coach Upside rating","Coach Bust rating","2 out of 5 stars","-7"
"60",6,"Tucker Kraft",GB,"TE4","11","Coach Upside rating","Coach Bust rating","2 out of 5 stars","+22"
"61",6,"Jalen Hurts",PHI,"QB6","10","Coach Upside rating","Coach Bust rating","5 out of 5 stars","+10"
"62",6,"David Montgomery",HOU,"RB24","8","Coach Upside rating","Coach Bust rating","4 out of 5 stars","-14"
"63",6,"DJ Moore",BUF,"WR29","7","Coach Upside rating","Coach Bust rating","4 out of 5 stars","-6"
"64",6,"Tyler Warren",IND,"TE5","13","Coach Upside rating","Coach Bust rating","3 out of 5 stars","0"
"65",6,"Bhayshul Tuten",JAC,"RB25","7","Coach Upside rating","Coach Bust rating","4 out of 5 stars","-10"
"66",6,"Caleb Williams",CHI,"QB7","10","Coach Upside rating","Coach Bust rating","3 out of 5 stars","+4"
"67",6,"Jadarian Price",SEA,"RB26","11","Coach Upside rating","Coach Bust rating","4 out of 5 stars","-5"
"68",6,"Justin Herbert",LAC,"QB8","7","Coach Upside rating","Coach Bust rating","2 out of 5 stars","+13"
"69",6,"Alec Pierce",IND,"WR30","13","Coach Upside rating","Coach Bust rating","4 out of 5 stars","+10"
"70",6,"Carnell Tate",TEN,"WR31","9","Coach Upside rating","Coach Bust rating","3 out of 5 stars","-11"
"71",7,"Marvin Harrison Jr.",ARI,"WR32","14","Coach Upside rating","Coach Bust rating","2 out of 5 stars","-2"
"72",7,"DK Metcalf",PIT,"WR33","9","Coach Upside rating","Coach Bust rating","3 out of 5 stars","+6"
"73",7,"Trevor Lawrence",JAC,"QB9","7","Coach Upside rating","Coach Bust rating","4 out of 5 stars","+12"
"74",7,"Tony Pollard",TEN,"RB27","9","Coach Upside rating","Coach Bust rating","3 out of 5 stars","-2"
"75",7,"Jaylen Warren",PIT,"RB28","9","Coach Upside rating","Coach Bust rating","2 out of 5 stars","-1"
"76",7,"Chuba Hubbard",CAR,"RB29","5","Coach Upside rating","Coach Bust rating","1 out of 5 stars","0"
"77",7,"Brian Thomas Jr.",JAC,"WR34","7","Coach Upside rating","Coach Bust rating","4 out of 5 stars","-16"
"78",7,"Rico Dowdle",PIT,"RB30","9","Coach Upside rating","Coach Bust rating","2 out of 5 stars","+9"
"79",7,"Courtland Sutton",DEN,"WR35","10","Coach Upside rating","Coach Bust rating","2 out of 5 stars","+4"
"80",7,"Sam LaPorta",DET,"TE6","6","Coach Upside rating","Coach Bust rating","3 out of 5 stars","+16"
"81",7,"Rhamondre Stevenson",NE,"RB31","11","Coach Upside rating","Coach Bust rating","2 out of 5 stars","-4"
"82",7,"Dak Prescott",DAL,"QB10","14","Coach Upside rating","Coach Bust rating","2 out of 5 stars","-2"
"83",7,"Harold Fannin Jr.",CLE,"TE7","11","Coach Upside rating","Coach Bust rating","3 out of 5 stars","+20"
"84",7,"Kyle Pitts Sr.",ATL,"TE8","11","Coach Upside rating","Coach Bust rating","3 out of 5 stars","+22"
"85",7,"Blake Corum",LAR,"RB32","11","Coach Upside rating","Coach Bust rating","5 out of 5 stars","+7"
"86",7,"Jaxson Dart",NYG,"QB11","8","Coach Upside rating","Coach Bust rating","4 out of 5 stars","+14"
"87",7,"Kyle Monangai",CHI,"RB33","10","Coach Upside rating","Coach Bust rating","2 out of 5 stars","+6"
"88",7,"J.K. Dobbins",DEN,"RB34","10","Coach Upside rating","Coach Bust rating","2 out of 5 stars","+9"
"89",7,"Parker Washington",JAC,"WR36","7","Coach Upside rating","Coach Bust rating","4 out of 5 stars","-21"
"90",7,"Jordyn Tyson",NO,"WR37","8","Coach Upside rating","Coach Bust rating","3 out of 5 stars","-27"
"",7
"91",7,"Brock Purdy",SF,"QB12","8","Coach Upside rating","Coach Bust rating","1 out of 5 stars","+4"
"92",7,"RJ Harvey",DEN,"RB35","10","Coach Upside rating","Coach Bust rating","2 out of 5 stars","-6"
"93",7,"Makai Lemon",PHI,"WR38","10","Coach Upside rating","Coach Bust rating","4 out of 5 stars","-20"
"94",7,"Quentin Johnston",LAC,"WR39","7","Coach Upside rating","Coach Bust rating","2 out of 5 stars","-19"
"95",7,"Chris Godwin Jr.",TB,"WR40","10","Coach Upside rating","Coach Bust rating","4 out of 5 stars","-7"
"96",7,"Jordan Addison",MIN,"WR41","6","Coach Upside rating","Coach Bust rating","5 out of 5 stars","-7"
"97",7,"Patrick Mahomes II",KC,"QB13","5","Coach Upside rating","Coach Bust rating","2 out of 5 stars","-6"
"98",7,"Michael Wilson",ARI,"WR42","14","Coach Upside rating–No rating available","Coach Bust rating–No rating available","2 out of 5 stars","0"
"99",8,"Bo Nix",DEN,"QB14","10","Coach Upside rating","Coach Bust rating","3 out of 5 stars","+8"
"100",8,"Dalton Kincaid",BUF,"TE9","7","Coach Upside rating","Coach Bust rating","3 out of 5 stars","+27"
"101",8,"George Kittle",SF,"TE10","8","Coach Upside rating","Coach Bust rating","3 out of 5 stars","+13"
"102",8,"Matthew Stafford",LAR,"QB15","11","Coach Upside rating","Coach Bust rating","3 out of 5 stars","+3"
"103",8,"Ricky Pearsall",SF,"WR43","8","Coach Upside rating","Coach Bust rating","2 out of 5 stars","-4"
"104",8,"Jacory Croskey-Merritt",WAS,"RB36","7","Coach Upside rating","Coach Bust rating","4 out of 5 stars","+18"
"105",8,"Aaron Jones Sr.",MIN,"RB37","6","Coach Upside rating","Coach Bust rating","4 out of 5 stars","+11"
"106",8,"Jakobi Meyers",JAC,"WR44","7","Coach Upside rating","Coach Bust rating","4 out of 5 stars","-2"
"107",8,"Travis Kelce",KC,"TE11","5","Coach Upside rating","Coach Bust rating","4 out of 5 stars","+14"
"108",8,"Jared Goff",DET,"QB16","6","Coach Upside rating","Coach Bust rating","5 out of 5 stars","+1"
"109",8,"Rachaad White",WAS,"RB38","7","Coach Upside rating","Coach Bust rating","4 out of 5 stars","+1"
"110",8,"Jayden Reed",GB,"WR45","11","Coach Upside rating","Coach Bust rating","5 out of 5 stars","-26"
"111",8,"Kyler Murray",MIN,"QB17","6","Coach Upside rating","Coach Bust rating","5 out of 5 stars","+1"
"112",8,"Jordan Mason",MIN,"RB39","6","Coach Upside rating","Coach Bust rating","4 out of 5 stars","+8"
"113",8,"Michael Pittman Jr.",PIT,"WR46","9","Coach Upside rating","Coach Bust rating","3 out of 5 stars","-12"
"114",8,"Kenny Gainwell",TB,"RB40","10","Coach Upside rating","Coach Bust rating","2 out of 5 stars","-6"
"115",8,"Dallas Goedert",PHI,"TE12","10","Coach Upside rating","Coach Bust rating","4 out of 5 stars","+20"
"116",8,"Isaiah Likely",NYG,"TE13","8","Coach Upside rating","Coach Bust rating","3 out of 5 stars","+14"
"117",8,"Xavier Worthy",KC,"WR47","5","Coach Upside rating","Coach Bust rating","2 out of 5 stars","-23"
"118",8,"Mark Andrews",BAL,"TE14","13","Coach Upside rating","Coach Bust rating","4 out of 5 stars","+7"
"119",8,"Wan'Dale Robinson",TEN,"WR48","9","Coach Upside rating","Coach Bust rating","3 out of 5 stars","-4"
"120",8,"Jordan Love",GB,"QB18","11","Coach Upside rating","Coach Bust rating","4 out of 5 stars","-7"
"121",8,"Baker Mayfield",TB,"QB19","10","Coach Upside rating","Coach Bust rating","2 out of 5 stars","-3"
"122",8,"Chris Rodriguez Jr.",JAC,"RB41","7","Coach Upside rating","Coach Bust rating","4 out of 5 stars","+6"
"123",8,"Tyler Shough",NO,"QB20","8","Coach Upside rating","Coach Bust rating","3 out of 5 stars","0"
"124",8,"Jayden Higgins",HOU,"WR49","8","Coach Upside rating","Coach Bust rating","3 out of 5 stars","0"
"125",8,"Josh Downs",IND,"WR50","13","Coach Upside rating","Coach Bust rating","4 out of 5 stars","-35"
"126",8,"Jake Ferguson",DAL,"TE15","14","Coach Upside rating","Coach Bust rating","2 out of 5 stars","+3"
"127",8,"Jonathon Brooks",CAR,"RB42","5","Coach Upside rating","Coach Bust rating","1 out of 5 stars","-25"
"128",8,"Tyrone Tracy Jr.",NYG,"RB43","8","Coach Upside rating","Coach Bust rating","4 out of 5 stars","+6"
"129",8,"Zach Charbonnet",SEA,"RB44","11","Coach Upside rating","Coach Bust rating","4 out of 5 stars","+30"
"130",8,"Woody Marks",HOU,"RB45","8","Coach Upside rating","Coach Bust rating","4 out of 5 stars","+14"
"131",8,"Romeo Doubs",NE,"WR51","11","Coach Upside rating","Coach Bust rating","2 out of 5 stars","-14"
"132",9,"Tyler Allgeier",ARI,"RB46","14","Coach Upside rating","Coach Bust rating","2 out of 5 stars","+30"
"133",9,"Malik Willis",MIA,"QB21","6","Coach Upside rating","Coach Bust rating","3 out of 5 stars","-1"
"134",9,"Khalil Shakir",BUF,"WR52","7","Coach Upside rating","Coach Bust rating","4 out of 5 stars","-8"
"135",9,"KC Concepcion",CLE,"WR53","11","Coach Upside rating","Coach Bust rating","3 out of 5 stars","-16"
"136",9,"Isiah Pacheco",DET,"RB47","6","Coach Upside rating","Coach Bust rating","5 out of 5 stars","+13"
"137",9,"Matthew Golden",GB,"WR54","11","Coach Upside rating","Coach Bust rating","5 out of 5 stars","-26"
"138",9,"Jalen Coker",CAR,"WR55","5","Coach Upside rating","Coach Bust rating","2 out of 5 stars","-7"
"139",9,"C.J. Stroud",HOU,"QB22","8","Coach Upside rating","Coach Bust rating","4 out of 5 stars","+3"
"140",9,"Sam Darnold",SEA,"QB23","11","Coach Upside rating","Coach Bust rating","4 out of 5 stars","+1"
"141",9,"Brenton Strange",JAC,"TE16","7","Coach Upside rating","Coach Bust rating","3 out of 5 stars","+11"
"142",9,"Rashid Shaheed",SEA,"WR56","11","Coach Upside rating","Coach Bust rating","3 out of 5 stars","-9"
"143",9,"Oronde Gadsden II",LAC,"TE17","7","Coach Upside rating","Coach Bust rating","4 out of 5 stars","+5"
"144",9,"Hunter Henry",NE,"TE18","11","Coach Upside rating","Coach Bust rating","4 out of 5 stars","+7"
"145",9,"Juwan Johnson",NO,"TE19","8","Coach Upside rating","Coach Bust rating","2 out of 5 stars","+11"
"146",9,"Alvin Kamara",NO,"RB48","8","Coach Upside rating","Coach Bust rating","3 out of 5 stars","+35"
"147",9,"Tank Bigsby",PHI,"RB49","10","Coach Upside rating","Coach Bust rating","4 out of 5 stars","+16"
"148",9,"Dylan Sampson",CLE,"RB50","11","Coach Upside rating","Coach Bust rating","3 out of 5 stars","+25"
"149",9,"Tyjae Spears",TEN,"RB51","9","Coach Upside rating","Coach Bust rating","3 out of 5 stars","+8"
"150",9,"Brian Robinson Jr.",ATL,"RB52","11","Coach Upside rating","Coach Bust rating","2 out of 5 stars","+19"
"151",9,"Cam Ward",TEN,"QB24","9","Coach Upside rating","Coach Bust rating","3 out of 5 stars","-13"
"152",9,"Jonah Coleman",DEN,"RB53","10","Coach Upside rating","Coach Bust rating","2 out of 5 stars","+3"
"153",9,"Houston Texans",HOU,"DST1","8","Coach Upside rating–No rating available","Coach Bust rating–No rating available","2 out of 5 stars","-"
"154",9,"Keaton Mitchell",LAC,"RB54","7","Coach Upside rating","Coach Bust rating","3 out of 5 stars","-17"
"155",9,"Braelon Allen",NYJ,"RB55","13","Coach Upside rating","Coach Bust rating","3 out of 5 stars","+50"
"156",9,"Jerry Jeudy",CLE,"WR57","11","Coach Upside rating","Coach Bust rating","3 out of 5 stars","+23"
"157",9,"Jauan Jennings",MIN,"WR58","6","Coach Upside rating","Coach Bust rating","5 out of 5 stars","-7"
"158",9,"Omar Cooper Jr.",NYJ,"WR59","13","Coach Upside rating","Coach Bust rating","4 out of 5 stars","-15"
"159",9,"Denzel Boston",CLE,"WR60","11","Coach Upside rating","Coach Bust rating","3 out of 5 stars","-5"
"160",9,"Bryce Young",CAR,"QB25","5","Coach Upside rating","Coach Bust rating","2 out of 5 stars","-2"
"161",9,"Chig Okonkwo",WAS,"TE20","7","Coach Upside rating","Coach Bust rating","1 out of 5 stars","-21"
"162",9,"Daniel Jones",IND,"QB26","13","Coach Upside rating","Coach Bust rating","4 out of 5 stars","-16"
"163",9,"Jalen McMillan",TB,"WR61","10","Coach Upside rating","Coach Bust rating","4 out of 5 stars","-18"
"164",9,"Denver Broncos",DEN,"DST2","10","Coach Upside rating–No rating available","Coach Bust rating–No rating available","4 out of 5 stars","-"
"165",10,"Seattle Seahawks",SEA,"DST3","11","Coach Upside rating–No rating available","Coach Bust rating–No rating available","2 out of 5 stars","-"
"166",10,"Los Angeles Rams",LAR,"DST4","11","Coach Upside rating–No rating available","Coach Bust rating–No rating available","2 out of 5 stars","-"
"167",10,"Adonai Mitchell",NYJ,"WR62","13","Coach Upside rating","Coach Bust rating","4 out of 5 stars","+4"
"168",10,"Kayshon Boutte",NE,"WR63","11","Coach Upside rating","Coach Bust rating","2 out of 5 stars","+50"
"169",10,"Emanuel Wilson",SEA,"RB56","11","Coach Upside rating","Coach Bust rating","4 out of 5 stars","+88"
"170",10,"Philadelphia Eagles",PHI,"DST5","10","Coach Upside rating–No rating available","Coach Bust rating–No rating available","0 out of 5 stars","-"
"171",10,"Travis Hunter",JAC,"WR64","7","Coach Upside rating","Coach Bust rating","4 out of 5 stars","-32"
"172",10,"Tre Tucker",LV,"WR65","13","Coach Upside rating","Coach Bust rating","2 out of 5 stars","-19"
"173",10,"Pittsburgh Steelers",PIT,"DST6","9","Coach Upside rating–No rating available","Coach Bust rating–No rating available","5 out of 5 stars","-"
"174",10,"Jacksonville Jaguars",JAC,"DST7","7","Coach Upside rating–No rating available","Coach Bust rating–No rating available","3 out of 5 stars","-"
"175",10,"AJ Barner",SEA,"TE21","11","Coach Upside rating","Coach Bust rating","3 out of 5 stars","-1"
"176",10,"Tre' Harris",LAC,"WR66","7","Coach Upside rating","Coach Bust rating","2 out of 5 stars","-11"
"177",10,"Kenyon Sadiq",NYJ,"TE22","13","Coach Upside rating","Coach Bust rating","4 out of 5 stars","-16"
"178",10,"Mike Washington Jr.",LV,"RB57","13","Coach Upside rating","Coach Bust rating","2 out of 5 stars","+18"
"179",10,"New England Patriots",NE,"DST8","11","Coach Upside rating–No rating available","Coach Bust rating–No rating available","3 out of 5 stars","-"
"180",10,"Brandon Aubrey",DAL,"K1","14","Coach Upside rating","Coach Bust rating","2 out of 5 stars","-"
"181",10,"Stefon Diggs",FA,"WR67","-","Coach Upside rating","Coach Bust rating","-","-45"
"182",10,"Minnesota Vikings",MIN,"DST9","6","Coach Upside rating–No rating available","Coach Bust rating–No rating available","1 out of 5 stars","-"
"183",10,"Dalton Schultz",HOU,"TE23","8","Coach Upside rating","Coach Bust rating","4 out of 5 stars","-15"
"184",10,"Emmett Johnson",KC,"RB58","5","Coach Upside rating","Coach Bust rating","3 out of 5 stars","+6"
"185",10,"Calvin Ridley",TEN,"WR68","9","Coach Upside rating","Coach Bust rating","3 out of 5 stars","+2"
"186",10,"Los Angeles Chargers",LAC,"DST10","7","Coach Upside rating–No rating available","Coach Bust rating–No rating available","3 out of 5 stars","-"
"187",10,"James Conner",ARI,"RB59","14","Coach Upside rating","Coach Bust rating","2 out of 5 stars","+58"
"188",10,"Troy Franklin",DEN,"WR69","10","Coach Upside rating","Coach Bust rating","2 out of 5 stars","+28"
"189",10,"Cameron Dicker",LAC,"K2","7","Coach Upside rating–No rating available","Coach Bust rating–No rating available","2 out of 5 stars","-"
"190",10,"Ryan Flournoy",DAL,"WR70","14","Coach Upside rating","Coach Bust rating","2 out of 5 stars","-30"
"191",10,"Ka'imi Fairbairn",HOU,"K3","8","Coach Upside rating","Coach Bust rating","2 out of 5 stars","-"
"192",10,"Isaac TeSlaa",DET,"WR71","6","Coach Upside rating","Coach Bust rating","4 out of 5 stars","-25"
"193",10,"Jason Myers",SEA,"K4","11","Coach Upside rating–No rating available","Coach Bust rating–No rating available","4 out of 5 stars","-"
"194",10,"Cam Little",JAC,"K5","7","Coach Upside rating–No rating available","Coach Bust rating–No rating available","4 out of 5 stars","-"
"195",10,"Kimani Vidal",LAC,"RB60","7","Coach Upside rating–No rating available","Coach Bust rating–No rating available","3 out of 5 stars","+36"
"196",10,"Ray Davis",BUF,"RB61","7","Coach Upside rating–No rating available","Coach Bust rating–No rating available","2 out of 5 stars","-5"
"197",10,"Green Bay Packers",GB,"DST11","11","Coach Upside rating–No rating available","Coach Bust rating–No rating available","2 out of 5 stars","-"
"198",10,"Nicholas Singleton",TEN,"RB62","9","Coach Upside rating","Coach Bust rating","3 out of 5 stars","+10"
"199",10,"Darnell Mooney",NYG,"WR72","8","Coach Upside rating","Coach Bust rating","4 out of 5 stars","+8"
"200",10,"Baltimore Ravens",BAL,"DST12","13","Coach Upside rating–No rating available","Coach Bust rating–No rating available","5 out of 5 stars","-"
"201",10,"Jalen Nailor",LV,"WR73","13","Coach Upside rating–No rating available","Coach Bust rating–No rating available","2 out of 5 stars","-54"
"202",10,"Eddy Pineiro",SF,"K6","8","Coach Upside rating–No rating available","Coach Bust rating–No rating available","5 out of 5 stars","-"
"203",10,"Tyler Loop",BAL,"K7","13","Coach Upside rating–No rating available","Coach Bust rating–No rating available","3 out of 5 stars","-"
"204",10,"Sean Tucker",TB,"RB63","10","Coach Upside rating","Coach Bust rating","2 out of 5 stars","-22"
"205",10,"Jaylin Noel",HOU,"WR74","8","Coach Upside rating","Coach Bust rating","3 out of 5 stars","+5"
"206",11,"T.J. Hockenson",MIN,"TE24","6","Coach Upside rating","Coach Bust rating","4 out of 5 stars","-40"
"207",11,"Terrance Ferguson",LAR,"TE25","11","Coach Upside rating","Coach Bust rating","4 out of 5 stars","-18"
"208",11,"Kaytron Allen",WAS,"RB64","7","Coach Upside rating","Coach Bust rating","4 out of 5 stars","-8"
"209",11,"Kansas City Chiefs",KC,"DST13","5","Coach Upside rating–No rating available","Coach Bust rating–No rating available","3 out of 5 stars","-"
"210",11,"Jacoby Brissett",ARI,"QB27","14","Coach Upside rating","Coach Bust rating","2 out of 5 stars","-15"
"211",11,"Deebo Samuel Sr.",FA,"WR75","-","Coach Upside rating–No rating available","Coach Bust rating–No rating available","-","-47"
"212",11,"Antonio Williams",WAS,"WR76","7","Coach Upside rating–No rating available","Coach Bust rating–No rating available","2 out of 5 stars","-37"
"213",11,"Cleveland Browns",CLE,"DST14","11","Coach Upside rating–No rating available","Coach Bust rating–No rating available","5 out of 5 stars","-"
"214",11,"Evan McPherson",CIN,"K8","6","Coach Upside rating–No rating available","Coach Bust rating–No rating available","2 out of 5 stars","-"
"215",11,"Cairo Santos",CHI,"K9","10","Coach Upside rating–No rating available","Coach Bust rating–No rating available","0 out of 5 stars","-"
"216",11,"Rashod Bateman",BAL,"WR77","13","Coach Upside rating–No rating available","Coach Bust rating–No rating available","4 out of 5 stars","-1"
"217",11,"Andy Borregales",NE,"K10","11","Coach Upside rating–No rating available","Coach Bust rating–No rating available","1 out of 5 stars","-"
"218",11,"Jaylen Wright",MIA,"RB65","6","Coach Upside rating–No rating available","Coach Bust rating–No rating available","3 out of 5 stars","+32"
"219",11,"Pat Bryant",DEN,"WR78","10","Coach Upside rating–No rating available","Coach Bust rating–No rating available","2 out of 5 stars","-17"
"220",11,"Detroit Lions",DET,"DST15","6","Coach Upside rating–No rating available","Coach Bust rating–No rating available","5 out of 5 stars","-"
"221",11,"Chimere Dike",TEN,"WR79","9","Coach Upside rating","Coach Bust rating","3 out of 5 stars","+30"
"222",11,"De'Zhaun Stribling",SF,"WR80","8","Coach Upside rating","Coach Bust rating","2 out of 5 stars","-52"
"223",11,"Dontayvion Wicks",PHI,"WR81","10","Coach Upside rating–No rating available","Coach Bust rating–No rating available","4 out of 5 stars","-35"
"224",11,"Buffalo Bills",BUF,"DST16","7","Coach Upside rating–No rating available","Coach Bust rating–No rating available","3 out of 5 stars","-"
"225",11,"Gunnar Helm",TEN,"TE26","9","Coach Upside rating","Coach Bust rating","3 out of 5 stars","-45"
"226",11,"Jake Bates",DET,"K11","6","Coach Upside rating–No rating available","Coach Bust rating–No rating available","5 out of 5 stars","-"
"227",11,"Tank Dell",HOU,"WR82","8","Coach Upside rating–No rating available","Coach Bust rating–No rating available","3 out of 5 stars","-33"
"228",11,"Ollie Gordon II",MIA,"RB66","6","Coach Upside rating–No rating available","Coach Bust rating–No rating available","3 out of 5 stars","+40"
"229",11,"Malik Washington",MIA,"WR83","6","Coach Upside rating","Coach Bust rating","3 out of 5 stars","-46"
"230",11,"MarShawn Lloyd",GB,"RB67","11","Coach Upside rating–No rating available","Coach Bust rating–No rating available","4 out of 5 stars","-33"
"231",11,"David Njoku",LAC,"TE27","7","Coach Upside rating","Coach Bust rating","4 out of 5 stars","-20"
"232",11,"Chase McLaughlin",TB,"K12","10","Coach Upside rating–No rating available","Coach Bust rating–No rating available","3 out of 5 stars","-"
"233",11,"Elic Ayomanor",TEN,"WR84","9","Coach Upside rating–No rating available","Coach Bust rating–No rating available","3 out of 5 stars","+44"
"234",11,"Pat Freiermuth",PIT,"TE28","9","Coach Upside rating","Coach Bust rating","2 out of 5 stars","-42"
"235",11,"Brandon Aiyuk",SF,"WR85","8","Coach Upside rating","Coach Bust rating","2 out of 5 stars","-26"
"236",11,"Germie Bernard",PIT,"WR86","9","Coach Upside rating–No rating available","Coach Bust rating–No rating available","3 out of 5 stars","-52"
"237",11,"Cooper Kupp",SEA,"WR87","11","Coach Upside rating–No rating available","Coach Bust rating–No rating available","3 out of 5 stars","-38"
"238",11,"Cade Otton",TB,"TE29","10","Coach Upside rating–No rating available","Coach Bust rating–No rating available","2 out of 5 stars","-53"
"239",11,"Harrison Mevis",LAR,"K13","11","Coach Upside rating–No rating available","Coach Bust rating–No rating available","2 out of 5 stars","-"
"240",11,"Colby Parkinson",LAR,"TE30","11","Coach Upside rating–No rating available","Coach Bust rating–No rating available","4 out of 5 stars","-26"
"241",11,"Geno Smith",NYJ,"QB28","13","Coach Upside rating–No rating available","Coach Bust rating–No rating available","4 out of 5 stars","-55"
"242",11,"Ted Hurst III",TB,"WR88","10","Coach Upside rating–No rating available","Coach Bust rating–No rating available","4 out of 5 stars","-44"
"243",11,"Aaron Rodgers",PIT,"QB29","9","Coach Upside rating–No rating available","Coach Bust rating–No rating available","2 out of 5 stars","-67"
"244",11,"Zachariah Branch",ATL,"WR89","11","Coach Upside rating–No rating available","Coach Bust rating–No rating available","3 out of 5 stars","-66"
"245",11,"Harrison Butker",KC,"K14","5","Coach Upside rating–No rating available","Coach Bust rating–No rating available","5 out of 5 stars","-"
"246",11,"Chris Boswell",PIT,"K15","9","Coach Upside rating–No rating available","Coach Bust rating–No rating available","4 out of 5 stars","-"
"247",11,"Keon Coleman",BUF,"WR90","7","Coach Upside rating–No rating available","Coach Bust rating–No rating available","4 out of 5 stars","-28"
"248",11,"Malik Davis",DAL,"RB68","14","Coach Upside rating–No rating available","Coach Bust rating–No rating available","4 out of 5 stars","+37"
"249",11,"Justice Hill",BAL,"RB69","13","Coach Upside rating–No rating available","Coach Bust rating–No rating available","3 out of 5 stars","-25"
"250",11,"Tyreek Hill",FA,"WR91","-","Coach Upside rating–No rating available","Coach Bust rating–No rating available","-","-27"
"251",11,"Jaydon Blue",DAL,"RB70","14","Coach Upside rating–No rating available","Coach Bust rating–No rating available","4 out of 5 stars","-58"
"252",12,"Ty Johnson",BUF,"RB71","7","Coach Upside rating–No rating available","Coach Bust rating–No rating available","2 out of 5 stars","+12"
"253",12,"Elijah Sarratt",BAL,"WR92","13","Coach Upside rating–No rating available","Coach Bust rating–No rating available","4 out of 5 stars","-52"
"254",12,"Demond Claiborne",MIN,"RB72","6","Coach Upside rating–No rating available","Coach Bust rating–No rating available","4 out of 5 stars","-33"
"255",12,"Chris Brooks",GB,"RB73","11","Coach Upside rating–No rating available","Coach Bust rating–No rating available","4 out of 5 stars","+18"
"256",12,"Tory Horton",SEA,"WR93","11","Coach Upside rating–No rating available","Coach Bust rating–No rating available","3 out of 5 stars","-29"
"257",12,"Devin Neal",NO,"RB74","8","Coach Upside rating–No rating available","Coach Bust rating–No rating available","3 out of 5 stars","+90"
"258",12,"Theo Johnson",NYG,"TE31","8","Coach Upside rating–No rating available","Coach Bust rating–No rating available","3 out of 5 stars","-9"
"259",12,"Evan Engram",DEN,"TE32","10","Coach Upside rating–No rating available","Coach Bust rating–No rating available","4 out of 5 stars","-34"
"260",12,"Kaleb Johnson",PIT,"RB75","9","Coach Upside rating–No rating available","Coach Bust rating–No rating available","2 out of 5 stars","+56"
"261",12,"Fernando Mendoza",LV,"QB30","13","Coach Upside rating–No rating available","Coach Bust rating–No rating available","1 out of 5 stars","-89"
"262",12,"Jordan James",SF,"RB76","8","Coach Upside rating–No rating available","Coach Bust rating–No rating available","2 out of 5 stars","-49"
"263",12,"Chris Bell",MIA,"WR94","6","Coach Upside rating–No rating available","Coach Bust rating–No rating available","3 out of 5 stars","-34"
"264",12,"Eli Stowers",PHI,"TE33","10","Coach Upside rating–No rating available","Coach Bust rating–No rating available","4 out of 5 stars","-61"
"265",12,"Samaje Perine",CIN,"RB77","6","Coach Upside rating–No rating available","Coach Bust rating–No rating available","2 out of 5 stars","-31"
"266",12,"Jack Bech",LV,"WR95","13","Coach Upside rating–No rating available","Coach Bust rating–No rating available","2 out of 5 stars","-23"
"267",12,"Seth McGowan",IND,"RB78","13","Coach Upside rating–No rating available","Coach Bust rating–No rating available","4 out of 5 stars","+82"
"268",12,"Christian Kirk",SF,"WR96","8","Coach Upside rating–No rating available","Coach Bust rating–No rating available","2 out of 5 stars","-46"
"269",12,"DJ Giddens",IND,"RB79","13","Coach Upside rating–No rating available","Coach Bust rating–No rating available","4 out of 5 stars","-23"
"270",12,"Greg Dulcich",MIA,"TE34","6","Coach Upside rating–No rating available","Coach Bust rating–No rating available","5 out of 5 stars","-93"
"271",12,"Mason Taylor",NYJ,"TE35","13","Coach Upside rating–No rating available","Coach Bust rating–No rating available","4 out of 5 stars","-1"
"272",12,"Malachi Fields",NYG,"WR97","8","Coach Upside rating–No rating available","Coach Bust rating–No rating available","4 out of 5 stars","-46"
"273",12,"Tyquan Thornton",KC,"WR98","5","Coach Upside rating–No rating available","Coach Bust rating–No rating available","2 out of 5 stars","-61"
"274",12,"Marvin Mims Jr.",DEN,"WR99","10","Coach Upside rating–No rating available","Coach Bust rating–No rating available","2 out of 5 stars","+20"
"275",12,"Trey Benson",ARI,"RB80","14","Coach Upside rating–No rating available","Coach Bust rating–No rating available","2 out of 5 stars","+42"
"276",12,"George Holani",SEA,"RB81","11","Coach Upside rating–No rating available","Coach Bust rating–No rating available","4 out of 5 stars","-59"
"277",12,"Isaiah Davis",NYJ,"RB82","13","Coach Upside rating–No rating available","Coach Bust rating–No rating available","3 out of 5 stars","+37"
"278",12,"Wil Lutz",DEN,"K16","10","Coach Upside rating–No rating available","Coach Bust rating–No rating available","1 out of 5 stars","-"
"279",12,"Kendre Miller",NO,"RB83","8","Coach Upside rating–No rating available","Coach Bust rating–No rating available","3 out of 5 stars","+123"
"280",12,"Chris Brazzell II",CAR,"WR100","5","Coach Upside rating–No rating available","Coach Bust rating–No rating available","2 out of 5 stars","-60"
"281",12,"Darius Slayton",NYG,"WR101","8","Coach Upside rating–No rating available","Coach Bust rating–No rating available","4 out of 5 stars","-39"
"282",12,"Michael Penix Jr.",ATL,"QB31","11","Coach Upside rating–No rating available","Coach Bust rating–No rating available","4 out of 5 stars","-49"
"283",12,"Kaelon Black",SF,"RB84","8","Coach Upside rating–No rating available","Coach Bust rating–No rating available","2 out of 5 stars","-48"
"284",12,"Devin Singletary",NYG,"RB85","8","Coach Upside rating–No rating available","Coach Bust rating–No rating available","4 out of 5 stars","+40"
"285",12,"Atlanta Falcons",ATL,"DST17","11","Coach Upside rating–No rating available","Coach Bust rating–No rating available","4 out of 5 stars","-"
"286",12,"Kyle Williams",NE,"WR102","11","Coach Upside rating–No rating available","Coach Bust rating–No rating available","2 out of 5 stars","+4"
"287",12,"Tua Tagovailoa",ATL,"QB32","11","Coach Upside rating–No rating available","Coach Bust rating–No rating available","4 out of 5 stars","-81"
"288",12,"Mike Gesicki",CIN,"TE36","6","Coach Upside rating–No rating available","Coach Bust rating–No rating available","3 out of 5 stars","-84"
"289",12,"Will Reichard",MIN,"K17","6","Coach Upside rating–No rating available","Coach Bust rating–No rating available","2 out of 5 stars","-"
"290",12,"San Francisco 49ers",SF,"DST18","8","Coach Upside rating–No rating available","Coach Bust rating–No rating available","3 out of 5 stars","-"
"291",12,"Devaughn Vele",NO,"WR103","8","Coach Upside rating–No rating available","Coach Bust rating–No rating available","3 out of 5 stars","-54"
"292",12,"Xavier Legette",CAR,"WR104","5","Coach Upside rating–No rating available","Coach Bust rating–No rating available","2 out of 5 stars","-9"
"293",12,"Keenan Allen",LAC,"WR105","7","Coach Upside rating–No rating available","Coach Bust rating–No rating available","2 out of 5 stars","-54"
"294",12,"Mack Hollins",NE,"WR106","11","Coach Upside rating–No rating available","Coach Bust rating–No rating available","2 out of 5 stars","+38"
"295",12,"Najee Harris",LAC,"RB86","7","Coach Upside rating–No rating available","Coach Bust rating–No rating available","3 out of 5 stars","-17"
"296",12,"Emari Demercado",KC,"RB87","5","Coach Upside rating–No rating available","Coach Bust rating–No rating available","3 out of 5 stars","-7"
"297",12,"Hollywood Brown",PHI,"WR107","10","Coach Upside rating–No rating available","Coach Bust rating–No rating available","4 out of 5 stars","-32"
"298",12,"Adam Randall",BAL,"RB88","13","Coach Upside rating–No rating available","Coach Bust rating–No rating available","3 out of 5 stars","-27"
"299",12,"Brashard Smith",KC,"RB89","5","Coach Upside rating–No rating available","Coach Bust rating–No rating available","3 out of 5 stars","+86"
"300",12,"Shedeur Sanders",CLE,"QB33","11","Coach Upside rating–No rating available","Coach Bust rating–No rating available","4 out of 5 stars","-68"
"301",12,"LeQuint Allen Jr.",JAC,"RB90","7","Coach Upside rating–No rating available","Coach Bust rating–No rating available","4 out of 5 stars","-42"
"302",12,"Jerome Ford",WAS,"RB91","7","Coach Upside rating–No rating available","Coach Bust rating–No rating available","4 out of 5 stars","+66"
"303",12,"Deshaun Watson",CLE,"QB34","11","Coach Upside rating–No rating available","Coach Bust rating–No rating available","4 out of 5 stars","-75"
"304",12,"Ja'Kobi Lane",BAL,"WR108","13","Coach Upside rating–No rating available","Coach Bust rating–No rating available","4 out of 5 stars","-64"
"305",12,"Jake Tonges",SF,"TE37","8","Coach Upside rating–No rating available","Coach Bust rating–No rating available","3 out of 5 stars","-64"
"306",12,"Charlie Smyth",NO,"K18","8","Coach Upside rating–No rating available","Coach Bust rating–No rating available","5 out of 5 stars","-"
"307",12,"Oscar Delp",NO,"TE38","8","Coach Upside rating–No rating available","Coach Bust rating–No rating available","2 out of 5 stars","-27"
"308",12,"Kirk Cousins",LV,"QB35","13","Coach Upside rating–No rating available","Coach Bust rating–No rating available","1 out of 5 stars","-61"
"309",12,"Indianapolis Colts",IND,"DST19","13","Coach Upside rating–No rating available","Coach Bust rating–No rating available","5 out of 5 stars","-"
"310",12,"Skyler Bell",BUF,"WR109","7","Coach Upside rating–No rating available","Coach Bust rating–No rating available","4 out of 5 stars","-66"
"311",13,"Isaiah Bond",CLE,"WR110","11","Coach Upside rating–No rating available","Coach Bust rating–No rating available","3 out of 5 stars","-44"
"312",13,"Trevor Etienne",CAR,"RB92","5","Coach Upside rating–No rating available","Coach Bust rating–No rating available","1 out of 5 stars","-15"
"313",13,"Tahj Brooks",CIN,"RB93","6","Coach Upside rating–No rating available","Coach Bust rating–No rating available","2 out of 5 stars","-26"
"314",13,"Isaac Guerendo",SF,"RB94","8","Coach Upside rating–No rating available","Coach Bust rating–No rating available","2 out of 5 stars","-"
"315",13,"Andrei Iosivas",CIN,"WR111","6","Coach Upside rating–No rating available","Coach Bust rating–No rating available","4 out of 5 stars","-77"
"316",13,"Chicago Bears",CHI,"DST20","10","Coach Upside rating–No rating available","Coach Bust rating–No rating available","2 out of 5 stars","-"
"317",13,"New Orleans Saints",NO,"DST21","8","Coach Upside rating–No rating available","Coach Bust rating–No rating available","5 out of 5 stars","-"
"318",13,"Jaleel McLaughlin",DEN,"RB95","10","Coach Upside rating–No rating available","Coach Bust rating–No rating available","2 out of 5 stars","-"
"319",13,"Joe Mixon",FA,"RB96","-","Coach Upside rating–No rating available","Coach Bust rating–No rating available","-","-8"
"320",13,"Darnell Washington",PIT,"TE39","9","Coach Upside rating–No rating available","Coach Bust rating–No rating available","2 out of 5 stars","-90"
"321",13,"Kareem Hunt",FA,"RB97","-","Coach Upside rating–No rating available","Coach Bust rating–No rating available","-","+85"
"322",13,"Jarquez Hunter",LAR,"RB98","11","Coach Upside rating–No rating available","Coach Bust rating–No rating available","5 out of 5 stars","+75"
"323",13,"Luke McCaffrey",WAS,"WR112","7","Coach Upside rating–No rating available","Coach Bust rating–No rating available","2 out of 5 stars","+2"
"324",13,"Cedric Tillman",CLE,"WR113","11","Coach Upside rating–No rating available","Coach Bust rating–No rating available","3 out of 5 stars","+76"
"325",13,"Tez Johnson",TB,"WR114","10","Coach Upside rating–No rating available","Coach Bust rating–No rating available","4 out of 5 stars","-41"
"326",13,"Konata Mumpfield",LAR,"WR115","11","Coach Upside rating–No rating available","Coach Bust rating–No rating available","1 out of 5 stars","+10"
"327",13,"Audric Estime",NO,"RB99","8","Coach Upside rating–No rating available","Coach Bust rating–No rating available","3 out of 5 stars","-"
"328",13,"Will Shipley",PHI,"RB100","10","Coach Upside rating–No rating available","Coach Bust rating–No rating available","4 out of 5 stars","+45"
"329",13,"J.J. McCarthy",MIN,"QB36","6","Coach Upside rating–No rating available","Coach Bust rating–No rating available","5 out of 5 stars","-69"
"330",13,"Max Klare",LAR,"TE40","11","Coach Upside rating–No rating available","Coach Bust rating–No rating available","4 out of 5 stars","-17"
"331",13,"Calvin Austin III",NYG,"WR116","8","Coach Upside rating–No rating available","Coach Bust rating–No rating available","4 out of 5 stars","-28"
"332",13,"Jahan Dotson",ATL,"WR117","11","Coach Upside rating–No rating available","Coach Bust rating–No rating available","3 out of 5 stars","-71"
"333",13,"Caleb Douglas",MIA,"WR118","6","Coach Upside rating–No rating available","Coach Bust rating–No rating available","3 out of 5 stars","-78"
"334",13,"Jalen Royals",KC,"WR119","5","Coach Upside rating–No rating available","Coach Bust rating–No rating available","2 out of 5 stars","-19"
"335",13,"Olamide Zaccheaus",ATL,"WR120","11","Coach Upside rating–No rating available","Coach Bust rating–No rating available","3 out of 5 stars","+9"
"336",13,"Elijah Arroyo",SEA,"TE41","11","Coach Upside rating–No rating available","Coach Bust rating–No rating available","3 out of 5 stars","-54"
"337",13,"Joshua Palmer",BUF,"WR121","7","Coach Upside rating–No rating available","Coach Bust rating–No rating available","4 out of 5 stars","-39"
"338",13,"Tyler Higbee",LAR,"TE42","11","Coach Upside rating–No rating available","Coach Bust rating–No rating available","4 out of 5 stars","+15"
"339",13,"Dawson Knox",BUF,"TE43","7","Coach Upside rating–No rating available","Coach Bust rating–No rating available","3 out of 5 stars","-81"
"340",13,"Michael Mayer",LV,"TE44","13","Coach Upside rating–No rating available","Coach Bust rating–No rating available","3 out of 5 stars","-104"
"341",13,"Jalen Tolbert",MIA,"WR122","6","Coach Upside rating–No rating available","Coach Bust rating–No rating available","3 out of 5 stars","-87"
"342",13,"Noah Gray",KC,"TE45","5","Coach Upside rating–No rating available","Coach Bust rating–No rating available","4 out of 5 stars","-30"
"343",13,"Mac Jones",SF,"QB37","8","Coach Upside rating–No rating available","Coach Bust rating–No rating available","1 out of 5 stars","-39"
"344",13,"Ja'Tavion Sanders",CAR,"TE46","5","Coach Upside rating–No rating available","Coach Bust rating–No rating available","2 out of 5 stars","-82"
"345",13,"Cole Kmet",CHI,"TE47","10","Coach Upside rating–No rating available","Coach Bust rating–No rating available","2 out of 5 stars","-73"
"346",13,"Carolina Panthers",CAR,"DST22","5","Coach Upside rating–No rating available","Coach Bust rating–No rating available","3 out of 5 stars","-"
"347",13,"Bam Knight",ARI,"RB101","14","Coach Upside rating–No rating available","Coach Bust rating–No rating available","2 out of 5 stars","-"
"348",13,"DeMario Douglas",NE,"WR123","11","Coach Upside rating–No rating available","Coach Bust rating–No rating available","2 out of 5 stars","-15"
"349",13,"Brenen Thompson",LAC,"WR124","7","Coach Upside rating–No rating available","Coach Bust rating–No rating available","2 out of 5 stars","-74"
"350",13,"J'Mari Taylor",JAC,"RB102","7","Coach Upside rating–No rating available","Coach Bust rating–No rating available","4 out of 5 stars","-"
"351",14,"Carson Beck",ARI,"QB38","14","Coach Upside rating–No rating available","Coach Bust rating–No rating available","2 out of 5 stars","-98"
"352",14,"Kendrick Bourne",ARI,"WR125","14","Coach Upside rating–No rating available","Coach Bust rating–No rating available","2 out of 5 stars","-56"
"353",14,"Dallas Cowboys",DAL,"DST23","14","Coach Upside rating–No rating available","Coach Bust rating–No rating available","1 out of 5 stars","-"
"354",14,"Eli Heidenreich",PIT,"RB103","9","Coach Upside rating–No rating available","Coach Bust rating–No rating available","2 out of 5 stars","-45"
"355",14,"Xavier Hutchinson",HOU,"WR126","8","Coach Upside rating–No rating available","Coach Bust rating–No rating available","3 out of 5 stars","+16"
"356",14,"Tyler Bass",BUF,"K19","7","Coach Upside rating–No rating available","Coach Bust rating–No rating available","2 out of 5 stars","-"
"357",14,"Dont'e Thornton Jr.",LV,"WR127","13","Coach Upside rating–No rating available","Coach Bust rating–No rating available","2 out of 5 stars","0"
"358",14,"Jawhar Jordan",HOU,"RB104","8","Coach Upside rating–No rating available","Coach Bust rating–No rating available","4 out of 5 stars","+23"
"359",14,"Ty Simpson",LAR,"QB39","11","Coach Upside rating–No rating available","Coach Bust rating–No rating available","3 out of 5 stars","+29"
"360",14,"Justin Fields",KC,"QB40","5","Coach Upside rating–No rating available","Coach Bust rating–No rating available","2 out of 5 stars","-86"
"361",14,"Bryce Lance",NO,"WR128","8","Coach Upside rating–No rating available","Coach Bust rating–No rating available","3 out of 5 stars","-85"
"362",14,"KaVontae Turpin",DAL,"WR129","14","Coach Upside rating–No rating available","Coach Bust rating–No rating available","2 out of 5 stars","-81"
"363",14,"Michael Carter",TEN,"RB105","9","Coach Upside rating–No rating available","Coach Bust rating–No rating available","3 out of 5 stars","-"
"364",14,"Treylon Burks",WAS,"WR130","7","Coach Upside rating–No rating available","Coach Bust rating–No rating available","2 out of 5 stars","-101"
"365",14,"Jake Elliott",PHI,"K20","10","Coach Upside rating–No rating available","Coach Bust rating–No rating available","5 out of 5 stars","-"
"366",14,"Raheim Sanders",CLE,"RB106","11","Coach Upside rating–No rating available","Coach Bust rating–No rating available","3 out of 5 stars","-"
"367",14,"Nick Westbrook-Ikhine",IND,"WR131","13","Coach Upside rating–No rating available","Coach Bust rating–No rating available","4 out of 5 stars","-67"
"368",14,"Nick Chubb",FA,"RB107","-","Coach Upside rating–No rating available","Coach Bust rating–No rating available","-","-"
"369",14,"New York Giants",NYG,"DST24","8","Coach Upside rating–No rating available","Coach Bust rating–No rating available","1 out of 5 stars","-"
"370",14,"Zane Gonzalez",MIA,"K21","6","Coach Upside rating–No rating available","Coach Bust rating–No rating available","2 out of 5 stars","-"
"371",14,"Kalif Raymond",CHI,"WR132","10","Coach Upside rating–No rating available","Coach Bust rating–No rating available","3 out of 5 stars","-80"
"372",14,"Eli Raridon",NE,"TE48","11","Coach Upside rating–No rating available","Coach Bust rating–No rating available","4 out of 5 stars","-106"
"373",14,"Anthony Richardson Sr.",IND,"QB41","13","Coach Upside rating–No rating available","Coach Bust rating–No rating available","4 out of 5 stars","-78"
"374",14,"Justin Joly",DEN,"TE49","10","Coach Upside rating–No rating available","Coach Bust rating–No rating available","4 out of 5 stars","-95"
"375",14,"Tampa Bay Buccaneers",TB,"DST25","10","Coach Upside rating–No rating available","Coach Bust rating–No rating available","4 out of 5 stars","-"
"376",14,"Cincinnati Bengals",CIN,"DST26","6","Coach Upside rating–No rating available","Coach Bust rating–No rating available","4 out of 5 stars","-"
"377",14,"Jaylin Lane",WAS,"WR133","7","Coach Upside rating–No rating available","Coach Bust rating–No rating available","2 out of 5 stars","-46"
"378",14,"Savion Williams",GB,"WR134","11","Coach Upside rating–No rating available","Coach Bust rating–No rating available","5 out of 5 stars","-86"
"379",14,"Tutu Atwell",MIA,"WR135","6","Coach Upside rating–No rating available","Coach Bust rating–No rating available","3 out of 5 stars","-74"
"380",14,"Trey Smack",GB,"K22","11","Coach Upside rating–No rating available","Coach Bust rating–No rating available","4 out of 5 stars","-"
"381",14,"John Metchie III",CAR,"WR136","5","Coach Upside rating–No rating available","Coach Bust rating–No rating available","2 out of 5 stars","-33"
"382",14,"Washington Commanders",WAS,"DST27","7","Coach Upside rating–No rating available","Coach Bust rating–No rating available","2 out of 5 stars","-"
"383",14,"Tennessee Titans",TEN,"DST28","9","Coach Upside rating–No rating available","Coach Bust rating–No rating available","2 out of 5 stars","-"
"384",14,"Noah Fant",NO,"TE50","8","Coach Upside rating–No rating available","Coach Bust rating–No rating available","2 out of 5 stars","-"
"385",14,"Austin Ekeler",FA,"RB108","-","Coach Upside rating–No rating available","Coach Bust rating–No rating available","-","-"
"386",14,"Phil Mafah",DAL,"RB109","14","Coach Upside rating–No rating available","Coach Bust rating–No rating available","4 out of 5 stars","+13"
"387",14,"Kevin Coleman Jr.",MIA,"WR137","6","Coach Upside rating–No rating available","Coach Bust rating–No rating available","3 out of 5 stars","-88"
"388",14,"Zavion Thomas",CHI,"WR138","10","Coach Upside rating–No rating available","Coach Bust rating–No rating available","3 out of 5 stars","-140"
"389",14,"Dyami Brown",WAS,"WR139","7","Coach Upside rating–No rating available","Coach Bust rating–No rating available","2 out of 5 stars","-63"
"390",14,"Tommy Tremble",CAR,"TE51","5","Coach Upside rating–No rating available","Coach Bust rating–No rating available","2 out of 5 stars","-35"
"391",14,"Dameon Pierce",PHI,"RB110","10","Coach Upside rating–No rating available","Coach Bust rating–No rating available","4 out of 5 stars","-"
"392",14,"Nick Folk",ATL,"K23","11","Coach Upside rating–No rating available","Coach Bust rating–No rating available","0 out of 5 stars","-"
"393",14,"Miami Dolphins",MIA,"DST29","6","Coach Upside rating–No rating available","Coach Bust rating–No rating available","3 out of 5 stars","-"
"394",14,"Greg Dortch",DET,"WR140","6","Coach Upside rating–No rating available","Coach Bust rating–No rating available","4 out of 5 stars","-36"
"395",14,"Ben Sauls",NYG,"K24","8","Coach Upside rating–No rating available","Coach Bust rating–No rating available","2 out of 5 stars","-"
"396",14,"Devontez Walker",BAL,"WR141","13","Coach Upside rating–No rating available","Coach Bust rating–No rating available","4 out of 5 stars","-140"
"397",14,"Ben Sinnott",WAS,"TE52","7","Coach Upside rating–No rating available","Coach Bust rating–No rating available","1 out of 5 stars","-18"
"398",14,"Ashton Dulin",IND,"WR142","13","Coach Upside rating–No rating available","Coach Bust rating–No rating available","4 out of 5 stars","-90"
"399",14,"Jordan Whittington",LAR,"WR143","11","Coach Upside rating–No rating available","Coach Bust rating–No rating available","1 out of 5 stars","-77"
"400",14,"Kyle Juszczyk",SF,"RB111","8","Coach Upside rating–No rating available","Coach Bust rating–No rating available","2 out of 5 stars","-"
"401",14,"Blake Grupe",IND,"K25","13","Coach Upside rating–No rating available","Coach Bust rating–No rating available","4 out of 5 stars","-"
"402",14,"Luke Musgrave",GB,"TE53","11","Coach Upside rating–No rating available","Coach Bust rating–No rating available","2 out of 5 stars","-32"
"403",14,"Chad Ryland",ARI,"K26","14","Coach Upside rating–No rating available","Coach Bust rating–No rating available","2 out of 5 stars","-"
"404",14,"Jam Miller",NE,"RB112","11","Coach Upside rating–No rating available","Coach Bust rating–No rating available","2 out of 5 stars","-"
"405",14,"Jonnu Smith",FA,"TE54","-","Coach Upside rating–No rating available","Coach Bust rating–No rating available","-","-"
"406",14,"Antonio Gibson",FA,"RB113","-","Coach Upside rating–No rating available","Coach Bust rating–No rating available","-","-"
"407",14,"Spencer Shrader",IND,"K27","13","Coach Upside rating–No rating available","Coach Bust rating–No rating available","4 out of 5 stars","-"
"408",14,"Daniel Bellinger",TEN,"TE55","9","Coach Upside rating–No rating available","Coach Bust rating–No rating available","3 out of 5 stars","-62"
"409",14,"Ryan Fitzgerald",CAR,"K28","5","Coach Upside rating–No rating available","Coach Bust rating–No rating available","0 out of 5 stars","-"
"410",14,"John Bates",WAS,"TE56","7","Coach Upside rating–No rating available","Coach Bust rating–No rating available","1 out of 5 stars","-"
"411",14,"Roschon Johnson",CHI,"RB114","10","Coach Upside rating–No rating available","Coach Bust rating–No rating available","2 out of 5 stars","-3"
"412",14,"DeAndre Hopkins",BAL,"WR144","13","Coach Upside rating–No rating available","Coach Bust rating–No rating available","4 out of 5 stars","-"
"413",14,"Rasheen Ali",BAL,"RB115","13","Coach Upside rating–No rating available","Coach Bust rating–No rating available","3 out of 5 stars","-44"
"414",14,"Zach Ertz",FA,"TE57","-","Coach Upside rating–No rating available","Coach Bust rating–No rating available","-","-"
"415",14,"Miles Sanders",FA,"RB116","-","Coach Upside rating–No rating available","Coach Bust rating–No rating available","-","-"
"416",14,"Austin Hooper",ATL,"TE58","11","Coach Upside rating–No rating available","Coach Bust rating–No rating available","3 out of 5 stars","-"
"417",14,"Tommy Myers",FA,"TE59","-","Coach Upside rating–No rating available","Coach Bust rating–No rating available","-","-"
"418",14,"Tyler Lockett",LV,"WR145","13","Coach Upside rating–No rating available","Coach Bust rating–No rating available","2 out of 5 stars","-"
"419",14,"Sterling Shepard",FA,"WR146","-","Coach Upside rating–No rating available","Coach Bust rating–No rating available","-","-"
"420",15,"Cyrus Allen",KC,"WR147","5","Coach Upside rating–No rating available","Coach Bust rating–No rating available","2 out of 5 stars","-132"
"421",15,"Brandon McManus",FA,"K29","-","Coach Upside rating–No rating available","Coach Bust rating–No rating available","-","-"
"422",15,"Joey Slye",TEN,"K30","9","Coach Upside rating–No rating available","Coach Bust rating–No rating available","4 out of 5 stars","-"
"423",15,"Jameis Winston",NYG,"QB42","8","Coach Upside rating–No rating available","Coach Bust rating–No rating available","4 out of 5 stars","-61"
"424",15,"Terrell Jennings",NE,"RB117","11","Coach Upside rating–No rating available","Coach Bust rating–No rating available","2 out of 5 stars","-"
"425",15,"Darren Waller",FA,"TE60","-","Coach Upside rating–No rating available","Coach Bust rating–No rating available","-","-60"
"426",15,"Odell Beckham Jr.",NYG,"WR148","8","Coach Upside rating–No rating available","Coach Bust rating–No rating available","4 out of 5 stars","-140"
"427",15,"Jahdae Walker",CHI,"WR149","10","Coach Upside rating–No rating available","Coach Bust rating–No rating available","3 out of 5 stars","-67"
"428",15,"Deion Burks",IND,"WR150","13","Coach Upside rating–No rating available","Coach Bust rating–No rating available","4 out of 5 stars","-90"
"429",15,"Jeremy McNichols",WAS,"RB118","7","Coach Upside rating–No rating available","Coach Bust rating–No rating available","4 out of 5 stars","-"
"430",15,"CJ Daniels",LAR,"WR151","11","Coach Upside rating–No rating available","Coach Bust rating–No rating available","1 out of 5 stars","-85"
"431",15,"Nate Boerkircher",JAC,"TE61","7","Coach Upside rating–No rating available","Coach Bust rating–No rating available","3 out of 5 stars","-130"
"432",15,"Dylan Laube",LV,"RB119","13","Coach Upside rating–No rating available","Coach Bust rating–No rating available","2 out of 5 stars","-"
"433",15,"Erick All Jr.",CIN,"TE62","6","Coach Upside rating–No rating available","Coach Bust rating–No rating available","3 out of 5 stars","-164"
"434",15,"Damien Martinez",GB,"RB120","11","Coach Upside rating–No rating available","Coach Bust rating–No rating available","4 out of 5 stars","-"
"435",15,"Alexander Mattison",FA,"RB121","-","Coach Upside rating–No rating available","Coach Bust rating–No rating available","-","-"
"436",15,"Marcus Mariota",WAS,"QB43","7","Coach Upside rating–No rating available","Coach Bust rating–No rating available","2 out of 5 stars","-75"
"437",15,"Marlin Klein",HOU,"TE63","8","Coach Upside rating–No rating available","Coach Bust rating–No rating available","4 out of 5 stars","-"
"438",15,"Josh Oliver",MIN,"TE64","6","Coach Upside rating–No rating available","Coach Bust rating–No rating available","4 out of 5 stars","-118"
"439",15,"Kevin Austin Jr.",NO,"WR152","8","Coach Upside rating–No rating available","Coach Bust rating–No rating available","3 out of 5 stars","-"
"440",15,"Gardner Minshew II",ARI,"QB44","14","Coach Upside rating–No rating available","Coach Bust rating–No rating available","2 out of 5 stars","-66"
"441",15,"Cade Klubnik",NYJ,"QB45","13","Coach Upside rating–No rating available","Coach Bust rating–No rating available","4 out of 5 stars","-120"
"442",15,"Joe Flacco",CIN,"QB46","6","Coach Upside rating–No rating available","Coach Bust rating–No rating available","3 out of 5 stars","-92"
"443",15,"Khalil Herbert",FA,"RB122","-","Coach Upside rating–No rating available","Coach Bust rating–No rating available","-","-"
"444",15,"Jaret Patterson",LAC,"RB123","7","Coach Upside rating–No rating available","Coach Bust rating–No rating available","3 out of 5 stars","-"
"445",15,"Cash Jones",ATL,"RB124","11","Coach Upside rating–No rating available","Coach Bust rating–No rating available","2 out of 5 stars","-"
"446",15,"Mitch Tinsley",CIN,"WR153","6","Coach Upside rating–No rating available","Coach Bust rating–No rating available","4 out of 5 stars","-"
"447",15,"Myles Montgomery",NE,"RB125","11","Coach Upside rating–No rating available","Coach Bust rating–No rating available","2 out of 5 stars","-"
"448",15,"Robert Henry Jr.",WAS,"RB126","7","Coach Upside rating–No rating available","Coach Bust rating–No rating available","4 out of 5 stars","-"
"449",15,"Charlie Kolar",LAC,"TE65","7","Coach Upside rating–No rating available","Coach Bust rating–No rating available","4 out of 5 stars","-197"
"450",15,"Raheem Mostert",LV,"RB127","13","Coach Upside rating–No rating available","Coach Bust rating–No rating available","2 out of 5 stars","-"
"451",15,"Sam Roush",CHI,"TE66","10","Coach Upside rating–No rating available","Coach Bust rating–No rating available","2 out of 5 stars","-99"
"452",15,"Mitchell Evans",CAR,"TE67","5","Coach Upside rating–No rating available","Coach Bust rating–No rating available","2 out of 5 stars","-115"
"453",15,"Xavier Smith",LAR,"WR154","11","Coach Upside rating–No rating available","Coach Bust rating–No rating available","1 out of 5 stars","-"
"454",15,"Demarcus Robinson",SF,"WR155","8","Coach Upside rating–No rating available","Coach Bust rating–No rating available","2 out of 5 stars","-78"
"455",15,"Hunter Luepke",DAL,"RB128","14","Coach Upside rating–No rating available","Coach Bust rating–No rating available","4 out of 5 stars","-"
"456",15,"Elijah Moore",PHI,"WR156","10","Coach Upside rating–No rating available","Coach Bust rating–No rating available","4 out of 5 stars","-"
"457",15,"Jordan Waters",LAR,"RB129","11","Coach Upside rating–No rating available","Coach Bust rating–No rating available","5 out of 5 stars","-"
"458",15,"Joe Milton III",DAL,"QB47","14","Coach Upside rating–No rating available","Coach Bust rating–No rating available","2 out of 5 stars","-95"
"459",15,"Ameer Abdullah",JAC,"RB130","7","Coach Upside rating–No rating available","Coach Bust rating–No rating available","4 out of 5 stars","-"
"460",15,"Elijah Higgins",ARI,"TE68","14","Coach Upside rating–No rating available","Coach Bust rating–No rating available","2 out of 5 stars","-"
"461",15,"Sione Vaki",DET,"RB131","6","Coach Upside rating–No rating available","Coach Bust rating–No rating available","5 out of 5 stars","-57"
"462",15,"Diontae Johnson",FA,"WR157","-","Coach Upside rating–No rating available","Coach Bust rating–No rating available","-","-"
"463",15,"Donovan Edwards",MIA,"RB132","6","Coach Upside rating–No rating available","Coach Bust rating–No rating available","3 out of 5 stars","-"
"464",15,"Cam Akers",FA,"RB133","-","Coach Upside rating–No rating available","Coach Bust rating–No rating available","-","-"
"465",15,"Taysom Hill",FA,"TE69","-","Coach Upside rating–No rating available","Coach Bust rating–No rating available","-","-"
"466",15,"Van Jefferson",WAS,"WR158","7","Coach Upside rating–No rating available","Coach Bust rating–No rating available","2 out of 5 stars","-91"
"467",15,"Noah Whittington",HOU,"RB134","8","Coach Upside rating–No rating available","Coach Bust rating–No rating available","4 out of 5 stars","-"
"468",15,"Ronnie Rivers",LAR,"RB135","11","Coach Upside rating–No rating available","Coach Bust rating–No rating available","5 out of 5 stars","-"
"469",15,"Elijah Tau-Tolliver",BAL,"RB136","13","Coach Upside rating–No rating available","Coach Bust rating–No rating available","3 out of 5 stars","-"
"470",15,"Ty Chandler",NO,"RB137","8","Coach Upside rating–No rating available","Coach Bust rating–No rating available","3 out of 5 stars","-"
"471",15,"Colbie Young",CIN,"WR159","6","Coach Upside rating–No rating available","Coach Bust rating–No rating available","4 out of 5 stars","-152"
"472",15,"Roman Wilson",PIT,"WR160","9","Coach Upside rating–No rating available","Coach Bust rating–No rating available","3 out of 5 stars","-165"
"473",15,"Adam Trautman",DEN,"TE70","10","Coach Upside rating–No rating available","Coach Bust rating–No rating available","4 out of 5 stars","-114"
"474",15,"Miles Davis",CAR,"RB138","5","Coach Upside rating–No rating available","Coach Bust rating–No rating available","1 out of 5 stars","-"
"475",15,"Brock Wright",DET,"TE71","6","Coach Upside rating–No rating available","Coach Bust rating–No rating available","3 out of 5 stars","-"
"476",15,"Jacardia Wright",SEA,"RB139","11","Coach Upside rating–No rating available","Coach Bust rating–No rating available","4 out of 5 stars","-"
"477",15,"Jackson Hawes",BUF,"TE72","7","Coach Upside rating–No rating available","Coach Bust rating–No rating available","3 out of 5 stars","-"
"478",15,"Frank Gore Jr.",BUF,"RB140","7","Coach Upside rating–No rating available","Coach Bust rating–No rating available","2 out of 5 stars","-"
"479",16,"Tanner Hudson",CIN,"TE73","6","Coach Upside rating–No rating available","Coach Bust rating–No rating available","3 out of 5 stars","-"
"480",16,"Malik Benson",LV,"WR161","13","Coach Upside rating–No rating available","Coach Bust rating–No rating available","2 out of 5 stars","-187"
"481",16,"Trey Sermon",FA,"RB141","-","Coach Upside rating–No rating available","Coach Bust rating–No rating available","-","-"
"482",16,"Durham Smythe",BAL,"TE74","13","Coach Upside rating–No rating available","Coach Bust rating–No rating available","4 out of 5 stars","-"
"483",16,"Elijah Mitchell",PHI,"RB142","10","Coach Upside rating–No rating available","Coach Bust rating–No rating available","4 out of 5 stars","-"
"484",16,"Drew Sample",CIN,"TE75","6","Coach Upside rating–No rating available","Coach Bust rating–No rating available","3 out of 5 stars","-"
"485",16,"Patrick Taylor Jr.",SF,"RB143","8","Coach Upside rating–No rating available","Coach Bust rating–No rating available","2 out of 5 stars","-"
"486",16,"Luke Schoonmaker",DAL,"TE76","14","Coach Upside rating–No rating available","Coach Bust rating–No rating available","2 out of 5 stars","-"
"487",16,"Quinn Ewers",MIA,"QB48","6","Coach Upside rating–No rating available","Coach Bust rating–No rating available","3 out of 5 stars","-95"