player,player_id,position,team_name,player_game_count,avg_depth_of_target,avoided_tackles,caught_percent,contested_catch_rate,contested_receptions,contested_targets,declined_penalties,drop_rate,drops,epa,first_downs,franchise_id,fumbles,grades_hands_drop,grades_hands_fumble,grades_offense,grades_pass_block,grades_pass_route,inline_rate,inline_snaps,interceptions,longest,pass_block_rate,pass_blocks,pass_plays,penalties,positive_epa_percent,receptions,route_rate,routes,slot_rate,slot_snaps,targeted_qb_rating,targets,touchdowns,wide_rate,wide_snaps,yards,yards_after_catch,yards_after_catch_per_reception,yards_per_reception,yprr
Amon-Ra St. Brown,84470,WR,DET,1,5.2,1,71.4,50.0,1,2,0,0.0,0,0.06,4,11,0,78.0,71.1,65.2,,65.6,0.0,0,0,19,0.0,0,39,0,48.7,10,100.0,39,46.2,18,121.1,14,2,53.8,21,67,27,2.7,6.7,1.72
Chris Olave,84355,WR,NO,1,18.4,0,76.9,50.0,2,4,0,9.1,1,-0.09,7,20,0,58.5,71.1,82.6,,81.5,0.0,0,0,47,0.0,0,59,0,49.1,10,93.2,55,39.0,23,118.3,13,0,61.0,36,182,30,3.0,18.2,3.31
Matthew Golden,156165,WR,GB,1,12.2,2,50.0,,0,0,0,14.3,1,0.04,4,12,0,49.2,68.8,72.6,,69.7,0.0,0,0,42,0.0,0,40,0,40.0,6,100.0,40,5.0,2,76.7,12,0,95.0,38,95,34,5.7,15.8,2.38
Trey McBride,75916,TE,ARZ,1,6.9,3,75.0,50.0,2,4,0,0.0,0,0.36,6,1,0,77.3,70.6,81.6,69.8,81.8,21.1,8,0,27,2.6,1,38,0,62.9,9,89.5,34,71.1,27,125.3,12,1,5.3,2,95,35,3.9,10.6,2.79
Jaxon Smith-Njigba,129758,WR,SEA,1,7.1,2,72.7,50.0,1,2,0,0.0,0,0.2,5,29,0,76.5,70.1,91.2,,91.8,0.0,0,0,45,0.0,0,27,0,46.2,8,96.3,26,33.3,9,139.2,11,1,59.3,16,122,64,8.0,15.3,4.69
Nico Collins,61441,WR,HST,1,12.7,1,70.0,100.0,5,5,0,12.5,1,0.08,3,13,0,54.9,70.8,70.9,,71.7,0.0,0,0,25,0.0,0,42,0,45.9,7,88.1,37,9.5,4,125.0,10,1,90.5,38,75,9,1.3,10.7,2.03
Puka Nacua,100632,WR,LA,1,12.0,2,55.6,100.0,2,2,0,0.0,0,-0.43,2,26,0,73.4,68.0,76.0,,75.6,4.2,1,1,41,0.0,0,24,0,25.0,5,83.3,20,12.5,3,43.1,9,0,83.3,20,74,39,7.8,14.8,3.7
Jalen Coker,143068,WR,CAR,1,14.0,4,88.9,100.0,1,1,0,0.0,0,0.3,6,5,0,76.5,70.1,89.3,,88.9,0.0,0,1,51,0.0,0,42,1,47.5,8,95.2,40,40.5,17,118.8,9,2,59.5,25,138,35,4.4,17.3,3.45
Malik Nabers,146759,WR,NYG,1,11.0,2,66.7,0.0,0,1,0,0.0,0,0.62,3,21,0,74.6,68.8,74.6,,73.0,0.0,0,0,16,0.0,0,24,0,75.0,6,100.0,24,16.7,4,89.6,9,0,83.3,20,69,12,2.0,11.5,2.88
Jameson Williams,101701,WR,DET,1,14.2,0,44.4,50.0,1,2,0,20.0,1,0.08,2,11,0,41.6,67.0,54.7,,59.0,0.0,0,0,22,0.0,0,39,0,51.3,4,100.0,39,23.1,9,60.0,9,0,76.9,30,45,2,0.5,11.3,1.15
D.K. Metcalf,47864,WR,PIT,1,19.0,0,44.4,40.0,2,5,1,20.0,1,-0.29,2,25,0,45.8,68.0,49.8,,49.8,0.0,0,0,14,0.0,0,46,2,38.1,4,91.3,42,19.6,9,57.6,9,0,80.4,37,40,5,1.3,10.0,0.95
Devaughn Vele,100637,WR,NO,1,7.8,0,77.8,0.0,0,1,0,12.5,1,-0.04,3,20,0,52.5,69.5,66.3,66.3,65.7,0.0,0,0,31,1.6,1,63,0,50.8,7,92.1,58,50.8,32,135.6,9,1,49.2,31,69,17,2.4,9.9,1.19
Stefon Diggs,9579,WR,WAS,1,9.4,0,44.4,0.0,0,1,0,33.3,2,0.06,4,32,0,28.6,67.0,61.0,,63.9,0.0,0,0,17,0.0,0,28,1,36.0,4,89.3,25,60.7,17,101.6,9,1,35.7,10,55,14,3.5,13.8,2.2
Kalif Raymond,11028,WR,CHI,1,7.0,0,88.9,0.0,0,1,0,0.0,0,0.88,5,6,0,76.5,71.3,90.2,,86.8,0.0,0,0,28,0.0,0,23,0,63.6,8,95.7,22,47.8,11,105.6,9,0,52.2,12,84,23,2.9,10.5,3.82
Justin Jefferson,61398,WR,MIN,1,9.8,0,88.9,100.0,1,1,0,0.0,0,0.07,5,18,0,77.3,70.6,90.3,,89.9,0.0,0,0,39,0.0,0,34,0,36.7,8,88.2,30,20.6,7,148.8,9,2,79.4,27,92,28,3.5,11.5,3.07
Bijan Robinson,123126,HB,ATL,1,-3.2,6,88.9,,0,0,0,0.0,0,-0.65,2,2,1,76.5,21.2,76.4,73.0,84.1,0.0,0,1,24,4.3,1,23,0,36.4,8,91.3,21,4.3,1,105.8,9,1,17.4,4,90,114,14.3,11.3,4.29
Malik Washington,97108,WR,MIA,1,15.8,1,37.5,0.0,0,1,0,25.0,1,-0.15,1,17,1,36.2,18.8,49.7,,49.2,0.0,0,0,30,0.0,0,40,0,40.5,3,92.5,37,47.5,19,60.9,8,0,40.0,16,53,24,8.0,17.7,1.43
Noah Fant,42388,TE,NO,1,5.6,0,50.0,,0,0,0,0.0,0,-0.26,2,20,0,72.1,67.0,79.6,54.6,81.5,78.3,18,2,10,21.7,5,23,0,43.5,4,78.3,18,4.3,1,60.9,8,1,17.4,4,33,15,3.8,8.3,1.83
Isaiah Likely,83955,TE,NYG,1,8.6,2,100.0,100.0,2,2,0,0.0,0,0.85,6,21,1,76.5,18.5,88.7,66.1,82.8,8.3,2,0,19,4.2,1,24,0,79.2,8,95.8,23,70.8,17,146.9,8,2,20.8,5,78,17,2.1,9.8,3.39
Travis Etienne Jr.,57185,HB,NO,1,-0.9,1,87.5,,0,0,0,0.0,0,0.09,2,20,0,76.5,75.4,68.8,23.9,85.4,2.4,1,0,16,35.7,15,42,0,56.4,7,57.1,24,4.8,2,83.3,8,0,4.8,2,32,36,5.1,4.6,1.33
Christian Watson,66581,WR,GB,1,16.0,1,75.0,100.0,2,2,0,0.0,0,-0.22,5,12,0,74.6,68.8,87.1,,85.8,2.6,1,1,81,0.0,0,38,0,34.2,6,100.0,38,23.7,9,116.7,8,2,73.7,28,147,72,12.0,24.5,3.87
Christian McCaffrey,11763,HB,SF,1,-0.5,0,62.5,50.0,1,2,0,16.7,1,0.06,0,28,0,45.8,74.7,61.7,69.2,45.5,0.0,0,0,8,4.3,1,23,0,54.5,5,91.3,21,30.4,7,66.7,8,0,4.3,1,20,32,6.4,4.0,0.95
Kendrick Bourne,12270,WR,ARZ,1,5.1,1,100.0,100.0,1,1,0,0.0,0,0.42,5,1,0,76.5,70.1,83.7,,80.1,0.0,0,0,13,0.0,0,33,0,63.3,8,90.9,30,63.6,21,105.7,8,0,36.4,12,75,34,4.3,9.4,2.5
CeeDee Lamb,61570,WR,DAL,1,11.8,1,62.5,0.0,0,2,0,16.7,1,0.22,5,9,0,46.3,69.1,66.1,,67.4,0.0,0,0,15,0.0,0,34,0,58.6,5,85.3,29,38.2,13,116.7,8,1,61.8,21,44,20,4.0,8.8,1.52
Tetairoa McMillan,158735,WR,CAR,1,14.0,1,62.5,0.0,0,1,0,0.0,0,0.22,4,5,1,73.4,16.0,60.8,,60.3,0.0,0,0,21,0.0,0,41,0,46.2,5,95.1,39,26.8,11,93.2,8,0,73.2,30,75,24,4.8,15.0,1.92
Deebo Samuel,48274,WR,SF,1,3.0,0,85.7,,0,0,0,14.3,1,0.15,3,28,0,49.2,71.9,69.6,,67.4,0.0,0,0,15,0.0,0,20,0,57.9,6,95.0,19,45.0,9,134.8,7,1,50.0,10,48,28,4.7,8.0,2.53
Jayden Reed,78171,WR,GB,1,5.6,0,42.9,,0,0,0,0.0,0,-0.25,1,12,0,70.5,65.8,59.4,66.1,59.0,0.0,0,0,7,3.3,1,30,0,36.7,3,96.7,29,76.7,23,50.3,7,0,20.0,6,20,4,1.3,6.7,0.69
Mike Gesicki,47153,TE,CIN,1,10.1,0,71.4,0.0,0,1,0,0.0,0,0.51,5,7,0,73.4,68.0,90.1,,87.5,0.0,0,0,25,0.0,0,17,0,58.8,5,100.0,17,76.5,13,147.6,7,1,23.5,4,78,22,4.4,15.6,4.59
Mike Evans,8642,WR,SF,1,8.6,0,85.7,100.0,3,3,0,14.3,1,0.33,6,28,0,49.7,68.8,81.7,,80.5,0.0,0,0,13,0.0,0,27,0,57.7,6,96.3,26,22.2,6,135.4,7,1,77.8,21,49,7,1.2,8.2,1.88
Michael Mayer,122906,TE,LV,1,4.7,1,85.7,,0,0,0,0.0,0,0.05,3,23,0,74.6,68.8,76.3,42.9,70.0,85.7,24,0,14,10.7,3,28,0,44.4,6,85.7,24,10.7,3,85.7,7,0,3.6,1,32,15,2.5,5.3,1.33
Demario Douglas,104155,WR,NE,1,6.0,0,71.4,,0,0,0,0.0,0,-0.06,2,19,0,73.4,68.0,62.1,,61.6,0.0,0,1,8,0.0,0,35,0,51.5,5,94.3,33,85.7,30,34.5,7,0,14.3,5,20,23,4.6,4.0,0.61
Dalton Schultz,47304,TE,HST,1,4.9,1,57.1,,0,0,0,0.0,0,0.1,1,13,0,72.1,67.0,62.5,78.5,61.3,33.3,13,0,18,7.7,3,39,0,47.1,4,82.1,32,46.2,18,70.5,7,0,17.9,7,35,27,6.8,8.8,1.09
Michael Wilson,84423,WR,ARZ,1,12.3,0,71.4,66.7,2,3,0,0.0,0,0.4,3,1,0,74.6,68.8,69.3,,68.7,0.0,0,0,17,0.0,0,39,0,63.9,5,92.3,36,28.2,11,94.9,7,0,71.8,28,56,2,0.4,11.2,1.56
DJ Moore,48267,WR,BUF,1,21.9,0,71.4,0.0,0,1,0,0.0,0,0.75,4,4,0,73.4,68.0,79.0,,77.3,0.0,0,0,43,0.0,0,30,0,53.8,5,86.7,26,23.3,7,153.3,7,1,76.7,23,100,27,5.4,20.0,3.85
Ladd McConkey,124030,WR,LAC,1,14.9,0,71.4,50.0,1,2,0,0.0,0,0.21,5,27,0,73.4,68.0,90.7,,90.0,0.0,0,0,23,0.0,0,20,0,66.7,5,90.0,18,70.0,14,150.0,7,1,30.0,6,82,8,1.6,16.4,4.56
Garrett Wilson,97405,WR,NYJ,1,10.7,0,85.7,100.0,1,1,0,0.0,0,0.42,3,22,0,75.6,69.5,72.2,,71.6,0.0,0,0,31,0.0,0,23,1,57.1,6,91.3,21,13.0,3,113.7,7,0,87.0,20,79,19,3.2,13.2,3.76
Bucky Irving,144970,HB,TB,1,-3.7,0,100.0,,0,0,0,0.0,0,-0.36,2,30,1,75.6,23.8,74.1,75.0,44.4,0.0,0,0,22,12.0,3,25,0,54.2,7,84.0,21,0.0,0,95.2,7,0,4.0,1,48,74,10.6,6.9,2.29
George Pickens,99229,WR,DAL,1,18.0,0,50.0,0.0,0,1,0,40.0,2,0.27,2,9,0,28.0,65.8,51.3,,51.4,0.0,0,0,11,0.0,0,37,0,59.4,3,86.5,32,2.7,1,63.2,6,0,97.3,36,28,6,2.0,9.3,0.88
Jaylen Warren,98692,HB,PIT,1,-1.5,2,83.3,,0,0,0,0.0,0,-0.49,1,25,1,73.4,23.1,56.7,,38.4,0.0,0,0,18,0.0,0,15,0,30.8,5,86.7,13,13.3,2,86.8,6,0,13.3,2,29,42,8.4,5.8,2.23
Rhamondre Stevenson,98689,HB,NE,1,-1.5,0,83.3,0.0,0,1,0,0.0,0,0.08,1,19,0,73.4,77.9,63.8,57.0,64.4,0.0,0,0,17,25.6,10,39,0,57.9,5,74.4,29,0.0,0,97.2,6,0,7.7,3,44,47,9.4,8.8,1.52
Davante Adams,8688,WR,LA,1,10.8,0,50.0,50.0,1,2,0,0.0,0,-0.84,1,26,0,70.5,65.8,67.1,,66.1,0.0,0,0,13,0.0,0,23,0,19.0,3,91.3,21,39.1,9,61.8,6,0,60.9,14,26,9,3.0,8.7,1.24
Dalton Kincaid,91791,TE,BUF,1,15.8,2,83.3,100.0,1,1,0,0.0,0,0.58,4,4,0,73.4,68.0,91.5,69.8,91.6,44.0,11,0,40,4.0,1,25,0,52.2,5,88.0,22,36.0,9,118.8,6,0,20.0,5,130,42,8.4,26.0,5.91
Zay Flowers,97268,WR,BLT,1,13.8,1,83.3,,0,0,0,0.0,0,1.26,5,3,0,73.4,68.0,93.7,,94.0,0.0,0,0,54,0.0,0,11,0,72.7,5,100.0,11,54.5,6,158.3,6,1,36.4,4,150,83,16.6,30.0,13.64
Kenneth Walker III,97199,HB,KC,1,-0.8,0,50.0,0.0,0,1,0,40.0,2,-0.11,2,16,0,28.0,78.3,86.8,73.1,41.1,4.8,1,0,11,4.8,1,21,0,50.0,3,90.5,19,0.0,0,95.8,6,1,0.0,0,18,19,6.3,6.0,0.95
Caleb Douglas,157740,WR,MIA,1,16.7,2,83.3,,0,0,0,0.0,0,-0.09,3,17,0,73.4,68.0,76.1,,75.1,0.0,0,1,30,0.0,0,35,0,43.8,5,91.4,32,31.4,11,79.2,6,0,68.6,24,94,35,7.0,18.8,2.94
Ashton Jeanty,157196,HB,LV,1,2.5,0,100.0,100.0,1,1,0,0.0,0,0.12,2,23,0,74.6,78.7,71.0,54.9,66.4,12.5,3,0,13,16.7,4,24,0,52.2,6,79.2,19,16.7,4,137.5,6,2,4.2,1,45,30,5.0,7.5,2.37
Juwan Johnson,28305,TE,NO,1,13.8,0,50.0,33.3,1,3,0,0.0,0,0.15,3,20,0,70.5,65.8,73.4,60.0,70.1,30.0,18,0,27,8.3,5,60,0,53.6,3,85.0,51,53.3,32,120.8,6,1,16.7,10,54,3,1.0,18.0,1.06
Keenan Allen,7857,WR,IND,1,3.7,0,100.0,,0,0,0,0.0,0,-0.26,1,14,0,74.6,68.8,60.9,,60.6,0.0,0,0,9,0.0,0,26,0,42.3,6,100.0,26,30.8,8,88.9,6,0,69.2,18,32,10,1.7,5.3,1.23
Carnell Tate,170273,WR,TEN,1,10.0,0,66.7,,0,0,0,0.0,0,-0.18,1,31,0,72.1,67.0,61.5,,61.0,0.0,0,0,14,0.0,0,37,0,50.0,4,97.3,36,32.4,12,84.0,6,0,67.6,25,38,9,2.3,9.5,1.06
Mark Andrews,47436,TE,BLT,1,6.7,0,66.7,,0,0,0,20.0,1,0.62,2,3,0,45.8,68.0,69.0,73.1,66.7,32.1,9,0,17,7.1,2,28,1,68.0,4,82.1,23,50.0,14,91.7,6,0,17.9,5,49,15,3.8,12.3,2.13
Emeka Egbuka,145055,WR,TB,1,14.0,0,83.3,0.0,0,1,0,0.0,0,-0.16,3,30,0,73.4,68.0,73.3,71.9,73.3,2.9,1,0,17,5.7,2,35,0,52.9,5,91.4,32,22.9,8,110.4,6,0,68.6,24,63,21,4.2,12.6,1.97
Pat Bryant,144800,WR,DEN,1,4.0,0,66.7,100.0,1,1,0,20.0,1,-0.22,3,10,0,41.6,67.0,62.2,,72.5,0.0,0,0,13,0.0,0,22,2,47.6,4,95.5,21,45.5,10,86.8,6,0,54.5,12,42,20,5.0,10.5,2.0
Xavier Worthy,144718,WR,KC,1,7.8,0,50.0,0.0,0,1,0,0.0,0,-0.04,1,16,0,70.5,65.8,57.3,,57.0,3.2,1,1,9,0.0,0,31,0,46.7,3,96.8,30,19.4,6,16.7,6,0,77.4,24,18,15,5.0,6.0,0.6
Parker Washington,129799,WR,JAX,1,17.0,0,83.3,,0,0,0,0.0,0,0.79,4,15,0,73.4,72.3,90.9,,90.5,0.0,0,0,30,0.0,0,18,0,66.7,5,100.0,18,50.0,9,158.3,6,1,44.4,8,83,3,0.6,16.6,4.61
Roman Wilson,129604,WR,PIT,1,20.3,0,50.0,0.0,0,1,0,0.0,0,-0.5,1,25,0,70.5,65.8,54.6,,54.6,0.0,0,0,20,0.0,0,29,0,22.2,3,93.1,27,65.5,19,61.8,6,0,34.5,10,26,6,2.0,8.7,0.96
Tee Higgins,61211,WR,CIN,1,25.2,1,50.0,50.0,1,2,0,0.0,0,-0.01,3,7,0,70.5,65.8,76.8,,73.9,0.0,0,0,29,0.0,0,31,0,51.6,3,100.0,31,9.7,3,84.7,6,0,90.3,28,59,26,8.7,19.7,1.9
Tre Harris,122676,WR,LAC,1,8.0,0,50.0,33.3,1,3,0,0.0,0,-0.39,0,27,0,70.5,65.8,58.3,,58.6,0.0,0,0,11,0.0,0,31,0,44.4,3,87.1,27,41.9,13,57.6,6,0,58.1,18,20,8,2.7,6.7,0.74
Xavier Hutchinson,122518,WR,HST,1,8.8,1,50.0,0.0,0,1,0,0.0,0,0.06,1,13,0,70.5,65.8,64.3,,62.3,0.0,0,0,20,0.0,0,31,0,37.9,3,93.5,29,61.3,19,66.0,6,0,38.7,12,32,22,7.3,10.7,1.1
Chase Brown,77787,HB,CIN,1,-2.3,2,83.3,,0,0,0,0.0,0,0.02,0,7,0,73.4,76.8,71.9,80.2,75.8,0.0,0,0,9,23.1,6,26,0,50.0,5,76.9,20,0.0,0,81.9,6,0,0.0,0,22,30,6.0,4.4,1.1
Tucker Kraft,104034,TE,GB,1,11.8,0,50.0,,0,0,0,0.0,0,0.1,3,12,0,70.5,65.8,76.6,46.1,77.3,55.6,15,0,30,18.5,5,27,0,44.4,3,81.5,22,37.0,10,88.9,6,0,3.7,1,65,19,6.3,21.7,2.95
Wan'Dale Robinson,101735,WR,TEN,1,4.0,0,83.3,100.0,1,1,0,0.0,0,-0.23,3,31,0,73.4,68.0,67.8,,70.4,0.0,0,0,10,0.0,0,35,0,52.9,5,97.1,34,80.0,28,93.1,6,0,20.0,7,38,12,2.4,7.6,1.12
Alec Pierce,78038,WR,IND,1,17.8,0,66.7,0.0,0,2,0,0.0,0,-0.2,4,14,0,72.1,67.0,78.6,,77.0,0.0,0,0,23,0.0,0,23,0,36.4,4,95.7,22,8.7,2,100.0,6,0,91.3,21,61,10,2.5,15.3,2.77
Sam LaPorta,101690,TE,DET,1,5.7,0,83.3,,0,0,0,0.0,0,0.13,2,11,0,73.4,68.0,65.4,70.2,67.6,51.4,18,0,19,2.9,1,35,0,51.4,5,97.1,34,37.1,13,100.0,6,0,8.6,3,48,23,4.6,9.6,1.41
Javonte Williams,77803,HB,DAL,1,-2.4,3,100.0,,0,0,0,0.0,0,0.35,2,9,0,74.6,76.0,78.9,79.8,86.1,0.0,0,0,17,18.5,5,27,1,64.0,5,74.1,20,7.4,2,132.1,5,1,0.0,0,31,43,8.6,6.2,1.55
DeVonta Smith,61100,WR,PHI,1,16.4,1,60.0,100.0,1,1,0,0.0,0,0.05,1,24,0,70.5,67.9,75.8,,74.8,0.0,0,0,31,0.0,0,34,0,36.4,3,97.1,33,5.9,2,96.3,5,0,94.1,32,53,5,1.7,17.7,1.61
Luther Burden III,157170,WR,CHI,1,6.8,2,100.0,100.0,1,1,0,0.0,0,0.64,2,6,1,73.4,17.0,62.3,,64.5,0.0,0,0,24,0.0,0,29,0,63.0,5,93.1,27,51.7,15,118.8,5,0,48.3,14,63,29,5.8,12.6,2.33
Pat Freiermuth,84085,TE,PIT,1,6.0,1,100.0,100.0,1,1,0,0.0,0,-0.09,3,25,0,73.4,68.0,71.0,66.6,68.3,30.6,11,0,19,2.8,1,36,0,46.9,5,86.1,31,55.6,20,144.6,5,1,13.9,5,46,25,5.0,9.2,1.48
Jalen Nailor,84292,WR,LV,1,12.4,0,60.0,,0,0,0,0.0,0,-0.09,3,23,0,70.5,65.8,74.0,,72.8,0.0,0,1,12,0.0,0,20,0,47.4,3,95.0,19,30.0,6,35.0,5,0,70.0,14,27,11,3.7,9.0,1.42
Cade Otton,61071,TE,TB,1,4.6,0,60.0,,0,0,0,25.0,1,-0.36,3,30,0,36.2,65.8,53.0,45.8,53.3,60.5,23,0,13,13.2,5,38,1,51.4,3,81.6,31,26.3,10,73.8,5,0,13.2,5,26,26,8.7,8.7,0.84
George Kittle,11901,TE,SF,1,7.8,1,40.0,0.0,0,1,0,0.0,0,-0.03,0,28,0,68.3,64.0,47.0,42.2,49.7,63.2,12,1,6,10.5,2,19,0,52.6,2,89.5,17,26.3,5,8.3,5,0,10.5,2,12,18,9.0,6.0,0.71
Ryan Flournoy,159617,WR,DAL,1,8.2,1,40.0,0.0,0,1,0,33.3,1,0.39,1,9,0,29.9,64.0,46.0,,47.9,0.0,0,1,17,0.0,0,28,0,61.5,2,92.9,26,67.9,19,14.2,5,0,32.1,9,22,12,6.0,11.0,0.85
Dallas Goedert,47272,TE,PHI,1,11.4,0,80.0,100.0,1,1,0,0.0,0,0.25,3,24,0,72.1,67.0,81.1,74.6,78.2,56.3,18,0,43,12.5,4,32,0,41.9,4,84.4,27,34.4,11,158.3,5,2,9.4,3,77,33,8.3,19.3,2.85
Jahmyr Gibbs,122474,HB,DET,1,-0.6,2,100.0,,0,0,0,0.0,0,-0.06,1,11,1,73.4,32.1,72.8,78.6,52.4,0.0,0,0,11,26.1,6,23,0,52.2,5,73.9,17,13.0,3,91.7,5,0,13.0,3,30,33,6.6,6.0,1.76
Mack Hollins,11873,WR,NE,1,13.4,0,80.0,100.0,1,1,0,0.0,0,-0.17,1,19,0,72.1,67.0,72.9,,69.8,3.8,1,1,19,0.0,0,26,0,48.0,4,96.2,25,26.9,7,69.6,5,0,69.2,18,51,5,1.3,12.8,2.04
David Njoku,11784,TE,LAC,1,5.6,0,100.0,100.0,1,1,1,0.0,0,0.14,3,27,0,73.4,68.0,71.9,82.4,73.4,47.6,10,0,15,14.3,3,21,1,65.0,5,81.0,17,9.5,2,115.0,5,0,33.3,7,58,30,6.0,11.6,3.41
Quentin Johnston,123085,WR,LAC,1,11.0,0,40.0,0.0,0,1,0,0.0,0,-0.19,0,27,0,70.5,65.8,53.1,,59.0,0.0,0,0,9,0.0,0,30,1,48.1,2,90.0,27,16.7,5,49.6,5,0,83.3,25,17,5,2.5,8.5,0.63
Travis Kelce,7844,TE,KC,1,5.8,1,60.0,,0,0,0,0.0,0,-0.1,2,16,0,70.5,65.8,73.8,62.0,71.9,50.0,14,0,59,3.6,1,28,0,44.4,3,92.9,26,35.7,10,104.2,5,0,3.6,1,71,63,21.0,23.7,2.73
Khalil Shakir,84140,WR,BUF,1,3.8,0,80.0,,0,0,0,0.0,0,0.82,2,4,0,73.4,68.0,74.3,69.6,73.6,20.8,5,0,19,4.2,1,24,0,47.6,4,83.3,20,50.0,12,108.3,5,0,29.2,7,50,31,7.8,12.5,2.5
Tyler Warren,129798,TE,IND,1,4.8,0,60.0,0.0,0,1,1,0.0,0,-0.37,1,14,0,70.5,65.8,55.2,20.2,57.5,32.4,11,0,9,8.8,3,34,1,33.3,3,88.2,30,50.0,17,104.2,5,1,17.6,6,13,7,2.3,4.3,0.43
Dontayvion Wicks,99711,WR,PHI,1,21.8,0,50.0,0.0,0,1,0,0.0,0,0.15,2,24,0,68.3,64.0,62.1,,65.1,0.0,0,0,64,0.0,0,32,0,35.5,2,96.9,31,34.4,11,135.4,4,1,65.6,21,73,21,10.5,36.5,2.35
Chris Godwin,11839,WR,TB,1,0.3,3,100.0,,0,0,0,0.0,0,-0.35,2,30,0,72.1,68.3,63.0,,64.5,2.9,1,0,30,0.0,0,35,0,50.0,4,91.4,32,54.3,19,108.3,4,0,42.9,15,40,39,9.8,10.0,1.25
Courtland Sutton,48164,WR,DEN,1,8.0,0,50.0,,0,0,0,0.0,0,-0.48,0,10,0,68.3,64.0,52.1,,53.0,0.0,0,1,6,0.0,0,30,0,41.4,2,96.7,29,26.7,8,16.7,4,0,73.3,22,11,4,2.0,5.5,0.38
Terry McLaurin,48229,WR,WAS,1,5.5,0,50.0,,0,0,0,33.3,1,0.14,1,32,0,29.9,64.0,49.5,,49.2,0.0,0,0,8,0.0,0,38,0,37.1,2,92.1,35,28.9,11,58.3,4,0,71.1,27,14,15,7.5,7.0,0.4
Gunnar Helm,144726,TE,TEN,1,1.8,1,100.0,100.0,1,1,0,0.0,0,-0.15,1,31,0,72.1,67.0,62.3,61.6,61.7,36.7,11,0,12,23.3,7,30,0,48.3,4,73.3,22,36.7,11,95.8,4,0,23.3,7,28,21,5.3,7.0,1.27
Josh Oliver,47083,TE,MIN,1,3.0,0,50.0,,0,0,0,0.0,0,-0.14,1,18,0,68.3,64.0,76.5,23.3,89.4,91.7,11,0,13,25.0,3,12,0,33.3,2,75.0,9,0.0,0,66.7,4,0,0.0,0,22,6,3.0,11.0,2.44
Denzel Boston,162481,WR,CLV,1,29.0,0,50.0,,0,0,0,0.0,0,-0.24,2,8,0,68.3,67.1,67.6,,67.6,0.0,0,0,46,0.0,0,31,0,46.7,2,96.8,30,9.7,3,135.4,4,1,90.3,28,59,2,1.0,29.5,1.97
Jack Bech,146771,WR,LV,1,7.3,1,75.0,100.0,1,1,0,0.0,0,0.19,1,23,0,70.5,65.8,70.4,,70.2,0.0,0,1,15,0.0,0,13,0,46.2,3,100.0,13,69.2,9,88.5,4,1,30.8,4,23,7,2.3,7.7,1.77
Bryce Lance,148151,WR,NO,1,9.5,0,75.0,100.0,1,1,0,0.0,0,0.09,2,20,0,70.5,65.8,62.5,,61.9,0.0,0,0,19,0.0,0,49,0,55.6,3,91.8,45,22.4,11,108.3,4,0,77.6,38,42,7,2.3,14.0,0.93
RJ Harvey,99622,HB,DEN,1,-6.0,2,100.0,,0,0,0,0.0,0,-0.5,0,10,0,72.1,74.4,59.9,12.5,68.4,0.0,0,0,11,20.0,4,20,0,45.0,4,80.0,16,0.0,0,90.6,4,0,10.0,2,23,47,11.8,5.8,1.44
A.J. Brown,48327,WR,NE,1,4.8,0,75.0,50.0,1,2,0,0.0,0,0.3,2,19,0,70.5,65.8,69.2,,68.7,0.0,0,0,14,0.0,0,17,0,75.0,3,94.1,16,5.9,1,91.7,4,0,94.1,16,26,15,5.0,8.7,1.63
Jonathan Taylor,57488,HB,IND,1,0.3,1,75.0,,0,0,0,0.0,0,-0.28,0,14,1,70.5,26.0,67.7,68.0,36.2,0.0,0,0,13,27.6,8,29,0,39.3,3,69.0,20,10.3,3,88.5,4,0,3.4,1,23,25,8.3,7.7,1.15
Malachi Fields,151069,WR,NYG,1,16.8,0,50.0,0.0,0,1,0,0.0,0,0.75,1,21,0,68.3,64.0,63.2,,60.3,0.0,0,0,19,0.0,0,21,0,81.0,2,100.0,21,23.8,5,69.8,4,0,76.2,16,25,16,8.0,12.5,1.19
Tre Tucker,101106,WR,LV,1,12.5,0,50.0,0.0,0,2,0,0.0,0,0.09,1,23,0,68.3,64.0,56.5,,57.1,0.0,0,0,21,0.0,0,28,0,44.4,2,96.4,27,14.3,4,71.9,4,0,85.7,24,27,2,1.0,13.5,1.0
De'Von Achane,124305,HB,MIA,1,2.3,1,100.0,100.0,2,2,0,0.0,0,-0.18,1,17,0,73.4,75.5,70.2,13.9,82.4,0.0,0,0,14,11.4,4,35,0,39.4,4,82.9,29,22.9,8,97.9,4,0,5.7,2,30,21,5.3,7.5,1.03
Antonio Williams,156241,WR,WAS,1,13.8,0,100.0,,0,0,0,0.0,0,1.35,4,32,0,72.1,67.0,91.2,,90.8,0.0,0,0,33,0.0,0,12,0,81.8,4,91.7,11,58.3,7,158.3,4,1,41.7,5,64,9,2.3,16.0,5.82
Jerry Jeudy,61103,WR,CLV,1,11.3,0,50.0,,0,0,0,0.0,0,-0.17,1,8,0,68.3,64.0,59.0,,59.0,0.0,0,1,20,0.0,0,26,0,56.0,2,96.2,25,26.9,7,31.3,4,0,73.1,19,26,10,5.0,13.0,1.04
KC Concepcion,170362,WR,CLV,1,7.0,1,100.0,100.0,1,1,0,0.0,0,-0.19,2,8,1,72.1,19.1,68.1,,61.8,0.0,0,0,25,0.0,0,21,0,45.0,4,95.2,20,66.7,14,111.5,4,0,33.3,7,43,15,3.8,10.8,2.15
James Cook,83666,HB,BUF,1,-0.8,0,75.0,,0,0,0,25.0,1,0.23,2,4,0,36.2,23.7,50.2,82.6,38.6,8.0,2,0,6,20.0,5,25,0,50.0,3,64.0,16,4.0,1,77.1,4,0,0.0,0,12,14,4.7,4.0,0.75
T.J. Hockenson,40912,TE,MIN,1,6.3,0,100.0,100.0,2,2,0,0.0,0,0.22,2,18,0,72.1,67.0,66.3,68.1,64.7,34.5,10,0,16,6.9,2,29,0,40.0,4,79.3,23,55.2,16,143.8,4,1,10.3,3,36,13,3.3,9.0,1.57
Rico Dowdle,40693,HB,PIT,1,0.3,0,50.0,,0,0,0,33.3,1,-0.2,0,25,0,29.9,72.9,45.5,58.3,40.6,0.0,0,0,4,29.0,9,31,0,41.4,2,67.7,21,12.9,4,56.3,4,0,9.7,3,6,12,6.0,3.0,0.29
Devin Singletary,40485,HB,NYG,1,-4.0,0,100.0,,0,0,0,0.0,0,0.85,2,21,0,72.1,72.4,57.0,77.4,71.7,0.0,0,0,13,10.5,2,19,0,73.7,4,89.5,17,5.3,1,129.2,4,1,5.3,1,22,38,9.5,5.5,1.29
Makai Lemon,174150,WR,PHI,1,-0.3,0,75.0,,0,0,0,0.0,0,0.08,0,24,0,70.5,65.8,54.9,,52.9,0.0,0,0,3,0.0,0,29,0,37.9,3,100.0,29,75.9,22,77.1,4,0,24.1,7,-5,3,1.0,-1.7,-0.17
Ja'Marr Chase,84270,WR,CIN,1,8.5,0,50.0,33.3,1,3,0,0.0,0,0.02,1,7,0,68.3,64.0,55.7,,55.3,0.0,0,0,16,0.0,0,37,0,52.8,2,97.3,36,37.8,14,56.3,4,0,62.2,23,12,1,0.5,6.0,0.33
Tyjae Spears,97195,HB,TEN,1,-3.0,0,50.0,0.0,0,1,0,0.0,0,-0.04,0,31,0,68.3,69.0,57.1,83.6,48.6,0.0,0,0,8,36.4,8,22,0,50.0,2,63.6,14,13.6,3,56.3,4,0,0.0,0,12,22,11.0,6.0,0.86
Evan Engram,11778,TE,DEN,1,7.5,1,100.0,,0,0,0,0.0,0,-0.55,3,10,0,72.1,67.0,75.8,23.3,77.1,60.0,15,0,19,4.0,1,25,0,41.7,4,92.0,23,16.0,4,151.0,4,1,24.0,6,43,15,3.8,10.8,1.87
Ted Hurst,187922,WR,TB,1,11.3,0,100.0,100.0,1,1,0,0.0,0,0.02,2,30,0,70.5,65.8,61.4,,61.1,0.0,0,0,16,0.0,0,31,0,63.3,3,96.8,30,32.3,10,116.7,3,0,67.7,21,36,2,0.7,12.0,1.2
Hunter Henry,10669,TE,NE,1,4.0,1,100.0,100.0,1,1,0,0.0,0,0.09,1,19,0,70.5,65.8,61.7,77.8,59.0,38.9,14,0,13,30.6,11,36,0,62.9,3,69.4,25,36.1,13,102.8,3,0,5.6,2,26,14,4.7,8.7,1.04
Demarcus Robinson,10760,WR,SF,1,17.7,0,66.7,50.0,1,2,1,0.0,0,0.46,2,28,0,68.3,64.0,68.2,,69.0,0.0,0,0,39,0.0,0,22,1,66.7,2,95.5,21,27.3,6,149.3,3,1,72.7,16,50,8,4.0,25.0,2.38
Cooper Kupp,11824,WR,SEA,1,17.3,1,66.7,100.0,1,1,0,0.0,0,0.04,2,29,0,70.5,65.8,84.0,,84.0,0.0,0,0,24,0.0,0,22,0,47.6,2,95.5,21,45.5,10,106.3,3,0,54.5,12,35,3,1.5,17.5,1.67
Jonnu Smith,11855,TE,GB,1,8.3,0,66.7,0.0,0,1,0,0.0,0,-0.03,2,12,0,68.3,64.0,73.8,58.2,71.8,37.5,9,0,43,29.2,7,24,0,37.5,2,70.8,17,45.8,11,109.7,3,0,16.7,4,50,29,14.5,25.0,2.94
Samaje Perine,11869,HB,CIN,1,1.0,0,100.0,,0,0,0,0.0,0,0.02,2,7,0,70.5,71.4,66.6,26.0,90.7,0.0,0,0,14,30.0,3,10,0,60.0,3,70.0,7,0.0,0,108.3,3,0,10.0,1,30,27,9.0,10.0,4.29
Michael Pittman Jr.,29049,WR,PIT,1,11.3,0,100.0,100.0,1,1,0,0.0,0,-0.34,2,25,0,70.5,65.8,60.3,,63.2,0.0,0,0,28,0.0,0,42,1,35.9,3,92.9,39,28.6,12,118.8,3,0,71.4,30,58,24,8.0,19.3,1.49
John Bates,42275,TE,WAS,1,2.3,0,66.7,,0,0,0,0.0,0,0.0,0,32,0,70.5,65.8,55.9,77.0,55.1,68.8,11,0,8,31.3,5,16,0,42.9,2,62.5,10,12.5,2,75.7,3,0,6.3,1,13,16,8.0,6.5,1.3
David Montgomery,45719,HB,HST,1,1.3,0,100.0,100.0,1,1,0,0.0,0,0.02,1,13,0,70.5,77.6,72.6,78.4,76.6,0.0,0,0,9,26.3,5,19,1,47.1,3,73.7,14,0.0,0,132.6,3,1,0.0,0,19,15,5.0,6.3,1.36
Drew Sample,47259,TE,CIN,1,1.3,0,100.0,,0,0,0,0.0,0,0.09,1,7,0,72.1,67.0,61.0,31.4,68.2,55.0,11,0,11,30.0,6,20,0,63.2,3,65.0,13,10.0,2,93.1,3,0,0.0,0,19,15,5.0,6.3,1.46
Chuba Hubbard,57373,HB,CAR,1,0.3,3,100.0,,0,0,0,0.0,0,0.23,2,5,0,72.1,75.2,65.9,83.0,67.8,0.0,0,0,29,25.0,9,36,0,48.5,3,69.4,25,11.1,4,158.3,3,1,2.8,1,38,38,12.7,12.7,1.52
Cole Kmet,60995,TE,CHI,1,17.3,0,66.7,100.0,1,1,0,0.0,0,0.08,2,6,0,68.3,64.0,84.6,39.5,80.3,61.9,13,0,22,9.5,2,21,0,45.0,2,90.5,19,4.8,1,145.8,3,1,19.0,4,35,8,4.0,17.5,1.84
Rashid Shaheed,63707,WR,SEA,1,5.3,0,33.3,,0,0,0,0.0,0,-0.25,0,29,0,64.7,75.2,49.0,,49.1,0.0,0,0,4,0.0,0,21,0,30.0,1,95.2,20,23.8,5,42.4,3,0,76.2,16,4,2,2.0,4.0,0.2
Rome Odunze,73774,WR,CHI,1,29.7,0,66.7,100.0,2,2,0,0.0,0,0.84,1,6,0,68.3,66.8,59.2,,65.0,0.0,0,0,47,0.0,0,23,1,63.6,2,95.7,22,21.7,5,109.7,3,0,73.9,17,52,2,1.0,26.0,2.36
Chigoziem Okonkwo,84000,TE,WAS,1,13.0,0,66.7,50.0,1,2,0,0.0,0,-0.44,1,32,0,68.3,64.0,63.4,,60.9,39.1,9,0,15,0.0,0,23,0,18.2,2,95.7,22,52.2,12,79.9,3,0,8.7,2,16,2,1.0,8.0,0.73
Tommy Tremble,84025,TE,CAR,1,5.0,1,100.0,,0,0,0,0.0,0,0.65,2,5,0,70.5,65.8,75.8,70.2,69.9,57.1,12,0,11,9.5,2,21,0,60.0,3,85.7,18,38.1,8,101.4,3,0,0.0,0,25,10,3.3,8.3,1.39
Jaylen Waddle,84088,WR,DEN,1,4.0,0,33.3,100.0,1,1,0,50.0,1,-0.58,0,10,0,29.9,64.0,46.9,,47.2,0.0,0,0,2,0.0,0,29,0,37.0,1,93.1,27,65.5,19,42.4,3,0,31.0,9,2,0,0.0,2.0,0.07
Romeo Doubs,84329,WR,NE,1,22.3,0,0.0,0.0,0,1,0,100.0,1,-0.09,0,19,0,27.9,,42.5,,46.1,0.0,0,1,0,0.0,0,33,0,53.1,0,97.0,32,18.2,6,0.0,3,0,81.8,27,0,0,,,0.0
Jahan Dotson,84375,WR,ATL,1,15.7,0,33.3,,0,0,0,0.0,0,-0.64,1,2,0,64.7,61.2,60.2,,60.4,0.0,0,1,19,0.0,0,20,0,26.3,1,95.0,19,25.0,5,16.7,3,0,75.0,15,19,1,1.0,19.0,1.0
Drake London,86519,WR,ATL,1,8.7,0,66.7,,0,0,0,0.0,0,-0.63,1,2,0,70.5,67.4,71.5,,70.0,0.0,0,0,21,0.0,0,27,0,36.0,2,92.6,25,22.2,6,97.9,3,0,77.8,21,29,8,4.0,14.5,1.16
Kyren Williams,97118,HB,LA,1,2.3,0,100.0,,0,0,0,0.0,0,-0.48,1,26,0,70.5,74.6,65.5,19.3,63.4,3.8,1,0,16,11.5,3,26,0,30.4,3,76.9,20,0.0,0,100.0,3,0,0.0,0,24,17,5.7,8.0,1.2
Brenton Strange,101694,TE,JAX,1,13.0,0,66.7,0.0,0,1,0,0.0,0,0.89,1,15,0,68.3,64.0,63.9,72.4,71.1,61.1,11,0,14,11.1,2,18,1,66.7,2,88.9,16,27.8,5,129.2,3,1,11.1,2,23,0,0.0,11.5,1.44
Adam Trautman,109795,TE,DEN,1,-0.3,0,66.7,,0,0,0,33.3,1,-0.48,0,10,0,29.9,64.0,43.1,70.6,38.6,70.0,7,0,6,10.0,1,10,0,22.2,2,90.0,9,20.0,2,71.5,3,0,10.0,1,10,8,4.0,5.0,1.11
Andrei Iosivas,109811,WR,CIN,1,5.0,0,66.7,100.0,1,1,0,0.0,0,-0.1,1,7,0,68.3,64.0,57.2,,56.9,0.0,0,1,12,0.0,0,27,0,50.0,2,96.3,26,59.3,16,34.7,3,0,40.7,11,12,2,1.0,6.0,0.46
Josh Downs,122832,WR,IND,1,7.0,0,66.7,,0,0,0,0.0,0,-0.42,2,14,0,68.3,69.2,66.0,,65.8,0.0,0,0,25,0.0,0,33,0,34.4,2,97.0,32,78.8,26,109.0,3,0,21.2,7,37,22,11.0,18.5,1.16
Marvin Harrison Jr.,145056,WR,ARZ,1,24.7,0,33.3,100.0,1,1,0,50.0,1,0.31,1,1,0,28.8,61.2,54.6,,54.2,0.0,0,0,33,0.0,0,37,0,61.8,1,91.9,34,13.5,5,75.7,3,0,86.5,32,33,3,3.0,33.0,0.97
Raheim Sanders,146626,HB,CLV,1,-2.0,2,100.0,,0,0,0,0.0,0,0.24,1,8,0,70.5,71.6,59.1,68.5,67.2,0.0,0,0,11,6.3,1,16,0,57.1,3,81.3,13,6.3,1,101.4,3,0,0.0,0,25,31,10.3,8.3,1.92
Adonai Mitchell,146712,WR,NYJ,1,19.7,0,100.0,100.0,1,1,0,0.0,0,0.36,2,22,0,70.5,65.8,68.8,,73.5,0.0,0,0,40,0.0,0,23,0,52.4,3,91.3,21,17.4,4,118.8,3,0,82.6,19,60,1,0.3,20.0,2.86
Brian Thomas Jr.,146760,WR,JAX,1,14.7,1,100.0,100.0,1,1,0,0.0,0,0.86,3,15,1,70.5,13.9,71.9,,70.6,0.0,0,0,18,0.0,0,14,0,71.4,3,100.0,14,14.3,2,118.8,3,0,85.7,12,40,-4,-1.3,13.3,2.86
Mason Taylor,157122,TE,NYJ,1,0.0,0,66.7,0.0,0,1,0,0.0,0,0.32,0,22,0,68.3,64.0,54.3,69.6,46.0,50.0,9,0,6,5.6,1,18,1,58.8,2,88.9,16,44.4,8,70.1,3,0,5.6,1,-2,0,0.0,-1.0,-0.13
Elic Ayomanor,157263,WR,TEN,1,13.3,0,33.3,0.0,0,2,0,0.0,0,-0.26,1,31,0,64.7,61.2,59.3,,59.0,0.0,0,0,11,0.0,0,21,0,42.9,1,100.0,21,23.8,5,84.7,3,1,76.2,16,11,0,0.0,11.0,0.52
Harold Fannin Jr.,163104,TE,CLV,1,3.3,0,66.7,,0,0,0,0.0,0,-0.19,1,8,0,68.3,64.0,63.9,66.9,66.3,59.3,16,0,12,3.7,1,27,0,52.0,2,88.9,24,22.2,6,86.8,3,0,18.5,5,21,15,7.5,10.5,0.88
Jeremiyah Love,171090,HB,ARZ,1,2.3,0,66.7,100.0,1,1,0,33.3,1,0.15,0,1,0,29.9,74.4,60.6,51.2,37.4,0.0,0,0,5,16.7,3,18,0,55.6,2,83.3,15,27.8,5,70.1,3,0,0.0,0,9,4,2.0,4.5,0.6
Kenyon Sadiq,174132,TE,NYJ,1,-0.3,0,100.0,,0,0,0,0.0,0,0.28,0,22,0,70.5,67.4,56.2,65.9,55.3,61.5,8,0,8,7.7,1,13,1,66.7,3,92.3,12,15.4,2,95.8,3,0,15.4,2,21,22,7.3,7.0,1.75
Ja'Kobi Lane,176638,WR,BLT,1,13.3,0,33.3,,0,0,0,0.0,0,0.29,0,3,0,68.3,64.0,61.7,,61.6,0.0,0,0,11,0.0,0,18,0,68.8,1,88.9,16,16.7,3,45.1,3,0,83.3,15,11,4,4.0,11.0,0.69
Rachaad White,131633,HB,WAS,1,-5.0,0,100.0,,0,0,0,0.0,0,0.34,0,32,0,68.3,73.9,55.3,66.0,57.9,0.0,0,0,3,23.8,5,21,0,42.1,2,66.7,14,4.8,1,79.2,2,0,9.5,2,5,15,7.5,2.5,0.36
Jordan Addison,123000,WR,MIN,1,14.0,0,0.0,,0,0,0,,0,-0.03,0,18,0,,,49.9,,50.8,0.0,0,0,0,0.0,0,32,0,32.1,0,87.5,28,25.0,8,39.6,2,0,75.0,24,0,0,,,0.0
Kevin Coleman Jr.,160756,WR,MIA,1,13.0,0,0.0,0.0,0,1,0,,0,-0.79,0,17,0,,,52.8,,53.4,0.0,0,0,0,0.0,0,16,0,21.4,0,87.5,14,12.5,2,39.6,2,0,87.5,14,0,0,,,0.0
Foster Moreau,47043,TE,HST,1,3.0,0,100.0,,0,0,0,0.0,0,0.27,0,13,0,68.3,64.0,64.0,51.1,69.8,83.3,10,0,9,25.0,3,12,0,54.5,2,75.0,9,8.3,1,97.9,2,0,8.3,1,15,9,4.5,7.5,1.67
Mitchell Evans,147486,TE,CAR,1,7.5,0,50.0,0.0,0,1,0,0.0,0,0.53,0,5,0,68.3,64.0,64.7,76.8,64.9,60.0,9,0,9,26.7,4,15,0,41.7,1,53.3,8,26.7,4,62.5,2,0,6.7,1,9,4,4.0,9.0,1.13
Lan Larison,142157,HB,NE,1,-1.5,0,100.0,,0,0,0,0.0,0,0.17,1,19,0,68.3,68.7,67.5,,81.0,0.0,0,0,11,0.0,0,3,0,50.0,2,66.7,2,0.0,0,85.4,2,0,0.0,0,9,12,6.0,4.5,4.5
Joshua Palmer,62979,WR,BUF,1,31.5,0,50.0,,0,0,0,0.0,0,0.7,1,4,0,64.7,61.2,70.8,,69.6,6.3,1,0,34,0.0,0,16,0,53.8,1,81.3,13,43.8,7,135.4,2,1,50.0,8,34,7,7.0,34.0,2.62
Saquon Barkley,45791,HB,PHI,1,-1.0,0,50.0,,0,0,0,50.0,1,0.19,0,24,0,30.0,75.9,72.0,47.1,59.1,0.0,0,0,-3,54.2,13,24,0,39.1,1,41.7,10,8.3,2,56.3,2,0,0.0,0,-3,3,3.0,-3.0,-0.3
Jaylin Noel,125155,WR,HST,1,13.0,0,100.0,,0,0,0,0.0,0,0.14,2,13,0,68.3,71.6,69.3,,68.3,0.0,0,0,35,0.0,0,18,0,60.0,2,83.3,15,83.3,15,118.8,2,0,16.7,3,53,27,13.5,26.5,3.53
Luke Farrell,42353,TE,SF,1,1.5,0,100.0,,0,0,0,0.0,0,0.44,1,28,0,68.3,64.0,63.6,74.3,58.9,82.6,19,0,14,13.0,3,23,0,68.2,2,82.6,19,13.0,3,106.3,2,0,4.3,1,19,16,8.0,9.5,1.0
Chris Bell,156321,WR,MIA,1,21.0,1,50.0,0.0,0,1,0,50.0,1,0.24,1,17,0,28.9,61.2,53.7,,53.9,0.0,0,0,25,0.0,0,21,0,50.0,1,95.2,20,28.6,6,95.8,2,0,71.4,15,25,2,2.0,25.0,1.25
Oronde Gadsden II,144046,TE,LAC,1,3.5,0,100.0,,0,0,0,0.0,0,-0.13,1,27,0,68.3,64.0,64.4,,68.8,14.3,1,0,26,0.0,0,7,0,60.0,2,71.4,5,57.1,4,118.8,2,0,28.6,2,32,25,12.5,16.0,6.4
Emmett Johnson,156473,HB,KC,1,-4.0,5,100.0,,0,0,0,0.0,0,0.21,1,16,0,68.3,73.4,68.2,55.2,87.6,0.0,0,0,25,30.8,4,13,0,46.2,2,69.2,9,0.0,0,118.8,2,0,0.0,0,44,52,26.0,22.0,4.89
AJ Barner,129433,TE,SEA,1,-0.5,0,100.0,,0,0,0,0.0,0,0.24,1,29,0,68.3,66.2,62.8,51.4,54.4,70.8,17,0,9,20.8,5,24,1,47.8,2,79.2,19,12.5,3,93.8,2,0,12.5,3,13,14,7.0,6.5,0.68
Jadarian Price,156985,HB,SEA,1,-1.0,0,100.0,100.0,1,1,0,0.0,0,0.31,0,29,0,68.3,73.9,67.0,73.8,58.5,0.0,0,0,4,21.4,3,14,0,64.3,2,78.6,11,7.1,1,79.2,2,0,7.1,1,6,8,4.0,3.0,0.55
LaJohntay Wester,123616,WR,BLT,1,5.5,0,100.0,100.0,1,1,0,0.0,0,-0.37,0,3,0,68.3,74.1,55.9,,56.1,0.0,0,0,9,0.0,0,14,0,46.2,2,92.9,13,57.1,8,97.9,2,0,35.7,5,15,4,2.0,7.5,1.15
Quinshon Judkins,157128,HB,CLV,1,0.0,3,100.0,,0,0,0,0.0,0,-0.58,1,8,0,68.3,74.8,55.9,55.3,66.5,0.0,0,0,16,23.5,4,17,0,41.2,2,76.5,13,5.9,1,102.1,2,0,0.0,0,17,17,8.5,8.5,1.31
Josh Cameron,144513,WR,JAX,1,13.0,0,100.0,,0,0,0,0.0,0,0.9,2,15,0,68.3,66.8,87.1,,87.3,0.0,0,0,16,0.0,0,7,0,71.4,2,100.0,7,14.3,1,147.9,2,1,85.7,6,20,2,1.0,10.0,2.86
Tony Pollard,27126,HB,TEN,1,9.5,0,50.0,,0,0,0,0.0,0,-0.4,0,31,0,64.7,71.9,66.4,77.6,57.0,0.0,0,0,-1,57.9,11,19,0,44.4,1,36.8,7,10.5,2,56.3,2,0,0.0,0,-1,1,1.0,-1.0,-0.14
Colby Parkinson,52266,TE,LA,1,5.0,0,50.0,,0,0,0,0.0,0,0.2,0,26,0,68.3,64.0,49.0,65.9,57.4,82.6,19,0,6,4.3,1,23,1,42.1,1,78.3,18,4.3,1,56.3,2,0,13.0,3,6,4,4.0,6.0,0.33
Jonathon Brooks,144721,HB,CAR,1,17.0,0,50.0,,0,0,0,0.0,0,0.48,1,5,0,64.7,70.3,87.3,78.2,93.1,0.0,0,0,48,37.5,3,8,0,37.5,1,62.5,5,0.0,0,95.8,2,0,12.5,1,48,25,25.0,48.0,9.6
Darnell Mooney,48236,WR,NYG,1,12.5,0,100.0,,0,0,0,0.0,0,0.65,2,21,0,68.3,64.0,64.4,,63.9,0.0,0,0,18,0.0,0,26,0,69.2,2,100.0,26,53.8,14,118.8,2,0,46.2,12,27,2,1.0,13.5,1.04
Chris Moore,10741,WR,BLT,1,34.0,0,50.0,,0,0,0,0.0,0,0.37,1,3,0,64.7,70.9,81.8,,79.6,0.0,0,0,53,0.0,0,8,0,42.9,1,87.5,7,50.0,4,95.8,2,0,50.0,4,53,23,23.0,53.0,7.57
Colston Loveland,158540,TE,CHI,1,13.5,0,0.0,,0,0,0,,0,0.57,0,6,0,,,51.6,23.7,47.4,31.6,12,0,0,5.3,2,38,1,61.1,0,89.5,34,34.2,13,39.6,2,0,28.9,11,0,0,,,0.0
Jake Ferguson,61081,TE,DAL,1,3.0,0,100.0,,0,0,0,0.0,0,0.34,0,9,0,68.3,64.0,49.8,72.1,49.0,45.5,15,0,6,9.1,3,33,0,62.1,2,81.8,27,45.5,15,79.2,2,0,9.1,3,6,0,0.0,3.0,0.22
Tyler Higbee,10744,TE,LA,1,4.0,0,100.0,,0,0,0,0.0,0,-0.2,0,26,1,68.3,13.3,29.2,65.9,28.1,66.7,4,0,8,16.7,1,6,0,80.0,2,66.7,4,0.0,0,91.7,2,0,33.3,2,12,4,2.0,6.0,3.0
Brady Russell,60876,FB,SEA,1,3.0,0,100.0,,0,0,0,0.0,0,1.19,1,29,0,68.3,64.0,62.0,43.0,69.3,50.0,4,0,13,37.5,3,8,0,87.5,2,62.5,5,0.0,0,108.3,2,0,0.0,0,20,14,7.0,10.0,4.0
Jakobi Meyers,47468,WR,JAX,1,18.5,0,100.0,100.0,1,1,0,0.0,0,0.69,2,15,0,68.3,66.2,66.0,,65.8,0.0,0,0,32,0.0,0,20,0,65.0,2,100.0,20,30.0,6,158.3,2,1,70.0,14,40,12,6.0,20.0,2.0
Darren Waller,9637,TE,CAR,1,3.5,0,100.0,,0,0,0,0.0,0,-0.14,2,5,0,70.5,65.8,78.5,68.4,76.9,20.0,4,0,17,5.0,1,20,1,47.4,2,90.0,18,65.0,13,118.8,2,0,15.0,3,28,21,10.5,14.0,1.56
Rashee Rice,97605,WR,KC,1,2.5,2,100.0,100.0,1,1,0,0.0,0,0.0,1,16,0,68.3,64.0,60.2,66.4,56.7,3.2,1,0,13,3.2,1,31,0,46.7,2,93.5,29,45.2,14,145.8,2,1,51.6,16,19,14,7.0,9.5,0.66
Tyler Allgeier,83639,HB,ARZ,1,-2.5,0,100.0,,0,0,0,0.0,0,0.38,0,1,0,68.3,76.6,56.2,75.4,57.7,0.0,0,0,5,38.5,10,26,0,60.9,2,53.8,14,3.8,1,85.4,2,0,0.0,0,9,14,7.0,4.5,0.64
Breece Hall,97636,HB,NYJ,1,2.0,2,100.0,,0,0,0,0.0,0,0.16,0,22,0,68.3,78.2,67.4,79.7,67.8,0.0,0,0,8,35.7,5,14,0,46.2,2,57.1,8,7.1,1,100.0,2,0,0.0,0,16,12,6.0,8.0,2.0
Darnell Washington,124044,TE,PIT,1,2.5,1,100.0,,0,0,0,0.0,0,-0.2,1,25,0,68.3,64.0,65.6,78.8,60.8,72.0,18,0,15,28.0,7,25,0,47.8,2,64.0,16,20.0,5,104.2,2,0,4.0,1,18,13,6.5,9.0,1.13
Kayshon Boutte,124087,WR,HST,1,16.0,0,50.0,,0,0,0,50.0,1,0.25,1,13,0,30.0,64.0,56.8,,57.3,0.0,0,0,21,0.0,0,30,0,51.9,1,90.0,27,26.7,8,87.5,2,0,73.3,22,21,7,7.0,21.0,0.78
Greg Dulcich,84068,TE,MIA,1,0.0,0,100.0,,0,0,0,0.0,0,-0.1,1,17,0,68.3,64.0,57.2,72.5,57.0,72.7,24,0,12,6.1,2,33,0,43.3,2,84.8,28,12.1,4,104.2,2,0,15.2,5,18,18,9.0,9.0,0.64
Xavier Legette,99197,WR,CAR,1,9.5,0,0.0,,0,0,0,100.0,1,0.18,0,5,0,27.9,66.5,41.6,,45.8,0.0,0,0,0,0.0,0,28,0,37.0,0,96.4,27,25.0,7,39.6,2,0,75.0,21,0,0,,,0.0
Kyle Monangai,129891,HB,CHI,1,4.0,0,100.0,,0,0,0,0.0,0,1.09,1,6,0,68.3,73.9,74.1,46.2,63.6,14.3,3,0,19,23.8,5,21,0,75.0,2,71.4,15,0.0,0,116.7,2,0,4.8,1,24,16,8.0,12.0,1.6
Dyami Brown,77986,WR,WAS,1,31.0,0,0.0,,0,0,0,,0,-0.08,0,32,0,,,47.6,,48.3,0.0,0,0,0,0.0,0,25,0,30.4,0,92.0,23,20.0,5,39.6,2,0,80.0,20,0,0,,,0.0
Malik Benson,169698,WR,LV,1,16.0,0,50.0,,0,0,0,0.0,0,0.25,0,23,0,64.7,69.6,53.3,,58.8,0.0,0,0,6,0.0,0,4,0,50.0,1,100.0,4,0.0,0,56.3,2,0,100.0,4,6,8,8.0,6.0,1.5
Brevyn Spann-Ford,84006,TE,DAL,1,3.0,0,100.0,,0,0,0,0.0,0,-0.14,0,9,0,68.3,64.0,56.3,70.2,57.3,33.3,3,0,8,11.1,1,9,0,33.3,2,88.9,8,55.6,5,95.8,2,0,11.1,1,14,8,4.0,7.0,1.75
Braelon Allen,145159,HB,NYJ,1,1.0,0,0.0,0.0,0,1,0,,0,0.54,0,22,0,,73.8,70.8,78.1,48.1,0.0,0,0,0,23.1,3,13,0,66.7,0,76.9,10,7.7,1,39.6,1,0,7.7,1,0,0,,,0.0
Konata Mumpfield,145598,WR,LA,1,13.0,0,0.0,,0,0,0,,0,-0.97,0,26,0,,,53.1,,53.5,0.0,0,0,0,0.0,0,11,0,27.3,0,100.0,11,63.6,7,39.6,1,0,36.4,4,0,0,,,0.0
Will Kacmarek,145896,TE,MIA,1,6.0,0,0.0,,0,0,0,,0,-0.39,0,17,0,,,52.0,44.0,52.4,85.7,6,0,0,28.6,2,7,0,28.6,0,71.4,5,14.3,1,39.6,1,0,0.0,0,0,0,,,0.0
Terrance Ferguson,146563,TE,LA,1,21.0,0,0.0,,0,0,0,,0,-0.29,0,26,0,,,56.5,65.9,51.6,40.0,6,0,0,6.7,1,15,0,42.9,0,86.7,13,20.0,3,39.6,1,0,40.0,6,0,0,,,0.0
Troy Franklin,146567,WR,DEN,1,32.0,0,0.0,0.0,0,1,0,,0,-0.47,0,10,0,64.7,64.6,44.7,,46.0,0.0,0,0,0,0.0,0,10,1,55.6,0,90.0,9,10.0,1,39.6,1,0,90.0,9,0,0,,,0.0
Derrick Henry,10679,HB,BLT,1,-1.0,0,100.0,,0,0,0,0.0,0,-0.4,1,3,0,64.7,78.5,71.7,78.6,74.3,0.0,0,0,19,54.5,6,11,0,50.0,1,45.5,5,0.0,0,118.8,1,0,0.0,0,19,20,20.0,19.0,3.8
Durham Smythe,47257,TE,BLT,1,4.0,0,100.0,100.0,1,1,0,0.0,0,0.06,0,3,0,64.7,61.2,67.4,77.3,53.0,69.2,9,0,4,30.8,4,13,0,58.3,1,69.2,9,15.4,2,83.3,1,0,7.7,1,4,0,0.0,4.0,0.44
Laquon Treadwell,10657,WR,IND,1,9.0,0,0.0,,0,0,0,,0,-0.95,0,14,0,,,59.0,,54.1,0.0,0,1,0,0.0,0,9,0,33.3,0,100.0,9,33.3,3,0.0,1,0,66.7,6,0,0,,,0.0
Justice Hill,45865,HB,BLT,1,0.0,0,100.0,,0,0,1,0.0,0,0.91,1,3,0,64.7,71.1,52.3,32.7,61.1,0.0,0,0,10,18.2,4,22,2,70.0,1,77.3,17,4.5,1,108.3,1,0,9.1,2,10,10,10.0,10.0,0.59
Bhayshul Tuten,150568,HB,JAX,1,-5.0,0,100.0,,0,0,0,0.0,0,0.67,1,15,0,64.7,76.0,87.2,78.7,63.6,0.0,0,0,22,27.3,3,11,0,72.7,1,72.7,8,18.2,2,118.8,1,0,0.0,0,22,27,27.0,22.0,2.75
Olamide Zaccheaus,44920,WR,ATL,1,5.0,0,100.0,,0,0,0,0.0,0,-0.66,0,2,0,64.7,65.3,56.3,62.3,55.7,0.0,0,0,5,9.1,1,11,0,20.0,1,81.8,9,63.6,7,87.5,1,0,36.4,4,5,0,0.0,5.0,0.56
Omar Cooper Jr.,156395,WR,NYJ,1,4.0,2,100.0,,0,0,0,0.0,0,3.08,1,22,0,64.7,61.2,91.9,,89.9,0.0,0,0,30,0.0,0,2,0,100.0,1,50.0,1,100.0,2,118.8,1,0,0.0,0,30,26,26.0,30.0,30.0
Eli Raridon,156970,TE,NE,1,8.0,0,100.0,,0,0,0,0.0,0,-0.06,1,19,0,64.7,61.2,57.1,76.4,63.6,76.5,13,0,2,35.3,6,17,0,56.3,1,58.8,10,17.6,3,118.8,1,1,5.9,1,2,0,0.0,2.0,0.2
Jahdae Walker,175944,WR,CHI,1,1.0,0,100.0,,0,0,0,0.0,0,0.11,1,6,0,64.7,61.2,62.8,,60.6,0.0,0,0,1,0.0,0,17,0,62.5,1,94.1,16,52.9,9,118.8,1,1,47.1,8,1,0,0.0,1.0,0.06
Dawson Knox,35883,TE,BUF,1,2.0,0,100.0,,0,0,0,0.0,0,0.41,0,4,0,64.7,61.2,55.4,62.0,51.4,68.2,15,0,7,31.8,7,22,0,58.8,1,54.5,12,13.6,3,95.8,1,0,9.1,2,7,5,5.0,7.0,0.58
Ameer Abdullah,9487,HB,JAX,1,-3.0,0,100.0,,0,0,0,0.0,0,-0.61,0,15,0,64.7,71.8,72.7,,65.2,0.0,0,0,0,0.0,0,1,0,0.0,1,100.0,1,0.0,0,79.2,1,0,0.0,0,0,3,3.0,0.0,0.0
CJ Donaldson,157372,HB,NO,1,-6.0,0,100.0,,0,0,0,0.0,0,-0.02,0,20,0,64.7,66.7,66.4,36.4,59.9,16.7,2,0,-2,41.7,5,12,0,45.5,1,58.3,7,0.0,0,79.2,1,0,0.0,0,-2,4,4.0,-2.0,-0.29
Aaron Jones,11937,HB,MIN,1,4.0,0,0.0,,0,0,0,,0,-0.32,0,18,0,,74.3,67.0,78.8,54.5,0.0,0,0,0,35.3,6,17,0,30.8,0,41.2,7,0.0,0,39.6,1,0,5.9,1,0,0,,,0.0
Sione Vaki,158505,HB,DET,1,2.0,1,100.0,,0,0,0,0.0,0,0.33,1,11,0,64.7,66.7,56.8,60.3,63.0,0.0,0,0,11,15.0,3,20,0,50.0,1,85.0,17,0.0,0,112.5,1,0,0.0,0,11,9,9.0,11.0,0.65
Jake Brendel,11117,C,SF,1,-1.0,0,100.0,,0,0,0,0.0,0,0.24,0,28,0,67.6,,69.0,64.6,63.2,0.0,0,0,2,100.0,37,37,0,61.1,1,0.0,0,0.0,0,79.2,1,0,0.0,0,2,3,3.0,2.0,
Isaiah Williams,97156,WR,NYJ,1,7.0,0,100.0,,0,0,0,0.0,0,0.19,1,22,0,64.7,70.3,51.7,,52.4,0.0,0,0,7,0.0,0,19,0,52.6,1,100.0,19,73.7,14,95.8,1,0,26.3,5,7,0,0.0,7.0,0.37
Skyy Moore,97116,WR,GB,1,13.0,0,0.0,,0,0,0,,0,-1.02,0,12,0,,71.2,54.6,,55.9,0.0,0,0,0,0.0,0,3,0,66.7,0,100.0,3,100.0,3,39.6,1,0,0.0,0,0,0,,,0.0
Ashton Dulin,91479,WR,IND,1,0.0,0,0.0,,0,0,0,,0,-0.99,0,14,0,,62.8,56.5,,56.8,0.0,0,0,0,0.0,0,6,0,0.0,0,100.0,6,0.0,0,39.6,1,0,100.0,6,0,0,,,0.0
Jordan Whittington,97623,WR,LA,1,8.0,0,100.0,,0,0,0,0.0,0,-0.32,0,26,0,64.7,17.1,54.9,,54.9,0.0,0,0,8,0.0,0,14,0,46.2,1,92.9,13,42.9,6,100.0,1,0,57.1,8,8,0,0.0,8.0,0.62
Jonathan Mingo,97774,WR,DAL,1,11.0,0,100.0,,0,0,0,0.0,0,0.35,1,9,0,64.7,61.2,69.7,,68.2,0.0,0,0,10,0.0,0,7,0,57.1,1,100.0,7,0.0,0,108.3,1,0,100.0,7,10,-1,-1.0,10.0,1.43
Rashod Bateman,84296,WR,BLT,1,16.0,0,0.0,,0,0,0,,0,0.47,0,3,0,64.7,61.2,58.7,,58.6,0.0,0,0,0,0.0,0,29,0,59.3,0,93.1,27,27.6,8,39.6,1,0,72.4,21,0,0,,,0.0
Daniel Bellinger,84041,TE,TEN,1,1.0,0,100.0,,0,0,0,0.0,0,-0.39,0,31,0,64.7,61.2,56.4,70.0,58.5,28.6,2,0,7,28.6,2,7,0,28.6,1,71.4,5,28.6,2,95.8,1,0,28.6,2,7,6,6.0,7.0,1.4
Jeremy Ruckert,84029,TE,NYJ,1,0.0,0,100.0,,0,0,0,0.0,0,0.4,0,22,0,64.7,61.2,57.7,70.6,53.5,87.5,7,0,4,25.0,2,8,0,71.4,1,75.0,6,12.5,1,83.3,1,0,0.0,0,4,4,4.0,4.0,0.67
Jared Wayne,99691,WR,HST,1,12.0,0,100.0,100.0,1,1,0,0.0,0,-0.03,1,13,0,68.3,64.0,65.1,,65.7,0.0,0,0,12,0.0,0,11,0,50.0,1,72.7,8,18.2,2,116.7,1,0,81.8,9,12,0,0.0,12.0,1.5
Davis Allen,99697,TE,LA,1,-1.0,0,100.0,,0,0,0,0.0,0,1.19,1,26,0,64.7,61.2,64.9,,70.8,50.0,3,0,13,0.0,0,6,0,100.0,1,66.7,4,16.7,1,118.8,1,0,33.3,2,13,14,14.0,13.0,3.25
Luke Schoonmaker,84005,TE,DAL,1,12.0,0,100.0,,0,0,0,0.0,0,0.2,0,9,0,64.7,61.2,57.1,70.2,70.4,62.5,5,0,12,12.5,1,8,1,50.0,1,62.5,5,25.0,2,116.7,1,0,12.5,1,12,0,0.0,12.0,2.4
Kyle Pitts,83964,TE,ATL,1,27.0,0,0.0,0.0,0,1,0,,0,-0.87,0,2,0,,,41.0,,49.8,45.5,10,0,0,0.0,0,22,0,33.3,0,95.5,21,27.3,6,39.6,1,0,27.3,6,0,0,,,0.0
Cade Stover,101486,TE,HST,1,-2.0,0,100.0,,0,0,0,0.0,0,0.38,0,13,0,64.7,61.2,68.8,,55.4,80.0,4,0,-2,0.0,0,5,0,50.0,1,80.0,4,20.0,1,79.2,1,0,0.0,0,-2,0,0.0,-2.0,-0.5
Derius Davis,78196,WR,LAC,1,54.0,0,0.0,0.0,0,1,0,,0,-1.02,0,27,0,,69.0,53.0,,53.9,0.0,0,1,0,0.0,0,10,0,22.2,0,90.0,9,90.0,9,0.0,1,0,10.0,1,0,0,,,0.0
Tyquan Thornton,78092,WR,KC,1,34.0,0,0.0,,0,0,0,,0,0.41,0,16,0,,,50.1,,51.0,0.0,0,0,0,0.0,0,25,0,58.3,0,96.0,24,28.0,7,39.6,1,0,72.0,18,0,0,,,0.0
Jacory Croskey-Merritt,102382,HB,WAS,1,-7.0,0,100.0,,0,0,0,0.0,0,0.1,0,32,0,64.7,24.2,46.3,26.3,55.3,0.0,0,0,-7,23.5,4,17,1,43.8,1,76.5,13,0.0,0,79.2,1,0,17.6,3,-7,0,0.0,-7.0,-0.54
Blake Whiteheart,77881,TE,CLV,1,6.0,0,100.0,,0,0,0,0.0,0,-0.62,1,8,0,64.7,61.2,59.9,72.9,69.6,91.7,11,0,14,25.0,3,12,1,41.7,1,75.0,9,0.0,0,118.8,1,0,8.3,1,14,8,8.0,14.0,1.56
Kenneth Gainwell,77737,HB,TB,1,-5.0,2,100.0,,0,0,0,0.0,0,-0.05,0,30,0,68.3,71.9,60.0,72.7,66.4,0.0,0,0,3,17.6,3,17,0,53.3,1,76.5,13,17.6,3,79.2,1,0,5.9,1,3,8,8.0,3.0,0.23
Travis Hunter,160766,WR,JAX,1,-3.0,1,100.0,,0,0,0,0.0,0,1.19,0,15,0,64.7,64.6,73.2,,73.9,0.0,0,0,8,0.0,0,3,0,100.0,1,100.0,3,33.3,1,100.0,1,0,66.7,2,8,11,11.0,8.0,2.67
Jaylin Lane,121811,WR,WAS,1,4.0,0,100.0,,0,0,0,0.0,0,0.06,0,32,0,64.7,74.4,56.0,,56.0,0.0,0,0,4,0.0,0,9,0,44.4,1,100.0,9,66.7,6,83.3,1,0,33.3,3,4,0,0.0,4.0,0.44
George Holani,72154,HB,SEA,1,3.0,0,0.0,,0,0,0,,0,-0.35,0,29,0,,72.1,45.7,56.6,55.1,0.0,0,0,0,46.2,6,13,0,25.0,0,53.8,7,7.7,1,39.6,1,0,7.7,1,0,0,,,0.0
Tanner Hudson,66924,TE,CIN,1,4.0,0,100.0,,0,0,0,0.0,0,-1.0,0,7,0,64.7,61.2,56.4,,57.0,0.0,0,0,4,0.0,0,4,0,0.0,1,100.0,4,100.0,4,83.3,1,0,0.0,0,4,0,0.0,4.0,1.0
Marlin Klein,162818,TE,HST,1,14.0,0,100.0,,0,0,0,0.0,0,0.16,1,13,0,64.7,61.2,72.4,,80.8,66.7,2,0,16,0.0,0,3,0,50.0,1,66.7,2,33.3,1,118.8,1,0,0.0,0,16,2,2.0,16.0,8.0
Bo Melton,61610,WR,GB,1,10.0,0,100.0,,0,0,0,0.0,0,0.25,1,12,0,64.7,70.9,71.6,,69.6,0.0,0,0,10,0.0,0,6,0,66.7,1,100.0,6,50.0,3,108.3,1,0,50.0,3,10,0,0.0,10.0,1.67
Seth McGowan,122936,HB,IND,1,-2.0,0,100.0,,0,0,0,0.0,0,-1.02,0,14,0,64.7,72.0,56.1,22.3,62.7,0.0,0,0,0,33.3,2,6,0,0.0,1,66.7,4,0.0,0,79.2,1,0,0.0,0,0,2,2.0,0.0,0.0
Cody White,61448,WR,LV,1,4.0,0,0.0,0.0,0,1,0,,0,0.5,0,23,0,,,55.2,,55.6,0.0,0,0,0,0.0,0,5,0,40.0,0,100.0,5,40.0,2,39.6,1,0,60.0,3,0,0,,,0.0
Quintin Morris,61182,TE,JAX,1,2.0,0,0.0,,0,0,0,,0,0.37,0,15,0,,,73.2,,47.5,100.0,7,0,0,0.0,0,7,0,71.4,0,100.0,7,0.0,0,39.6,1,0,0.0,0,0,0,,,0.0
Tez Johnson,123709,WR,TB,1,16.0,0,0.0,,0,0,0,100.0,1,-1.76,0,30,0,28.0,66.2,41.1,,42.5,0.0,0,0,0,0.0,0,7,0,0.0,0,85.7,6,57.1,4,39.6,1,0,42.9,3,0,0,,,0.0
Arian Smith,124039,WR,NYJ,1,4.0,0,0.0,,0,0,0,100.0,1,-0.63,0,22,0,27.9,,29.3,,40.7,0.0,0,0,0,0.0,0,1,0,0.0,0,100.0,1,100.0,1,39.6,1,0,0.0,0,0,0,,,0.0
Woody Marks,124179,HB,HST,1,-2.0,0,100.0,,0,0,0,0.0,0,0.19,0,13,0,64.7,75.1,74.7,74.5,55.3,0.0,0,0,-2,37.9,11,29,0,48.0,1,48.3,14,0.0,0,79.2,1,0,0.0,0,-2,0,0.0,-2.0,-0.14
MarShawn Lloyd,124247,HB,GB,1,18.0,0,0.0,0.0,0,1,0,,0,0.47,0,12,0,,74.7,61.1,47.4,54.2,6.3,1,0,0,56.3,9,16,0,50.0,0,43.8,7,0.0,0,39.6,1,0,0.0,0,0,0,,,0.0
Brock Wright,60994,TE,DET,1,2.0,0,100.0,,0,0,0,0.0,0,-0.18,0,11,0,64.7,61.2,56.6,45.0,52.5,100.0,14,0,5,50.0,7,14,0,42.9,1,50.0,7,0.0,0,87.5,1,0,0.0,0,5,3,3.0,5.0,0.71
Jake Briningstool,124831,TE,KC,1,4.0,0,100.0,,0,0,0,0.0,0,0.46,0,16,0,64.7,61.2,74.6,,78.6,33.3,1,0,9,0.0,0,3,0,66.7,1,100.0,3,33.3,1,104.2,1,0,33.3,1,9,5,5.0,9.0,3.0
Matthew Hibner,129581,TE,BLT,1,1.0,0,100.0,,0,0,0,0.0,0,1.45,1,3,0,64.7,61.2,81.0,,77.5,83.3,5,0,13,0.0,0,6,0,80.0,1,83.3,5,16.7,1,118.8,1,0,0.0,0,13,12,12.0,13.0,2.6
Noah Gray,60878,TE,KC,1,5.0,0,100.0,,0,0,0,0.0,0,-0.27,0,16,0,64.7,61.2,47.2,76.9,51.5,62.5,10,0,5,31.3,5,16,0,43.8,1,68.8,11,18.8,3,87.5,1,0,6.3,1,5,0,0.0,5.0,0.45
Nate Boerkircher,129676,TE,JAX,1,2.0,0,100.0,,0,0,0,0.0,0,0.59,0,15,0,64.7,61.2,60.3,71.9,64.6,66.7,8,0,9,16.7,2,12,1,66.7,1,83.3,10,0.0,0,104.2,1,0,33.3,4,9,7,7.0,9.0,0.9
Theo Johnson,129787,TE,NYG,1,1.0,0,100.0,,0,0,0,0.0,0,0.84,0,21,0,64.7,61.2,54.9,69.6,62.0,43.8,7,0,9,6.3,1,16,0,75.0,1,93.8,15,37.5,6,104.2,1,0,18.8,3,9,8,8.0,9.0,0.6
D'Andre Swift,57212,HB,CHI,1,3.0,0,100.0,,0,0,0,0.0,0,-0.04,1,6,0,64.7,77.5,90.7,22.0,65.1,0.0,0,0,10,47.4,9,19,0,44.4,1,47.4,9,0.0,0,108.3,1,0,5.3,1,10,7,7.0,10.0,1.11
Ronnie Rivers,57208,HB,LA,1,1.0,1,100.0,,0,0,0,0.0,0,0.09,1,26,0,64.7,70.3,67.7,,78.7,0.0,0,0,5,0.0,0,3,0,66.7,1,100.0,3,0.0,0,87.5,1,0,0.0,0,5,4,4.0,5.0,1.67
Chimere Dike,129918,WR,TEN,1,3.0,0,100.0,,0,0,0,0.0,0,-0.56,0,31,0,64.7,17.2,59.3,,59.2,0.0,0,0,7,0.0,0,3,0,33.3,1,100.0,3,33.3,1,95.8,1,0,66.7,2,7,4,4.0,7.0,2.33
Drew Ogletree,138351,TE,IND,1,2.0,0,0.0,,0,0,0,100.0,1,-1.11,0,14,0,27.9,,29.4,66.3,28.5,100.0,2,0,0,50.0,1,2,0,0.0,0,50.0,1,0.0,0,39.6,1,0,0.0,0,0,0,,,0.0
Kaelon Black,138448,HB,SF,1,-6.0,0,100.0,,0,0,0,0.0,0,0.59,0,28,0,64.7,75.3,57.2,66.3,53.5,7.7,1,0,5,7.7,1,13,0,76.9,1,92.3,12,38.5,5,87.5,1,0,0.0,0,5,11,11.0,5.0,0.42
DeeJay Dallas,55632,HB,MIN,1,1.0,0,100.0,100.0,1,1,0,0.0,0,1.08,0,18,0,64.7,61.2,62.5,76.2,62.5,0.0,0,0,1,33.3,2,6,0,66.7,1,66.7,4,0.0,0,79.2,1,0,0.0,0,1,0,0.0,1.0,0.25
Dohnte Meyers,143800,WR,CIN,1,2.0,1,100.0,,0,0,0,0.0,0,-0.36,1,7,0,64.7,71.7,74.6,,69.5,0.0,0,0,18,0.0,0,6,0,40.0,1,83.3,5,66.7,4,118.8,1,0,33.3,2,18,16,16.0,18.0,3.6
Will Shipley,144138,HB,PHI,1,6.0,0,100.0,,0,0,0,0.0,0,0.1,0,24,0,64.7,68.6,61.3,73.1,70.4,0.0,0,0,8,12.5,1,8,0,37.5,1,87.5,7,0.0,0,100.0,1,0,0.0,0,8,2,2.0,8.0,1.14
Jimmy Horn Jr.,144483,WR,CAR,1,3.0,0,0.0,,0,0,0,,0,0.0,0,5,0,,73.8,52.9,,53.2,0.0,0,0,0,0.0,0,7,0,28.6,0,100.0,7,100.0,7,39.6,1,0,0.0,0,0,0,,,0.0
Jauan Jennings,48027,WR,MIN,1,26.0,0,0.0,,0,0,0,,0,0.17,0,18,0,,,46.4,,50.6,0.0,0,1,0,0.0,0,23,0,36.8,0,82.6,19,69.6,16,0.0,1,0,30.4,7,0,0,,,0.0
Keon Coleman,144949,WR,BUF,1,4.0,0,100.0,,0,0,0,0.0,0,0.38,0,4,0,64.7,61.2,52.9,,53.2,0.0,0,0,1,0.0,0,21,0,47.4,1,90.5,19,14.3,3,79.2,1,0,85.7,18,1,-3,-3.0,1.0,0.05
KaVontae Turpin,47658,WR,DAL,1,1.0,0,100.0,,0,0,0,0.0,0,1.44,1,9,0,64.7,72.0,70.3,,68.3,0.0,0,0,8,0.0,0,7,0,100.0,1,71.4,5,71.4,5,100.0,1,0,28.6,2,8,7,7.0,8.0,1.6
