player,player_id,position,team_name,player_game_count,base_targets,declined_penalties,franchise_id,penalties,screen_avg_depth_of_target,screen_avoided_tackles,screen_caught_percent,screen_contested_catch_rate,screen_contested_receptions,screen_contested_targets,screen_drop_rate,screen_drops,screen_epa,screen_first_downs,screen_fumbles,screen_grades_hands_drop,screen_grades_pass_route,screen_interceptions,screen_longest,screen_pass_block_rate,screen_pass_blocks,screen_pass_plays,screen_positive_epa_percent,screen_receptions,screen_route_rate,screen_routes,screen_targeted_qb_rating,screen_targets,screen_targets_percent,screen_touchdowns,screen_yards,screen_yards_after_catch,screen_yards_after_catch_per_reception,screen_yards_per_reception,screen_yprr,slot_avg_depth_of_target,slot_avoided_tackles,slot_caught_percent,slot_contested_catch_rate,slot_contested_receptions,slot_contested_targets,slot_drop_rate,slot_drops,slot_epa,slot_first_downs,slot_fumbles,slot_grades_hands_drop,slot_grades_pass_route,slot_interceptions,slot_longest,slot_pass_block_rate,slot_pass_blocks,slot_pass_plays,slot_positive_epa_percent,slot_receptions,slot_route_rate,slot_routes,slot_targeted_qb_rating,slot_targets,slot_targets_percent,slot_touchdowns,slot_yards,slot_yards_after_catch,slot_yards_after_catch_per_reception,slot_yards_per_reception,slot_yprr
Zay Jones,11792,WR,JAX,1,14,0,15,0,,0,,,0,0,,0,0.15,0,0,,48.9,0,0,0.0,0,2,50.0,0,100.0,2,0.0,0,0.0,0,0,0,,,0.0,19.0,0,0.0,0.0,0,1,,0,-0.63,0,0,76.5,57.4,0,0,0.0,0,13,30.8,0,100.0,13,39.6,2,15.4,0,0,0,,,0.0
Garrett Wilson,97405,WR,NYJ,1,14,0,22,0,,0,,,0,0,,0,-0.49,0,0,,48.0,0,0,0.0,0,6,33.3,0,100.0,6,0.0,0,0.0,0,0,0,,,0.0,7.4,0,40.0,0.0,0,2,0.0,0,-0.16,0,0,78.7,73.5,0,7,0.0,0,13,38.5,2,100.0,13,47.9,5,38.5,0,13,-2,-1.0,6.5,1.0
Amari Cooper,9437,WR,CLV,1,13,0,8,0,,0,,,0,0,,0,-0.53,0,0,,45.9,0,0,0.0,0,6,16.7,0,100.0,6,0.0,0,0.0,0,0,0,,,0.0,11.3,0,0.0,0.0,0,2,,0,-1.06,0,0,73.4,53.8,0,0,0.0,0,9,22.2,0,100.0,9,39.6,3,33.3,0,0,0,,,0.0
Stefon Diggs,9579,WR,BUF,1,12,0,4,0,-4.0,0,66.7,,0,0,33.3,1,-0.14,1,0,25.7,54.5,0,4,0.0,0,6,33.3,2,100.0,6,70.1,3,50.0,0,7,16,8.0,3.5,1.17,-2.0,0,60.0,,0,0,40.0,2,-0.19,1,0,27.8,51.4,0,8,0.0,0,11,27.3,3,100.0,11,64.6,5,45.5,0,15,19,6.3,5.0,1.36
Evan Engram,11778,TE,JAX,1,12,0,15,0,0.0,0,100.0,,0,0,0.0,0,-0.25,1,0,78.7,93.4,0,4,0.0,0,3,33.3,1,100.0,3,83.3,1,33.3,0,4,4,4.0,4.0,1.33,7.3,1,87.5,50.0,1,2,0.0,0,-0.25,4,0,83.6,90.4,0,23,6.5,2,31,40.0,7,90.3,28,106.8,8,28.6,0,77,23,3.3,11.0,2.75
Keenan Allen,7857,WR,LAC,1,12,0,27,0,,0,,,0,0,,0,-0.33,0,0,,54.9,0,0,0.0,0,1,0.0,0,100.0,1,0.0,0,0.0,0,0,0,,,0.0,13.4,0,71.4,50.0,1,2,0.0,0,-0.17,4,0,78.0,82.2,0,22,0.0,0,33,46.9,5,93.9,31,95.5,7,22.6,0,57,10,2.0,11.4,1.84
A.J. Brown,48327,WR,PHI,1,12,0,24,0,-2.0,0,100.0,,0,0,0.0,0,0.93,1,0,78.7,93.4,0,8,0.0,0,2,100.0,1,100.0,2,100.0,1,50.0,0,8,10,10.0,8.0,4.0,28.0,0,0.0,,0,0,100.0,1,-1.01,0,0,54.3,59.9,0,0,0.0,0,7,16.7,0,85.7,6,39.6,1,16.7,0,0,0,,,0.0
DeAndre Hopkins,7808,WR,TEN,1,12,0,31,0,,0,,,0,0,,0,-1.2,0,0,,51.5,0,0,0.0,0,4,25.0,0,100.0,4,0.0,0,0.0,0,0,0,,,0.0,5.0,0,100.0,,0,0,0.0,0,1.7,1,0,81.7,88.9,0,5,0.0,0,4,100.0,1,100.0,4,87.5,1,25.0,0,5,0,0.0,5.0,1.25
Chris Godwin,11839,WR,TB,1,11,0,30,0,-7.0,1,100.0,,0,0,0.0,0,1.93,0,0,78.7,58.0,0,2,0.0,0,2,50.0,1,100.0,2,79.2,1,50.0,0,2,9,9.0,2.0,1.0,10.2,1,80.0,0.0,0,1,0.0,0,0.26,2,0,41.1,66.3,0,32,0.0,0,12,45.5,4,91.7,11,105.8,5,45.5,0,47,24,6.0,11.8,4.27
Drake London,86519,WR,ATL,1,11,0,2,0,,0,,,0,0,,0,-0.54,0,0,,46.1,0,0,0.0,0,5,20.0,0,100.0,5,0.0,0,0.0,0,0,0,,,0.0,3.0,0,100.0,100.0,1,1,0.0,0,-0.26,0,0,84.1,88.6,0,4,0.0,0,9,11.1,2,100.0,9,79.2,2,22.2,0,6,0,0.0,3.0,0.67
Michael Pittman Jr.,29049,WR,IND,1,11,0,14,0,-4.0,0,100.0,,0,0,0.0,0,-0.21,1,0,78.7,92.3,0,6,0.0,0,3,66.7,1,100.0,3,91.7,1,33.3,0,6,10,10.0,6.0,2.0,5.0,0,100.0,,0,0,0.0,0,-0.1,1,0,79.4,79.8,0,13,0.0,0,9,37.5,1,88.9,8,118.8,1,12.5,0,13,8,8.0,13.0,1.63
Calvin Ridley,48262,WR,JAX,1,11,0,15,0,,0,,,0,0,,0,-0.25,0,0,,48.3,0,0,0.0,0,3,33.3,0,100.0,3,0.0,0,0.0,0,0,0,,,0.0,,0,,,0,0,,0,0.33,0,0,74.6,63.1,0,0,0.0,0,16,56.3,0,100.0,16,0.0,0,0.0,0,0,0,,,0.0
Demarcus Robinson,10760,WR,LA,1,10,0,26,0,,0,,,0,0,,0,-0.88,0,0,,47.2,0,0,0.0,0,3,33.3,0,100.0,3,0.0,0,0.0,0,0,0,,,0.0,24.0,0,0.0,0.0,0,1,,0,0.0,0,0,72.1,69.1,0,0,0.0,0,7,28.6,0,100.0,7,39.6,2,28.6,0,0,0,,,0.0
Zay Flowers,97268,WR,BLT,1,10,0,3,0,,0,,,0,0,,0,-0.85,0,0,,54.0,0,0,0.0,0,1,0.0,0,100.0,1,0.0,0,0.0,0,0,0,,,0.0,22.5,0,25.0,,0,0,50.0,1,0.79,1,0,29.2,68.7,0,21,0.0,0,16,50.0,1,100.0,16,88.5,4,25.0,1,21,0,0.0,21.0,1.31
Davante Adams,8688,WR,LV,1,10,0,23,0,3.0,0,100.0,,0,0,0.0,0,-0.88,0,0,78.7,48.7,0,2,0.0,0,7,14.3,1,100.0,7,79.2,1,14.3,0,2,-1,-1.0,2.0,0.29,4.0,0,100.0,,0,0,0.0,0,-0.31,0,0,77.3,51.8,0,7,0.0,0,5,40.0,2,100.0,5,87.5,2,40.0,0,10,2,1.0,5.0,2.0
Rashee Rice,97605,WR,KC,1,10,0,16,0,-4.0,1,100.0,,0,0,0.0,0,0.0,1,0,84.5,97.1,0,15,0.0,0,3,33.3,2,100.0,3,108.3,2,66.7,0,20,28,14.0,10.0,6.67,12.0,0,75.0,100.0,1,1,0.0,0,0.56,3,0,79.4,68.1,0,19,0.0,0,15,64.3,3,93.3,14,143.8,4,28.6,1,38,19,6.3,12.7,2.71
DeVonta Smith,61100,WR,PHI,1,10,0,24,0,,0,,,0,0,,0,0.93,0,0,,50.3,0,0,0.0,0,2,100.0,0,100.0,2,0.0,0,0.0,0,0,0,,,0.0,14.0,2,50.0,0.0,0,1,0.0,0,-0.41,1,1,78.0,72.0,0,22,0.0,0,8,42.9,2,87.5,7,78.1,4,57.1,0,33,19,9.5,16.5,4.71
Jayden Reed,78171,WR,GB,1,10,0,12,0,-2.8,0,80.0,,0,0,0.0,0,-0.33,0,0,90.2,63.3,0,5,0.0,0,5,20.0,4,100.0,5,79.2,5,100.0,0,5,20,5.0,1.3,1.0,1.1,0,75.0,,0,0,0.0,0,-0.25,1,0,79.4,61.6,0,8,0.0,0,16,37.5,6,100.0,16,77.1,8,50.0,0,19,30,5.0,3.2,1.19
CeeDee Lamb,61570,WR,DAL,1,10,0,9,0,-4.0,0,100.0,,0,0,0.0,0,0.13,1,0,78.7,77.3,0,10,0.0,0,7,71.4,1,100.0,7,108.3,1,14.3,0,10,14,14.0,10.0,1.43,8.2,0,80.0,,0,0,0.0,0,0.08,3,0,63.2,73.0,0,26,0.0,0,26,50.0,4,84.6,22,155.4,5,22.7,1,59,31,7.8,14.8,2.68
Deebo Samuel,48274,WR,SF,1,9,0,28,0,-3.5,0,50.0,,0,0,50.0,1,0.16,1,0,24.1,58.1,0,25,0.0,0,2,50.0,1,100.0,2,95.8,2,100.0,0,25,29,29.0,25.0,12.5,9.0,1,75.0,,0,0,25.0,1,-0.2,3,0,43.5,86.1,0,54,0.0,0,11,27.3,3,100.0,11,156.3,4,36.4,1,92,53,17.7,30.7,8.36
Odell Beckham Jr.,8647,WR,BLT,1,9,0,3,0,,0,,,0,0,,0,0.0,0,0,,,0,0,,0,0,,0,,0,0.0,0,,0,0,0,,,,16.0,0,100.0,,0,0,0.0,0,1.57,2,0,77.3,93.1,0,17,0.0,0,3,100.0,2,100.0,3,118.8,2,66.7,0,31,-1,-0.5,15.5,10.33
De'Von Achane,124305,HB,MIA,1,9,0,17,0,-4.5,1,100.0,,0,0,0.0,0,0.41,0,0,84.5,99.7,0,11,0.0,0,2,50.0,2,100.0,2,91.7,2,100.0,0,12,21,10.5,6.0,6.0,3.5,1,50.0,0.0,0,1,0.0,0,-1.04,0,0,78.7,72.3,0,8,0.0,0,9,25.0,2,88.9,8,56.3,4,50.0,0,9,11,5.5,4.5,1.13
Breece Hall,97636,HB,NYJ,1,9,0,22,0,-2.3,2,100.0,,0,0,0.0,0,-0.31,1,0,88.7,96.2,0,10,0.0,0,5,40.0,3,100.0,5,90.3,3,60.0,0,17,24,8.0,5.7,3.4,,0,,,0,0,,0,0.0,0,0,78.0,93.2,0,0,,0,0,,0,,0,0.0,0,,0,0,0,,,
DJ Moore,48267,WR,CHI,1,9,0,6,0,-2.0,0,100.0,,0,0,0.0,0,-0.7,0,0,78.7,60.1,0,-2,0.0,0,2,0.0,1,100.0,2,79.2,1,50.0,0,-2,0,0.0,-2.0,-1.0,6.0,0,33.3,0.0,0,1,0.0,0,0.15,0,0,78.7,73.3,0,2,0.0,0,16,30.8,1,81.3,13,42.4,3,23.1,0,2,-1,-1.0,2.0,0.15
Jonathan Mingo,97774,WR,CAR,1,9,0,5,0,1.0,0,100.0,,0,0,0.0,0,1.48,0,0,78.7,64.3,0,13,0.0,0,1,100.0,1,100.0,1,118.8,1,100.0,0,13,12,12.0,13.0,13.0,27.7,0,0.0,,0,0,100.0,1,-0.93,0,0,28.7,49.3,0,0,0.0,0,14,8.3,0,85.7,12,39.6,3,25.0,0,0,0,,,0.0
Cooper Kupp,11824,WR,LA,1,9,0,26,0,-3.0,2,100.0,,0,0,0.0,0,-0.88,0,0,78.7,53.4,0,-2,0.0,0,3,33.3,1,100.0,3,79.2,1,33.3,0,-2,1,1.0,-2.0,-0.67,9.8,2,87.5,100.0,2,2,0.0,0,0.23,5,0,78.0,77.3,0,34,0.0,0,33,40.6,7,97.0,32,158.3,8,25.0,1,117,60,8.6,16.7,3.66
David Njoku,11784,TE,CLV,1,8,0,8,0,-1.7,1,33.3,,0,0,50.0,1,-0.51,0,0,24.1,25.4,0,-1,20.0,1,5,20.0,1,80.0,4,42.4,3,75.0,0,-1,2,2.0,-1.0,-0.25,-1.0,0,0.0,,0,0,100.0,1,-0.36,0,0,31.8,60.5,0,0,8.3,1,12,33.3,0,91.7,11,39.6,2,18.2,0,0,0,,,0.0
Gerald Everett,11799,TE,LAC,1,8,0,27,0,,0,,,0,0,,0,-0.33,0,0,,53.7,0,0,0.0,0,1,0.0,0,100.0,1,0.0,0,0.0,0,0,0,,,0.0,8.0,0,0.0,0.0,0,1,,0,-0.72,0,0,73.4,53.3,0,0,6.3,1,16,26.7,0,87.5,14,39.6,2,14.3,0,0,0,,,0.0
T.J. Hockenson,40912,TE,MIN,1,8,0,18,0,,0,,,0,0,,0,-0.6,0,0,,43.7,0,0,0.0,0,4,0.0,0,100.0,4,0.0,0,0.0,0,0,0,,,0.0,12.0,0,80.0,,0,0,0.0,0,-0.06,2,0,76.5,58.2,0,26,0.0,0,24,39.1,4,95.8,23,108.3,5,21.7,0,50,10,2.5,12.5,2.17
Tyjae Spears,97195,HB,TEN,1,8,0,31,0,-2.3,0,33.3,0.0,0,1,0.0,0,-1.18,1,0,78.7,91.2,1,21,0.0,0,3,33.3,1,100.0,3,19.4,3,100.0,0,21,24,24.0,21.0,7.0,-4.0,0,0.0,0.0,0,1,,0,-0.83,0,0,78.7,52.8,0,0,0.0,0,2,0.0,0,100.0,2,39.6,1,50.0,0,0,0,,,0.0
Jaylen Waddle,84088,WR,MIA,1,8,0,17,0,,0,,,0,0,,0,0.34,0,0,,50.2,0,0,0.0,0,3,66.7,0,100.0,3,0.0,0,0.0,0,0,0,,,0.0,5.7,0,66.7,,0,0,0.0,0,-0.25,1,0,78.0,80.4,0,14,0.0,0,7,42.9,2,100.0,7,95.1,3,42.9,0,27,16,8.0,13.5,3.86
Travis Kelce,7844,TE,KC,1,8,0,16,0,,0,,,0,0,,0,0.68,0,0,,38.8,0,0,33.3,1,3,66.7,0,66.7,2,0.0,0,0.0,0,0,0,,,0.0,4.0,0,50.0,,0,0,0.0,0,-0.39,1,0,78.0,81.3,0,12,0.0,0,22,45.5,1,100.0,22,68.8,2,9.1,0,12,9,9.0,12.0,0.55
Zack Moss,40341,HB,IND,1,8,0,14,0,,0,,,0,0,,0,0.22,0,0,,51.0,0,0,0.0,0,2,100.0,0,100.0,2,0.0,0,0.0,0,0,0,,,0.0,,0,,,0,0,,0,-0.14,0,0,28.4,29.8,0,0,0.0,0,2,0.0,0,50.0,1,0.0,0,0.0,0,0,0,,,0.0
Puka Nacua,100632,WR,LA,1,8,0,26,0,,0,,,0,0,,0,-0.88,0,0,,46.1,0,0,0.0,0,3,33.3,0,100.0,3,0.0,0,0.0,0,0,0,,,0.0,15.5,0,50.0,,0,0,50.0,1,-0.23,1,0,29.7,68.6,0,34,0.0,0,8,16.7,1,75.0,6,95.8,2,33.3,0,34,22,22.0,34.0,5.67
Jake Ferguson,61081,TE,DAL,1,8,0,9,0,0.0,0,100.0,,0,0,0.0,0,-0.1,0,0,78.7,52.9,0,7,0.0,0,4,50.0,1,100.0,4,95.8,1,25.0,0,7,7,7.0,7.0,1.75,3.7,1,66.7,100.0,1,1,33.3,1,0.41,1,0,31.8,63.9,0,32,0.0,0,17,46.2,2,76.5,13,109.7,3,23.1,0,39,32,16.0,19.5,3.0
Ezekiel Elliott,10638,HB,NE,1,8,0,19,0,-2.5,0,100.0,,0,0,0.0,0,0.53,1,0,84.5,95.1,0,16,0.0,0,2,50.0,2,100.0,2,118.8,2,100.0,0,25,30,15.0,12.5,12.5,,0,,,0,0,,0,0.0,0,0,64.4,93.1,0,0,,0,0,,0,,0,0.0,0,,0,0,0,,,
Amon-Ra St. Brown,84470,WR,DET,1,8,0,11,0,-3.5,0,100.0,,0,0,0.0,0,0.42,0,0,84.5,56.2,0,5,0.0,0,6,83.3,2,100.0,6,87.5,2,33.3,0,10,17,8.5,5.0,1.67,3.0,0,40.0,0.0,0,2,0.0,0,-0.07,0,0,27.1,37.1,0,5,0.0,0,25,48.0,2,100.0,25,47.9,5,20.0,0,10,17,8.5,5.0,0.4
Tony Pollard,27126,HB,DAL,1,8,0,9,0,-4.0,0,75.0,0.0,0,1,0.0,0,0.13,1,0,88.7,93.2,0,6,0.0,0,7,71.4,3,100.0,7,80.2,4,57.1,0,15,24,8.0,5.0,2.14,-2.0,0,100.0,,0,0,0.0,0,-2.0,1,0,81.1,72.7,0,6,0.0,0,5,50.0,1,80.0,4,91.7,1,25.0,0,6,8,8.0,6.0,1.5
Brandon Aiyuk,84109,WR,SF,1,8,0,28,0,,0,,,0,0,,0,0.16,0,0,,50.7,0,0,0.0,0,2,50.0,0,100.0,2,0.0,0,0.0,0,0,0,,,0.0,10.3,1,75.0,100.0,1,1,0.0,0,-0.87,2,1,75.6,79.9,1,30,0.0,0,7,42.9,3,100.0,7,72.9,4,57.1,0,46,19,6.3,15.3,6.57
Isaiah Likely,83955,TE,BLT,1,7,0,3,0,,0,,,0,0,,0,-0.85,0,0,,53.3,0,0,0.0,0,1,0.0,0,100.0,1,0.0,0,0.0,0,0,0,,,0.0,9.2,0,60.0,,0,0,25.0,1,0.23,1,0,52.1,55.9,0,54,0.0,0,34,45.5,3,97.1,33,143.8,5,15.2,1,65,29,9.7,21.7,1.97
Diontae Johnson,33441,WR,PIT,1,7,0,25,0,,0,,,0,0,,0,0.0,0,0,,51.3,0,0,0.0,0,2,50.0,0,100.0,2,0.0,0,0.0,0,0,0,,,0.0,,0,,,0,0,,0,-0.12,0,0,72.1,60.6,0,0,0.0,0,11,50.0,0,72.7,8,0.0,0,0.0,0,0,0,,,0.0
Jonnu Smith,11855,TE,ATL,1,7,0,2,0,-2.0,0,50.0,,0,0,50.0,1,-0.34,0,0,24.1,27.5,0,2,0.0,0,3,0.0,1,100.0,3,56.3,2,66.7,0,2,6,6.0,2.0,0.67,3.4,0,60.0,0.0,0,2,0.0,0,0.16,1,0,28.3,46.0,0,9,0.0,0,22,42.9,3,95.5,21,67.9,5,23.8,0,19,10,3.3,6.3,0.9
Jaxon Smith-Njigba,129758,WR,SEA,1,7,0,29,0,-3.3,1,100.0,,0,0,0.0,0,0.3,1,0,88.7,89.8,0,11,0.0,0,4,75.0,3,100.0,4,100.0,3,75.0,0,24,34,11.3,8.0,6.0,1.0,1,50.0,0.0,0,1,33.3,1,-0.18,1,0,38.4,50.3,0,11,0.0,0,19,33.3,2,94.7,18,61.5,4,22.2,0,17,24,12.0,8.5,0.94
Pat Freiermuth,84085,TE,PIT,1,7,0,25,0,,0,,,0,0,,0,0.21,0,0,,48.5,0,0,0.0,0,3,66.7,0,100.0,3,0.0,0,0.0,0,0,0,,,0.0,10.3,0,50.0,100.0,1,1,0.0,0,-0.74,1,0,76.5,65.4,1,7,0.0,0,21,31.6,2,90.5,19,16.7,4,21.1,0,11,2,1.0,5.5,0.58
Dalton Kincaid,91791,TE,BUF,1,7,0,4,0,-4.0,0,100.0,,0,0,0.0,0,-0.21,0,0,78.7,51.4,0,3,0.0,0,6,33.3,1,100.0,6,79.2,1,16.7,0,3,7,7.0,3.0,0.5,6.5,0,50.0,,0,0,0.0,0,-0.17,0,0,77.3,56.4,0,8,3.3,1,30,31.0,2,93.3,28,56.3,4,14.3,0,11,10,5.0,5.5,0.39
Bijan Robinson,123126,HB,ATL,1,7,0,2,0,-4.0,1,75.0,,0,0,0.0,0,-0.54,1,0,88.7,93.1,1,33,0.0,0,6,16.7,3,100.0,6,66.7,4,66.7,0,40,51,17.0,13.3,6.67,-3.0,1,33.3,,0,0,0.0,0,-0.12,1,0,79.4,78.0,1,33,0.0,0,8,57.1,1,87.5,7,36.1,3,42.9,0,33,38,38.0,33.0,4.71
Romeo Doubs,84329,WR,GB,1,7,0,12,0,0.0,0,0.0,,0,0,,0,-0.38,0,0,,47.0,0,0,0.0,0,6,16.7,0,100.0,6,39.6,1,16.7,0,0,0,,,0.0,8.0,0,0.0,,0,0,,0,0.05,0,0,74.6,50.3,0,0,0.0,0,12,36.4,0,91.7,11,39.6,1,9.1,0,0,0,,,0.0
K.J. Osborn,23503,WR,MIN,1,7,0,18,0,-3.0,0,0.0,,0,0,100.0,1,-0.6,0,0,21.6,25.8,0,0,0.0,0,4,0.0,0,100.0,4,39.6,1,25.0,0,0,0,,,0.0,1.0,1,100.0,,0,0,0.0,0,-0.44,1,0,28.7,63.3,0,5,0.0,0,12,27.3,2,91.7,11,79.2,2,18.2,0,-2,-4,-2.0,-1.0,-0.18
Wan'Dale Robinson,101735,WR,NYG,1,7,0,21,0,-3.0,0,100.0,,0,0,0.0,0,-0.61,0,0,78.7,63.8,0,0,0.0,0,1,0.0,1,100.0,1,79.2,1,100.0,0,0,3,3.0,0.0,0.0,14.3,0,100.0,100.0,2,2,0.0,0,0.41,3,0,78.0,77.1,0,32,0.0,0,16,75.0,4,100.0,16,118.8,4,25.0,0,75,18,4.5,18.8,4.69
Adam Thielen,8288,WR,CAR,1,7,0,5,0,,0,,,0,0,,0,1.48,0,0,,53.7,0,0,0.0,0,1,100.0,0,100.0,1,0.0,0,0.0,0,0,0,,,0.0,14.0,0,80.0,50.0,1,2,0.0,0,-0.67,2,1,75.6,59.0,0,32,0.0,0,26,24.0,4,96.2,25,112.5,5,20.0,0,55,8,2.0,13.8,2.2
Austin Ekeler,12164,HB,LAC,1,7,0,27,0,,0,,,0,0,,0,-0.33,0,0,,,0,0,100.0,1,1,0.0,0,0.0,0,0.0,0,,0,0,0,,,,0.5,3,100.0,,0,0,0.0,0,0.37,0,0,78.0,92.6,0,14,0.0,0,3,66.7,2,100.0,3,108.3,2,66.7,0,20,19,9.5,10.0,6.67
Darnell Mooney,48236,WR,CHI,1,6,0,6,0,,0,,,0,0,,0,-0.7,0,0,,50.7,0,0,0.0,0,2,0.0,0,100.0,2,0.0,0,0.0,0,0,0,,,0.0,12.4,0,20.0,0.0,0,2,66.7,2,0.27,1,0,25.9,47.7,0,16,0.0,0,23,40.9,1,95.7,22,40.4,5,22.7,0,16,0,0.0,16.0,0.73
Jakobi Meyers,47468,WR,LV,1,6,0,23,0,-3.0,1,75.0,,0,0,25.0,1,-0.88,0,0,27.0,35.5,0,4,0.0,0,7,14.3,3,100.0,7,77.1,4,57.1,0,9,16,5.3,3.0,1.29,0.0,1,100.0,100.0,1,1,0.0,0,-0.29,1,0,41.1,55.0,0,4,0.0,0,9,33.3,2,100.0,9,79.2,2,22.2,0,5,5,2.5,2.5,0.56
George Pickens,99229,WR,PIT,1,6,0,25,0,-5.0,0,100.0,,0,0,0.0,0,-0.02,0,0,78.7,53.4,0,0,0.0,0,4,50.0,1,100.0,4,79.2,1,25.0,0,0,5,5.0,0.0,0.0,,0,,,0,0,,0,-0.77,0,0,75.6,50.5,0,0,0.0,0,13,36.4,0,84.6,11,0.0,0,0.0,0,0,0,,,0.0
Chigoziem Okonkwo,84000,TE,TEN,1,6,0,31,0,-2.0,0,100.0,,0,0,0.0,0,-0.69,1,0,78.7,90.0,0,16,16.7,1,6,33.3,1,83.3,5,118.8,1,20.0,0,16,18,18.0,16.0,3.2,1.3,0,66.7,,0,0,0.0,0,0.43,0,0,78.0,70.2,0,7,3.7,1,27,61.5,2,96.3,26,75.7,3,11.5,0,13,16,8.0,6.5,0.5
Elijah Moore,84302,WR,CLV,1,6,0,8,0,,0,,,0,0,,0,-0.62,0,0,,46.8,0,0,0.0,0,5,20.0,0,100.0,5,0.0,0,0.0,0,0,0,,,0.0,3.0,0,100.0,,0,0,0.0,0,-0.8,0,0,45.8,63.7,0,9,0.0,0,9,50.0,1,88.9,8,104.2,1,12.5,0,9,6,6.0,9.0,1.13
Kyle Pitts,83964,TE,ATL,1,6,0,2,0,,0,,,0,0,,0,-0.54,0,0,,44.9,0,0,0.0,0,6,16.7,0,100.0,6,0.0,0,0.0,0,0,0,,,0.0,22.5,0,100.0,,0,0,0.0,0,0.43,2,0,70.5,56.2,0,36,0.0,0,23,52.4,2,91.3,21,158.3,2,9.5,1,55,10,5.0,27.5,2.62
JuJu Smith-Schuster,11817,WR,NE,1,6,0,19,0,,0,,,0,0,,0,0.53,0,0,,51.4,0,0,0.0,0,2,50.0,0,100.0,2,0.0,0,0.0,0,0,0,,,0.0,14.3,0,100.0,100.0,1,1,0.0,0,0.32,2,0,75.6,70.1,0,37,0.0,0,18,41.2,3,94.4,17,118.8,3,17.6,0,73,30,10.0,24.3,4.29
Jerry Jeudy,61103,WR,DEN,1,6,0,10,0,-2.0,0,100.0,,0,0,0.0,0,0.0,0,0,78.7,83.2,0,9,0.0,0,6,50.0,1,100.0,6,104.2,1,16.7,0,9,11,11.0,9.0,1.5,8.0,0,50.0,,0,0,0.0,0,0.21,0,0,42.1,44.6,0,9,0.0,0,13,53.8,2,100.0,13,60.4,4,30.8,0,16,12,6.0,8.0,1.23
Tyler Lockett,9502,WR,SEA,1,6,0,29,0,,0,,,0,0,,0,0.06,0,0,,48.6,0,0,0.0,0,4,50.0,0,100.0,4,0.0,0,0.0,0,0,0,,,0.0,12.5,1,100.0,,0,0,0.0,0,-0.2,2,0,78.7,86.0,0,24,0.0,0,13,25.0,2,92.3,12,118.8,2,16.7,0,40,15,7.5,20.0,3.33
Cole Kmet,60995,TE,CHI,1,6,0,6,0,,0,,,0,0,,0,-1.27,0,0,,53.3,0,0,0.0,0,1,0.0,0,100.0,1,0.0,0,0.0,0,0,0,,,0.0,12.5,0,100.0,100.0,1,1,0.0,0,1.04,2,0,61.8,66.7,0,41,0.0,0,19,53.3,2,78.9,15,118.8,2,13.3,0,49,24,12.0,24.5,3.27
Tyquan Thornton,78092,WR,NE,1,5,0,19,0,,0,,,0,0,,0,0.53,0,0,,51.8,0,0,0.0,0,2,50.0,0,100.0,2,0.0,0,0.0,0,0,0,,,0.0,,0,,,0,0,,0,0.56,0,0,68.3,56.0,0,0,0.0,0,5,60.0,0,100.0,5,0.0,0,0.0,0,0,0,,,0.0
Noah Brown,11993,WR,HST,1,5,0,13,0,,0,,,0,0,,0,-0.91,0,0,,51.2,0,0,0.0,0,2,0.0,0,100.0,2,0.0,0,0.0,0,0,0,,,0.0,7.0,0,0.0,0.0,0,1,,0,-1.51,0,0,23.7,30.8,0,0,0.0,0,6,0.0,0,100.0,6,39.6,1,16.7,0,0,0,,,0.0
Michael Gallup,26075,WR,DAL,1,5,0,9,0,,0,,,0,0,,0,0.16,0,0,,48.1,0,0,0.0,0,3,66.7,0,100.0,3,0.0,0,0.0,0,0,0,,,0.0,10.0,0,0.0,,0,0,,0,-0.07,0,0,74.6,80.1,0,0,0.0,0,5,50.0,0,80.0,4,39.6,1,25.0,0,0,0,,,0.0
Jalen Nailor,84292,WR,MIN,1,5,0,18,0,-2.0,0,100.0,,0,0,0.0,0,-0.28,0,0,78.7,63.6,0,4,0.0,0,1,0.0,1,100.0,1,83.3,1,100.0,0,4,6,6.0,4.0,4.0,-2.0,0,100.0,,0,0,0.0,0,-0.16,0,0,41.6,49.9,0,4,0.0,0,4,25.0,1,100.0,4,83.3,1,25.0,0,4,6,6.0,4.0,1.0
Jerome Ford,83601,HB,CLV,1,5,0,8,0,-1.0,0,100.0,,0,0,0.0,0,-0.12,1,0,78.7,91.8,0,10,0.0,0,4,25.0,1,100.0,4,108.3,1,25.0,0,10,11,11.0,10.0,2.5,,0,,,0,0,,0,0.0,0,0,73.4,73.6,0,0,,0,0,,0,,0,0.0,0,,0,0,0,,,
Hunter Renfrow,47509,WR,LV,1,5,0,23,0,-5.0,0,100.0,,0,0,0.0,0,-1.5,0,1,78.7,20.6,0,2,0.0,0,3,33.3,1,100.0,3,79.2,1,33.3,0,2,7,7.0,2.0,0.67,1.5,1,50.0,0.0,0,1,33.3,1,-0.88,0,1,42.1,38.9,0,6,0.0,0,21,23.8,2,100.0,21,56.3,4,19.0,0,8,11,5.5,4.0,0.38
James Cook,83666,HB,BUF,1,5,0,4,0,,0,,,0,0,,0,-0.09,0,0,,46.0,0,0,0.0,0,5,40.0,0,100.0,5,0.0,0,0.0,0,0,0,,,0.0,,0,,,0,0,,0,0.0,0,0,74.6,84.5,0,0,,0,0,,0,,0,0.0,0,,0,0,0,,,
Sam LaPorta,101690,TE,DET,1,5,0,11,0,,0,,,0,0,,0,0.42,0,0,,45.1,0,0,16.7,1,6,83.3,0,83.3,5,0.0,0,0.0,0,0,0,,,0.0,,0,,,0,0,,0,-0.01,0,0,70.5,60.4,0,0,0.0,0,7,42.9,0,100.0,7,0.0,0,0.0,0,0,0,,,0.0
George Kittle,11901,TE,SF,1,5,0,28,0,,0,,,0,0,,0,0.16,0,0,,48.0,0,0,0.0,0,2,50.0,0,100.0,2,0.0,0,0.0,0,0,0,,,0.0,17.0,1,100.0,,0,0,0.0,0,1.05,1,0,73.4,91.2,0,27,0.0,0,6,50.0,1,100.0,6,118.8,1,16.7,0,27,10,10.0,27.0,4.5
Dontayvion Wicks,99711,WR,GB,1,5,0,12,0,,0,,,0,0,,0,-0.26,0,0,,48.5,0,0,0.0,0,5,20.0,0,100.0,5,0.0,0,0.0,0,0,0,,,0.0,15.0,0,66.7,,0,0,0.0,0,-0.4,2,0,70.5,65.7,1,19,0.0,0,14,28.6,2,100.0,14,45.8,3,21.4,0,20,2,1.0,10.0,1.43
Alex Erickson,11107,WR,LAC,1,5,0,27,0,,0,,,0,0,,0,-0.33,0,0,,53.7,0,0,0.0,0,1,0.0,0,100.0,1,0.0,0,0.0,0,0,0,,,0.0,15.5,0,0.0,,0,0,,0,-0.92,0,0,68.3,56.0,0,0,0.0,0,19,26.3,0,100.0,19,39.6,2,10.5,0,0,0,,,0.0
Cade Otton,61071,TE,TB,1,5,0,30,0,,0,,,0,0,,0,1.93,0,0,,47.3,0,0,0.0,0,2,50.0,0,100.0,2,0.0,0,0.0,0,0,0,,,0.0,18.0,0,100.0,100.0,1,1,0.0,0,0.2,1,0,70.5,64.2,0,11,5.9,1,17,31.3,1,88.2,15,152.1,1,6.7,1,11,0,0.0,11.0,0.73
D.K. Metcalf,47864,WR,SEA,1,5,0,29,0,,0,,,0,0,,0,0.18,0,0,,48.2,0,0,0.0,0,5,60.0,0,100.0,5,0.0,0,0.0,0,0,0,,,0.0,,0,,,0,0,,0,0.39,0,0,45.8,64.4,0,0,0.0,0,7,57.1,0,100.0,7,0.0,0,0.0,0,0,0,,,0.0
Davis Allen,99697,TE,LA,1,5,0,26,0,-3.0,0,100.0,,0,0,0.0,0,-0.5,0,0,78.7,95.4,0,7,0.0,0,2,50.0,1,100.0,2,135.4,1,50.0,1,7,10,10.0,7.0,3.5,,0,,,0,0,,0,0.38,0,0,49.2,72.4,0,0,0.0,0,6,40.0,0,83.3,5,0.0,0,0.0,0,0,0,,,0.0
Brandin Cooks,8655,WR,DAL,1,5,0,9,0,-2.0,0,100.0,,0,0,0.0,0,0.13,0,0,78.7,50.2,0,7,0.0,0,7,71.4,1,100.0,7,95.8,1,14.3,0,7,9,9.0,7.0,1.0,7.0,0,0.0,,0,0,,0,0.21,0,0,74.6,64.1,0,0,0.0,0,13,53.8,0,100.0,13,39.6,1,7.7,0,0,0,,,0.0
Jaylen Warren,98692,HB,PIT,1,5,0,25,0,-2.3,0,66.7,,0,0,0.0,0,0.21,2,0,84.5,97.6,0,12,0.0,0,3,66.7,2,100.0,3,85.4,3,100.0,0,20,29,14.5,10.0,6.67,-1.0,2,100.0,,0,0,0.0,0,0.96,1,0,74.6,80.4,0,8,0.0,0,1,100.0,1,100.0,1,100.0,1,100.0,0,8,9,9.0,8.0,8.0
Chris Olave,84355,WR,NO,1,5,0,20,0,,0,,,0,0,,0,-1.36,0,0,,53.2,0,0,0.0,0,1,0.0,0,100.0,1,0.0,0,0.0,0,0,0,,,0.0,1.5,0,100.0,,0,0,0.0,0,-0.67,2,0,70.5,57.4,0,8,0.0,0,9,33.3,2,100.0,9,95.8,2,22.2,0,14,11,5.5,7.0,1.56
John Metchie III,97400,WR,HST,1,5,0,13,0,,0,,,0,0,,0,-0.52,0,0,,52.5,0,0,0.0,0,1,0.0,0,100.0,1,0.0,0,0.0,0,0,0,,,0.0,15.0,0,0.0,0.0,0,1,,0,-1.59,0,0,68.3,54.2,0,0,0.0,0,8,0.0,0,87.5,7,39.6,2,28.6,0,0,0,,,0.0
Kenneth Walker III,97199,HB,SEA,1,5,0,29,0,-3.5,1,100.0,,0,0,0.0,0,-0.09,0,0,84.5,65.0,0,2,0.0,0,3,33.3,2,100.0,3,79.2,2,66.7,0,3,10,5.0,1.5,1.0,-4.0,1,100.0,,0,0,0.0,0,-0.19,0,0,29.7,42.7,0,2,0.0,0,3,33.3,1,100.0,3,79.2,1,33.3,0,2,6,6.0,2.0,0.67
Tyreek Hill,10799,WR,MIA,1,5,0,17,0,-4.0,0,100.0,,0,0,0.0,0,-0.48,0,0,78.7,55.9,0,-6,0.0,0,3,0.0,1,100.0,3,79.2,1,33.3,0,-6,-2,-2.0,-6.0,-2.0,22.0,0,100.0,,0,0,0.0,0,0.14,2,0,74.6,77.2,0,25,0.0,0,8,50.0,2,100.0,8,118.8,2,25.0,0,44,0,0.0,22.0,5.5
Samaje Perine,11869,HB,DEN,1,5,0,10,0,-7.0,0,100.0,,0,0,0.0,0,-0.82,0,0,78.7,80.9,0,7,0.0,0,1,0.0,1,100.0,1,95.8,1,100.0,0,7,14,14.0,7.0,7.0,,0,,,0,0,,0,0.0,0,0,76.5,91.9,0,0,,0,0,,0,,0,0.0,0,,0,0,0,,,
Nelson Agholor,9453,WR,BLT,1,5,0,3,0,-3.0,0,100.0,,0,0,0.0,0,-0.85,0,0,78.7,63.7,0,1,0.0,0,1,0.0,1,100.0,1,79.2,1,100.0,0,1,4,4.0,1.0,1.0,1.8,0,100.0,,0,0,0.0,0,0.37,2,0,78.0,64.2,0,12,0.0,0,28,55.6,5,96.4,27,93.3,5,18.5,0,32,23,4.6,6.4,1.19
Mike Evans,8642,WR,TB,1,5,0,30,0,,0,,,0,0,,0,1.93,0,0,,49.1,0,0,0.0,0,2,50.0,0,100.0,2,0.0,0,0.0,0,0,0,,,0.0,6.0,0,100.0,,0,0,0.0,0,-0.04,1,0,68.3,52.3,0,8,0.0,0,6,33.3,1,100.0,6,100.0,1,16.7,0,8,2,2.0,8.0,1.33
Will Mallory,77888,TE,IND,1,5,0,14,0,1.0,0,100.0,,0,0,0.0,0,0.11,0,0,78.7,63.8,0,2,0.0,0,1,100.0,1,100.0,1,79.2,1,100.0,0,2,1,1.0,2.0,2.0,3.7,0,100.0,,0,0,0.0,0,0.52,0,0,76.5,63.1,0,9,0.0,0,10,77.8,3,90.0,9,93.1,3,33.3,0,19,8,2.7,6.3,2.11
Quentin Johnston,123085,WR,LAC,1,4,0,27,0,-4.0,0,100.0,,0,0,0.0,0,-0.33,0,0,78.7,64.3,0,12,0.0,0,1,0.0,1,100.0,1,116.7,1,100.0,0,12,16,16.0,12.0,12.0,,0,,,0,0,,0,0.84,0,0,73.4,64.7,0,0,0.0,0,1,100.0,0,100.0,1,0.0,0,0.0,0,0,0,,,0.0
Rashod Bateman,84296,WR,BLT,1,4,0,3,0,,0,,,0,0,,0,-0.85,0,0,,53.3,0,0,0.0,0,1,0.0,0,100.0,1,0.0,0,0.0,0,0,0,,,0.0,,0,,,0,0,,0,-1.19,0,0,72.1,67.4,0,0,0.0,0,2,0.0,0,100.0,2,0.0,0,0.0,0,0,0,,,0.0
Cedric Tillman,84434,WR,CLV,1,4,0,8,0,,0,,,0,0,,0,-0.96,0,0,,46.3,0,0,0.0,0,3,0.0,0,100.0,3,0.0,0,0.0,0,0,0,,,0.0,3.0,2,100.0,,0,0,0.0,0,-0.17,0,0,68.3,59.8,0,9,0.0,0,15,40.0,1,100.0,15,104.2,1,6.7,0,9,6,6.0,9.0,0.6
Kyren Williams,97118,HB,LA,1,4,0,26,0,-8.0,0,100.0,,0,0,0.0,0,-0.5,0,0,78.7,72.3,0,-8,0.0,0,2,50.0,1,100.0,2,79.2,1,50.0,0,-8,0,0.0,-8.0,-4.0,,0,,,0,0,,0,0.0,0,0,72.1,56.1,0,0,,0,0,,0,,0,0.0,0,,0,0,0,,,
Josh Reynolds,11872,WR,DET,1,4,0,11,0,,0,,,0,0,,0,0.13,0,0,,47.1,0,0,0.0,0,5,80.0,0,100.0,5,0.0,0,0.0,0,0,0,,,0.0,,0,,,0,0,,0,-0.44,0,0,72.1,65.5,0,0,0.0,0,6,50.0,0,100.0,6,0.0,0,0.0,0,0,0,,,0.0
Tucker Kraft,104034,TE,GB,1,4,0,12,0,,0,,,0,0,,0,-0.38,0,0,,32.5,0,0,16.7,1,6,16.7,0,83.3,5,0.0,0,0.0,0,0,0,,,0.0,,0,,,0,0,,0,0.3,0,0,70.5,65.2,0,0,14.3,1,7,83.3,0,85.7,6,0.0,0,0.0,0,0,0,,,0.0
Jahmyr Gibbs,122474,HB,DET,1,4,0,11,0,-4.0,1,50.0,,0,0,50.0,1,0.06,1,0,24.1,55.2,0,6,25.0,1,4,75.0,1,75.0,3,56.3,2,66.7,0,6,10,10.0,6.0,2.0,-4.0,0,0.0,,0,0,100.0,1,-1.42,0,0,27.5,45.3,0,0,0.0,0,3,33.3,0,100.0,3,39.6,1,33.3,0,0,0,,,0.0
Jerick McKinnon,8731,HB,KC,1,4,0,16,0,-5.0,0,0.0,,0,0,,0,-0.44,0,0,,51.9,0,0,50.0,1,2,0.0,0,50.0,1,39.6,1,100.0,0,0,0,,,0.0,,0,,,0,0,,0,0.0,0,0,72.1,67.1,0,0,,0,0,,0,,0,0.0,0,,0,0,0,,,
Samori Toure,25276,WR,GB,1,4,0,12,0,,0,,,0,0,,0,-1.0,0,0,,50.6,0,0,0.0,0,1,0.0,0,100.0,1,0.0,0,0.0,0,0,0,,,0.0,10.0,0,66.7,,0,0,0.0,0,0.52,1,0,72.1,69.6,0,16,0.0,0,5,80.0,2,100.0,5,88.2,3,60.0,0,22,14,7.0,11.0,4.4
Stephen Sullivan,40411,TE,CAR,1,4,0,5,0,,0,,,0,0,,0,1.48,0,0,,54.9,0,0,0.0,0,1,100.0,0,100.0,1,0.0,0,0.0,0,0,0,,,0.0,19.0,0,0.0,0.0,0,1,,0,-0.89,0,0,,48.7,0,0,0.0,0,9,11.1,0,100.0,9,39.6,2,22.2,0,0,0,,,0.0
Kylen Granson,40630,TE,IND,1,4,0,14,0,,0,,,0,0,,0,-0.37,0,0,,48.4,0,0,50.0,1,2,50.0,0,50.0,1,0.0,0,0.0,0,0,0,,,0.0,10.0,0,33.3,0.0,0,2,0.0,0,-0.51,0,0,72.1,51.1,0,9,0.0,0,6,50.0,1,100.0,6,42.4,3,50.0,0,9,3,3.0,9.0,1.5
Saquon Barkley,45791,HB,NYG,1,4,0,21,0,-6.0,0,100.0,,0,0,0.0,0,0.0,1,0,78.7,95.8,0,5,50.0,1,2,50.0,1,50.0,1,87.5,1,100.0,0,5,11,11.0,5.0,5.0,,0,,,0,0,,0,0.3,0,0,75.6,78.6,0,0,0.0,0,1,100.0,0,100.0,1,0.0,0,0.0,0,0,0,,,0.0
Tyler Conklin,47124,TE,NYJ,1,4,0,22,0,,0,,,0,0,,0,-0.76,0,0,,44.6,0,0,0.0,0,3,0.0,0,100.0,3,0.0,0,0.0,0,0,0,,,0.0,9.5,0,100.0,100.0,1,1,0.0,0,0.34,1,0,73.4,79.2,0,24,9.1,1,11,54.5,2,90.9,10,118.8,2,20.0,0,30,11,5.5,15.0,3.0
Kalif Raymond,11028,WR,DET,1,4,0,11,0,-4.0,0,100.0,,0,0,0.0,0,0.42,0,0,78.7,52.5,0,5,0.0,0,5,80.0,1,100.0,5,87.5,1,20.0,0,5,9,9.0,5.0,1.0,-4.0,0,100.0,,0,0,0.0,0,-0.04,0,0,74.6,54.3,0,5,0.0,0,9,50.0,1,88.9,8,87.5,1,12.5,0,5,9,9.0,5.0,0.63
Dallas Goedert,47272,TE,PHI,1,4,0,24,0,-2.0,0,100.0,,0,0,0.0,0,0.93,0,0,78.7,59.6,0,6,0.0,0,2,100.0,1,100.0,2,91.7,1,50.0,0,6,8,8.0,6.0,3.0,10.0,0,100.0,,0,0,0.0,0,-0.59,1,0,75.6,72.0,0,10,0.0,0,14,30.8,1,92.9,13,108.3,1,7.7,0,10,0,0.0,10.0,0.77
DJ Chark Jr.,47702,WR,CAR,1,4,0,5,0,,0,,,0,0,,0,1.48,0,0,,53.7,0,0,0.0,0,1,100.0,0,100.0,1,0.0,0,0.0,0,0,0,,,0.0,20.0,0,50.0,0.0,0,1,0.0,0,-0.02,1,0,72.1,60.5,0,18,0.0,0,10,60.0,1,100.0,10,81.3,2,20.0,0,18,3,3.0,18.0,1.8
Cedrick Wilson Jr.,48170,WR,MIA,1,4,0,17,0,,0,,,0,0,,0,0.68,0,0,,52.8,0,0,0.0,0,2,100.0,0,100.0,2,0.0,0,0.0,0,0,0,,,0.0,10.0,0,0.0,,0,0,,0,0.54,0,0,74.6,92.1,0,0,0.0,0,7,71.4,0,100.0,7,39.6,1,14.3,0,0,0,,,0.0
Travis Etienne Jr.,57185,HB,JAX,1,4,0,15,0,-6.0,0,100.0,,0,0,0.0,0,-1.07,0,0,78.7,63.6,0,-2,0.0,0,1,0.0,1,100.0,1,79.2,1,100.0,0,-2,4,4.0,-2.0,-2.0,-6.0,0,100.0,,0,0,0.0,0,-0.67,0,0,77.3,73.0,0,-2,0.0,0,3,0.0,1,100.0,3,79.2,1,33.3,0,-2,4,4.0,-2.0,-0.67
Clyde Edwards-Helaire,57279,HB,KC,1,4,0,16,0,-7.0,1,100.0,,0,0,0.0,0,1.08,1,0,78.7,96.8,0,20,50.0,1,2,100.0,1,50.0,1,118.8,1,100.0,0,20,27,27.0,20.0,20.0,,0,,,0,0,,0,0.0,0,0,,49.9,0,0,0.0,0,2,50.0,0,100.0,2,0.0,0,0.0,0,0,0,,,0.0
Tee Higgins,61211,WR,CIN,1,4,0,7,0,,0,,,0,0,,0,0.44,0,0,,47.0,0,0,0.0,0,5,40.0,0,100.0,5,0.0,0,0.0,0,0,0,,,0.0,,0,,,0,0,,0,1.57,0,0,27.0,57.8,0,0,0.0,0,2,100.0,0,100.0,2,0.0,0,0.0,0,0,0,,,0.0
Kadarius Toney,61245,WR,KC,1,4,0,16,0,,0,,,0,0,,0,-0.44,0,0,,49.1,0,0,0.0,0,2,0.0,0,100.0,2,0.0,0,0.0,0,0,0,,,0.0,5.0,0,100.0,,0,0,0.0,0,0.1,1,0,49.2,67.5,0,9,0.0,0,9,71.4,2,77.8,7,104.2,2,28.6,0,18,8,4.0,9.0,2.57
Lynn Bowden Jr.,61361,WR,NO,1,4,0,20,0,-2.0,1,100.0,,0,0,0.0,0,-0.02,1,0,78.7,93.2,0,15,0.0,0,2,50.0,1,100.0,2,118.8,1,50.0,0,15,17,17.0,15.0,7.5,0.0,0,100.0,,0,0,0.0,0,-0.9,0,0,74.6,59.7,0,0,0.0,0,12,33.3,1,100.0,12,79.2,1,8.3,0,0,0,0.0,0.0,0.0
Joe Mixon,11803,HB,CIN,1,4,0,7,0,-2.5,2,100.0,,0,0,0.0,0,0.48,1,0,84.5,97.2,0,45,0.0,0,3,33.3,2,100.0,3,118.8,2,66.7,0,42,47,23.5,21.0,14.0,,0,,,0,0,,0,0.0,0,0,72.1,73.7,0,0,,0,0,,0,,0,0.0,0,,0,0,0,,,
Javonte Williams,77803,HB,DEN,1,4,0,10,0,-7.0,0,50.0,,0,0,50.0,1,0.23,1,0,24.1,23.0,0,14,20.0,1,5,60.0,1,80.0,4,72.9,2,50.0,0,14,21,21.0,14.0,3.5,,0,,,0,0,,0,-4.79,0,0,27.3,29.5,0,0,0.0,0,1,0.0,0,100.0,1,0.0,0,0.0,0,0,0,,,0.0
Alvin Kamara,11822,HB,NO,1,4,0,20,0,-7.0,0,100.0,,0,0,0.0,0,-0.02,0,0,78.7,39.7,0,-10,0.0,0,2,50.0,1,100.0,2,79.2,1,50.0,0,-10,-3,-3.0,-10.0,-5.0,5.0,0,0.0,0.0,0,1,,0,-1.43,0,0,72.1,50.9,0,0,0.0,0,1,0.0,0,100.0,1,39.6,1,100.0,0,0,0,,,0.0
Ja'Marr Chase,84270,WR,CIN,1,4,0,7,0,-4.0,1,100.0,,0,0,0.0,0,1.09,0,0,78.7,80.1,0,1,0.0,0,6,50.0,1,100.0,6,79.2,1,16.7,0,1,5,5.0,1.0,0.17,-4.0,1,100.0,,0,0,0.0,0,0.6,0,0,68.3,59.6,0,1,0.0,0,5,60.0,1,100.0,5,79.2,1,20.0,0,1,5,5.0,1.0,0.2
Marquez Valdes-Scantling,47809,WR,KC,1,3,0,16,0,,0,,,0,0,,0,1.28,0,0,,52.5,0,0,0.0,0,1,100.0,0,100.0,1,0.0,0,0.0,0,0,0,,,0.0,20.0,0,0.0,,0,0,,0,-0.47,0,0,73.4,68.3,0,0,0.0,0,6,16.7,0,100.0,6,39.6,1,16.7,0,0,0,,,0.0
Nick Westbrook-Ikhine,47861,WR,TEN,1,3,0,31,0,,0,,,0,0,,0,-0.26,0,0,,48.8,0,0,0.0,0,6,50.0,0,100.0,6,0.0,0,0.0,0,0,0,,,0.0,11.0,0,100.0,,0,0,0.0,0,0.27,1,0,45.8,57.8,0,23,0.0,0,28,51.9,2,96.4,27,118.8,2,7.4,0,28,6,3.0,14.0,1.04
David Montgomery,45719,HB,DET,1,3,0,11,0,-6.0,0,100.0,,0,0,0.0,0,1.86,1,0,78.7,96.9,0,10,0.0,0,1,100.0,1,100.0,1,108.3,1,100.0,0,10,16,16.0,10.0,10.0,,0,,,0,0,,0,0.15,0,0,73.4,78.2,0,0,0.0,0,1,100.0,0,100.0,1,0.0,0,0.0,0,0,0,,,0.0
Hunter Henry,10669,TE,NE,1,3,0,19,0,,0,,,0,0,,0,1.29,0,0,,43.5,0,0,0.0,0,1,100.0,0,100.0,1,0.0,0,0.0,0,0,0,,,0.0,15.0,0,100.0,100.0,1,1,0.0,0,-0.65,2,0,75.6,84.4,0,24,0.0,0,13,41.7,2,92.3,12,158.3,2,16.7,1,32,2,1.0,16.0,2.67
Courtland Sutton,48164,WR,DEN,1,3,0,10,0,,0,,,0,0,,0,0.02,0,0,,48.0,0,0,0.0,0,8,50.0,0,100.0,8,0.0,0,0.0,0,0,0,,,0.0,,0,,,0,0,,0,0.39,0,0,70.5,65.9,0,0,0.0,0,2,50.0,0,100.0,2,0.0,0,0.0,0,0,0,,,0.0
Allen Robinson II,8696,WR,PIT,1,3,0,25,0,,0,,,0,0,,0,-0.71,0,0,,50.5,0,0,0.0,0,1,0.0,0,100.0,1,0.0,0,0.0,0,0,0,,,0.0,17.7,0,33.3,0.0,0,1,0.0,0,-0.45,1,0,68.3,52.2,0,21,6.7,1,15,35.7,1,86.7,13,59.0,3,23.1,0,21,3,3.0,21.0,1.62
Noah Fant,42388,TE,SEA,1,3,0,29,0,,0,,,0,0,,0,0.22,0,0,,47.0,0,0,33.3,1,3,66.7,0,66.7,2,0.0,0,0.0,0,0,0,,,0.0,8.5,0,50.0,,0,0,0.0,0,-0.29,0,0,68.3,51.4,0,9,7.1,1,14,38.5,1,85.7,12,62.5,2,16.7,0,9,6,6.0,9.0,0.75
Robert Woods,7822,WR,HST,1,3,0,13,0,-3.0,0,100.0,,0,0,0.0,0,-0.78,0,0,78.7,56.5,0,-2,0.0,0,3,0.0,1,100.0,3,79.2,1,33.3,0,-2,1,1.0,-2.0,-0.67,15.0,0,0.0,,0,0,,0,-0.74,0,0,64.7,44.4,0,0,0.0,0,18,23.5,0,94.4,17,39.6,1,5.9,0,0,0,,,0.0
Najee Harris,57121,HB,PIT,1,3,0,25,0,,0,,,0,0,,0,-0.71,0,0,,51.4,0,0,0.0,0,1,0.0,0,100.0,1,0.0,0,0.0,0,0,0,,,0.0,,0,,,0,0,,0,0.0,0,0,72.1,62.2,0,0,,0,0,,0,,0,0.0,0,,0,0,0,,,
AJ Dillon,57165,HB,GB,1,3,0,12,0,,0,,,0,0,,0,-0.14,0,0,,49.9,0,0,0.0,0,2,50.0,0,100.0,2,0.0,0,0.0,0,0,0,,,0.0,,0,,,0,0,,0,0.0,0,0,64.7,55.5,0,0,,0,0,,0,,0,0.0,0,,0,0,0,,,
Tommy Tremble,84025,TE,CAR,1,3,0,5,0,,0,,,0,0,,0,0.0,0,0,,,0,0,,0,0,,0,,0,0.0,0,,0,0,0,,,,27.0,0,0.0,,0,0,,0,-0.3,0,0,64.7,47.1,0,0,0.0,0,6,33.3,0,100.0,6,39.6,1,16.7,0,0,0,,,0.0
Dawson Knox,35883,TE,BUF,1,3,0,4,0,,0,,,0,0,,0,0.0,0,0,,36.3,0,0,0.0,0,6,50.0,0,100.0,6,0.0,0,0.0,0,0,0,,,0.0,9.0,0,100.0,,0,0,0.0,0,0.12,2,0,73.4,76.3,0,12,22.2,2,9,57.1,2,55.6,5,114.6,2,40.0,0,23,5,2.5,11.5,4.6
Juwan Johnson,28305,TE,NO,1,3,0,20,0,,0,,,0,0,,0,-0.02,0,0,,45.8,0,0,0.0,0,2,50.0,0,100.0,2,0.0,0,0.0,0,0,0,,,0.0,6.5,0,50.0,,0,0,0.0,0,-1.23,0,0,70.5,54.2,1,7,0.0,0,6,16.7,1,100.0,6,18.8,2,33.3,0,7,5,5.0,7.0,1.17
Jeremy Ruckert,84029,TE,NYJ,1,3,0,22,0,,0,,,0,0,,0,-0.34,0,0,,48.6,0,0,50.0,2,4,50.0,0,50.0,2,0.0,0,0.0,0,0,0,,,0.0,,0,,,0,0,,0,0.54,0,0,68.3,81.4,0,0,0.0,0,1,100.0,0,100.0,1,0.0,0,0.0,0,0,0,,,0.0
Justin Jefferson,61398,WR,MIN,1,3,0,18,0,,0,,,0,0,,0,0.0,0,0,,,0,0,,0,0,,0,,0,0.0,0,,0,0,0,,,,,0,,,0,0,,0,-0.91,0,0,36.8,84.9,0,0,0.0,0,1,0.0,0,100.0,1,0.0,0,0.0,0,0,0,,,0.0
Ty Chandler,62942,HB,MIN,1,3,0,18,0,-5.0,0,100.0,,0,0,0.0,0,-0.6,0,0,78.7,69.9,0,0,25.0,1,4,0.0,1,75.0,3,79.2,1,33.3,0,0,5,5.0,0.0,0.0,,0,,,0,0,,0,0.0,0,0,73.4,61.1,0,0,,0,0,,0,,0,0.0,0,,0,0,0,,,
David Bell,97989,WR,CLV,1,3,0,8,0,,0,,,0,0,,0,0.0,0,0,,,0,0,,0,0,,0,,0,0.0,0,,0,0,0,,,,6.0,0,33.3,,0,0,0.0,0,1.3,1,0,68.3,70.7,0,41,0.0,0,7,57.1,1,100.0,7,121.5,3,42.9,1,41,37,37.0,41.0,5.86
Tanner Hudson,66924,TE,CIN,1,3,0,7,0,,0,,,0,0,,0,-0.8,0,0,,53.3,0,0,0.0,0,1,0.0,0,100.0,1,0.0,0,0.0,0,0,0,,,0.0,8.0,0,100.0,,0,0,0.0,0,0.66,2,0,72.1,79.5,0,11,0.0,0,9,62.5,2,88.9,8,150.0,2,25.0,1,21,5,2.5,10.5,2.63
Chase Brown,77787,HB,CIN,1,3,0,7,0,-4.3,2,100.0,,0,0,0.0,0,1.7,2,0,88.7,99.9,0,54,0.0,0,3,66.7,3,100.0,3,158.3,3,100.0,1,80,93,31.0,26.7,26.67,,0,,,0,0,,0,0.0,0,0,72.1,90.1,0,0,,0,0,,0,,0,0.0,0,,0,0,0,,,
Brevin Jordan,77887,TE,HST,1,3,0,13,0,,0,,,0,0,,0,-0.91,0,0,,41.1,0,0,0.0,0,2,0.0,0,100.0,2,0.0,0,0.0,0,0,0,,,0.0,5.0,0,100.0,,0,0,0.0,0,-0.93,0,0,70.5,54.8,0,6,0.0,0,4,0.0,1,100.0,4,91.7,1,25.0,0,6,1,1.0,6.0,1.5
D'Onta Foreman,11844,HB,CHI,1,3,0,6,0,,0,,,0,0,,0,-0.7,0,0,,50.8,0,0,0.0,0,2,0.0,0,100.0,2,0.0,0,0.0,0,0,0,,,0.0,,0,,,0,0,,0,-0.17,0,0,64.7,51.2,0,0,0.0,0,1,0.0,0,100.0,1,0.0,0,0.0,0,0,0,,,0.0
Jalin Hyatt,124282,WR,NYG,1,3,0,21,0,,0,,,0,0,,0,0.0,0,0,,49.4,0,0,0.0,0,2,50.0,0,100.0,2,0.0,0,0.0,0,0,0,,,0.0,2.0,1,100.0,,0,0,0.0,0,0.2,0,0,28.0,44.2,0,5,0.0,0,3,50.0,1,66.7,2,87.5,1,50.0,0,5,3,3.0,5.0,2.5
Alec Pierce,78038,WR,IND,1,3,0,14,0,,0,,,0,0,,0,-0.21,0,0,,48.0,0,0,0.0,0,3,66.7,0,100.0,3,0.0,0,0.0,0,0,0,,,0.0,,0,,,0,0,,0,-0.16,0,0,68.3,54.0,0,0,0.0,0,6,50.0,0,100.0,6,0.0,0,0.0,0,0,0,,,0.0
Jordan Addison,123000,WR,MIN,1,3,0,18,0,,0,,,0,0,,0,-0.6,0,0,,48.7,0,0,0.0,0,4,0.0,0,100.0,4,0.0,0,0.0,0,0,0,,,0.0,,0,,,0,0,,0,-0.1,0,0,29.9,55.6,0,0,0.0,0,13,38.5,0,100.0,13,0.0,0,0.0,0,0,0,,,0.0
Marvin Mims Jr.,122937,WR,DEN,1,3,0,10,0,-4.5,0,100.0,,0,0,0.0,0,-0.31,0,0,84.5,89.8,0,8,0.0,0,4,25.0,2,100.0,4,89.6,2,50.0,0,11,20,10.0,5.5,2.75,,0,,,0,0,,0,-0.16,0,0,70.5,58.0,0,0,0.0,0,4,25.0,0,100.0,4,0.0,0,0.0,0,0,0,,,0.0
Josh Downs,122832,WR,IND,1,3,0,14,0,,0,,,0,0,,0,0.22,0,0,,49.6,0,0,0.0,0,2,100.0,0,100.0,2,0.0,0,0.0,0,0,0,,,0.0,6.7,1,100.0,,0,0,0.0,0,-0.1,1,0,74.6,62.4,0,12,0.0,0,32,51.6,3,96.9,31,111.1,3,9.7,0,32,12,4.0,10.7,1.03
Durham Smythe,47257,TE,MIA,1,3,0,17,0,,0,,,0,0,,0,-0.31,0,0,,45.6,0,0,0.0,0,4,25.0,0,100.0,4,0.0,0,0.0,0,0,0,,,0.0,7.0,0,100.0,100.0,1,1,0.0,0,-0.32,0,0,74.6,60.2,0,9,5.0,1,20,42.1,2,90.0,18,100.0,2,11.1,0,16,2,1.0,8.0,0.89
Xavier Hutchinson,122518,WR,HST,1,3,0,13,0,,0,,,0,0,,0,-0.96,0,0,,54.0,0,0,0.0,0,1,0.0,0,100.0,1,0.0,0,0.0,0,0,0,,,0.0,,0,,,0,0,,0,-3.43,0,0,70.5,48.3,0,0,0.0,0,3,0.0,0,100.0,3,0.0,0,0.0,0,0,0,,,0.0
Scott Miller,47481,WR,ATL,1,3,0,2,0,,0,,,0,0,,0,0.0,0,0,,,0,0,,0,0,,0,,0,0.0,0,,0,0,0,,,,24.5,0,0.0,,0,0,,0,-0.78,0,0,,52.8,0,0,0.0,0,5,0.0,0,100.0,5,39.6,2,40.0,0,0,0,,,0.0
Adam Trautman,109795,TE,DEN,1,3,0,10,0,,0,,,0,0,,0,0.65,0,0,,48.2,0,0,25.0,1,4,100.0,0,75.0,3,0.0,0,0.0,0,0,0,,,0.0,,0,,,0,0,,0,0.04,0,0,68.3,68.5,0,0,0.0,0,4,75.0,0,100.0,4,0.0,0,0.0,0,0,0,,,0.0
Malik Heath,124173,WR,GB,1,2,0,12,0,,0,,,0,0,,0,0.0,0,0,,,0,0,,0,0,,0,,0,0.0,0,,0,0,0,,,,,0,,,0,0,,0,1.07,0,0,64.7,55.8,0,0,0.0,0,2,100.0,0,100.0,2,0.0,0,0.0,0,0,0,,,0.0
Daniel Bellinger,84041,TE,NYG,1,2,0,21,0,,0,,,0,0,,0,0.0,0,0,,48.0,0,0,0.0,0,2,50.0,0,100.0,2,0.0,0,0.0,0,0,0,,,0.0,,0,,,0,0,,0,-0.28,0,0,68.3,53.5,0,0,10.0,1,10,50.0,0,90.0,9,0.0,0,0.0,0,0,0,,,0.0
KhaDarel Hodge,26104,WR,ATL,1,2,0,2,0,,0,,,0,0,,0,0.49,0,0,,45.3,0,0,0.0,0,5,20.0,0,100.0,5,0.0,0,0.0,0,0,0,,,0.0,6.0,0,100.0,,0,0,0.0,0,0.75,1,0,68.3,60.0,0,18,0.0,0,7,42.9,1,100.0,7,118.8,1,14.3,0,18,12,12.0,18.0,2.57
Treylon Burks,99218,WR,TEN,1,2,0,31,0,-4.0,0,100.0,,0,0,0.0,0,-0.59,0,0,78.7,54.4,0,1,0.0,0,6,33.3,1,100.0,6,79.2,1,16.7,0,1,5,5.0,1.0,0.17,-4.0,0,100.0,,0,0,0.0,0,-0.15,0,0,64.7,49.8,0,1,0.0,0,10,44.4,1,80.0,8,79.2,1,12.5,0,1,5,5.0,1.0,0.13
Drew Sample,47259,TE,CIN,1,2,0,7,0,,0,,,0,0,,0,1.4,0,0,,44.8,0,0,33.3,1,3,66.7,0,66.7,2,0.0,0,0.0,0,0,0,,,0.0,,0,,,0,0,,0,0.0,0,0,72.1,69.6,0,0,,0,0,,0,,0,0.0,0,,0,0,0,,,
Darius Slayton,25578,WR,NYG,1,2,0,21,0,,0,,,0,0,,0,0.0,0,0,,48.0,0,0,0.0,0,2,50.0,0,100.0,2,0.0,0,0.0,0,0,0,,,0.0,4.0,0,100.0,,0,0,0.0,0,-0.42,0,0,73.4,60.1,0,5,0.0,0,13,33.3,1,92.3,12,87.5,1,8.3,0,5,1,1.0,5.0,0.42
Dare Ogunbowale,12329,HB,HST,1,2,0,13,0,,0,,,0,0,,0,0.0,0,0,,,0,0,,0,0,,0,,0,0.0,0,,0,0,0,,,,,0,,,0,0,,0,-1.66,0,0,64.7,53.3,0,0,33.3,1,3,0.0,0,66.7,2,0.0,0,0.0,0,0,0,,,0.0
Drew Ogletree,138351,TE,IND,1,2,0,14,0,,0,,,0,0,,0,0.0,0,0,,,0,0,,0,0,,0,,0,0.0,0,,0,0,0,,,,0.0,0,0.0,,0,0,,0,-0.07,0,0,28.0,38.0,0,0,25.0,1,4,25.0,0,75.0,3,39.6,1,33.3,0,0,0,,,0.0
Jaleel McLaughlin,138346,HB,DEN,1,2,0,10,0,-6.0,2,100.0,,0,0,0.0,0,-0.07,0,0,78.7,94.5,0,7,0.0,0,2,50.0,1,100.0,2,95.8,1,50.0,0,7,13,13.0,7.0,3.5,-6.0,2,100.0,,0,0,0.0,0,0.08,0,0,70.5,81.4,0,7,0.0,0,3,66.7,1,100.0,3,95.8,1,33.3,0,7,13,13.0,7.0,2.33
D'Ernest Johnson,45734,HB,JAX,1,2,0,15,0,-4.0,2,100.0,,0,0,0.0,0,0.15,0,0,78.7,96.5,0,6,50.0,1,2,50.0,1,50.0,1,91.7,1,100.0,0,6,10,10.0,6.0,6.0,,0,,,0,0,,0,2.54,0,0,72.1,78.5,0,0,0.0,0,1,100.0,0,100.0,1,0.0,0,0.0,0,0,0,,,0.0
Braxton Berrios,47961,WR,MIA,1,2,0,17,0,-1.0,1,100.0,,0,0,0.0,0,0.25,0,0,78.7,90.0,0,6,0.0,0,4,50.0,1,100.0,4,91.7,1,25.0,0,6,7,7.0,6.0,1.5,-1.0,1,100.0,,0,0,0.0,0,-0.37,0,0,70.5,52.5,0,6,0.0,0,19,47.4,1,100.0,19,91.7,1,5.3,0,6,7,7.0,6.0,0.32
Trent Sherfield,48021,WR,BUF,1,2,0,4,0,-2.0,0,100.0,,0,0,0.0,0,0.42,1,0,78.7,96.5,0,9,0.0,0,1,100.0,1,100.0,1,104.2,1,100.0,0,9,11,11.0,9.0,9.0,-2.0,0,100.0,,0,0,0.0,0,0.36,1,0,68.3,68.8,0,9,0.0,0,4,50.0,1,100.0,4,104.2,1,25.0,0,9,11,11.0,9.0,2.25
Tyler Boyd,10689,WR,CIN,1,2,0,7,0,,0,,,0,0,,0,0.2,0,0,,48.4,0,0,0.0,0,3,33.3,0,100.0,3,0.0,0,0.0,0,0,0,,,0.0,6.0,0,100.0,,0,0,0.0,0,-0.2,0,0,70.5,56.7,0,6,0.0,0,14,54.5,1,78.6,11,91.7,1,9.1,0,6,0,0.0,6.0,0.55
Foster Moreau,47043,TE,NO,1,2,0,20,0,,0,,,0,0,,0,0.0,0,0,,,0,0,,0,0,,0,,0,0.0,0,,0,0,0,,,,,0,,,0,0,,0,0.28,0,0,68.3,54.1,0,0,33.3,1,3,66.7,0,66.7,2,0.0,0,0.0,0,0,0,,,0.0
Rachaad White,131633,HB,TB,1,2,0,30,0,-8.0,0,100.0,,0,0,0.0,0,1.93,1,0,78.7,95.3,0,31,0.0,0,2,50.0,1,100.0,2,158.3,1,50.0,1,31,39,39.0,31.0,15.5,,0,,,0,0,,0,0.0,0,0,70.5,61.5,0,0,,0,0,,0,,0,0.0,0,,0,0,0,,,
Jimmy Graham,5619,TE,NO,1,2,0,20,0,,0,,,0,0,,0,0.0,0,0,,,0,0,,0,0,,0,,0,0.0,0,,0,0,0,,,,11.0,0,100.0,100.0,1,1,0.0,0,1.73,1,0,68.3,92.7,0,12,0.0,0,1,100.0,1,100.0,1,116.7,1,100.0,0,12,1,1.0,12.0,12.0
Josh Jacobs,45953,HB,LV,1,2,0,23,0,,0,,,0,0,,0,-0.94,0,0,,46.3,0,0,40.0,2,5,20.0,0,60.0,3,0.0,0,0.0,0,0,0,,,0.0,,0,,,0,0,,0,-0.91,0,0,70.5,56.1,0,0,0.0,0,4,25.0,0,100.0,4,0.0,0,0.0,0,0,0,,,0.0
Donald Parham Jr.,91014,TE,LAC,1,2,0,27,0,,0,,,0,0,,0,0.0,0,0,,,0,0,,0,0,,0,,0,0.0,0,,0,0,0,,,,10.0,0,0.0,,0,0,,0,-1.23,0,0,64.7,60.5,0,0,0.0,0,5,20.0,0,100.0,5,39.6,1,20.0,0,0,0,,,0.0
MyCole Pruitt,9576,TE,ATL,1,2,0,2,0,,0,,,0,0,,0,0.0,0,0,,,0,0,,0,0,,0,,0,0.0,0,,0,0,0,,,,,0,,,0,0,,0,0.0,0,0,68.3,57.7,0,0,,0,0,,0,,0,0.0,0,,0,0,0,,,
Devin Singletary,40485,HB,HST,1,2,0,13,0,,0,,,0,0,,0,-0.69,0,0,,53.5,0,0,50.0,1,2,0.0,0,50.0,1,0.0,0,0.0,0,0,0,,,0.0,,0,,,0,0,,0,-2.23,0,0,,48.2,0,0,0.0,0,2,0.0,0,100.0,2,0.0,0,0.0,0,0,0,,,0.0
Patrick Taylor,40448,HB,GB,1,2,0,12,0,,0,,,0,0,,0,-0.5,0,0,,48.1,0,0,0.0,0,4,0.0,0,100.0,4,0.0,0,0.0,0,0,0,,,0.0,,0,,,0,0,,0,0.0,0,0,70.5,59.2,0,0,,0,0,,0,,0,0.0,0,,0,0,0,,,
Isaiah Hodgins,52130,WR,NYG,1,2,0,21,0,,0,,,0,0,,0,0.0,0,0,,,0,0,,0,0,,0,,0,0.0,0,,0,0,0,,,,17.0,0,100.0,100.0,1,1,0.0,0,1.35,1,0,70.5,93.4,0,8,0.0,0,2,50.0,1,100.0,2,139.6,1,50.0,1,8,0,0.0,8.0,4.0
Colby Parkinson,52266,TE,SEA,1,2,0,29,0,,0,,,0,0,,0,0.11,0,0,,46.2,0,0,0.0,0,2,50.0,0,100.0,2,0.0,0,0.0,0,0,0,,,0.0,,0,,,0,0,,0,0.73,0,0,68.3,62.9,0,0,16.7,1,6,66.7,0,33.3,2,0.0,0,0.0,0,0,0,,,0.0
Gabe Davis,55410,WR,BUF,1,2,0,4,0,,0,,,0,0,,0,-0.01,0,0,,46.0,0,0,0.0,0,5,40.0,0,100.0,5,0.0,0,0.0,0,0,0,,,0.0,8.0,0,0.0,0.0,0,1,,0,-1.19,0,0,,48.3,0,0,0.0,0,6,0.0,0,100.0,6,39.6,1,16.7,0,0,0,,,0.0
Justice Hill,45865,HB,BLT,1,2,0,3,0,,0,,,0,0,,0,-0.85,0,0,,54.0,0,0,0.0,0,1,0.0,0,100.0,1,0.0,0,0.0,0,0,0,,,0.0,,0,,,0,0,,0,0.0,0,0,68.3,58.8,0,0,,0,0,,0,,0,0.0,0,,0,0,0,,,
Parker Washington,129799,WR,JAX,1,2,0,15,0,,0,,,0,0,,0,0.15,0,0,,48.0,0,0,0.0,0,2,50.0,0,100.0,2,0.0,0,0.0,0,0,0,,,0.0,14.0,1,100.0,100.0,1,1,0.0,0,-0.31,1,1,72.1,49.6,0,19,0.0,0,26,37.5,2,92.3,24,158.3,2,8.3,1,27,2,1.0,13.5,1.13
Jameson Williams,101701,WR,DET,1,2,0,11,0,,0,,,0,0,,0,1.14,0,0,,50.5,0,0,0.0,0,2,100.0,0,100.0,2,0.0,0,0.0,0,0,0,,,0.0,33.0,0,0.0,,0,0,,0,-0.96,0,0,,51.4,1,0,0.0,0,7,14.3,0,100.0,7,0.0,1,14.3,0,0,0,,,0.0
Michael Mayer,122906,TE,LV,1,2,0,23,0,,0,,,0,0,,0,-0.88,0,0,,45.0,0,0,14.3,1,7,14.3,0,85.7,6,0.0,0,0.0,0,0,0,,,0.0,4.0,0,0.0,0.0,0,1,,0,-0.74,0,0,64.7,50.2,0,0,14.3,2,14,21.4,0,85.7,12,39.6,1,8.3,0,0,0,,,0.0
Connor Heyward,57301,TE,PIT,1,2,0,25,0,,0,,,0,0,,0,0.63,0,0,,52.5,0,0,0.0,0,1,100.0,0,100.0,1,0.0,0,0.0,0,0,0,,,0.0,0.0,0,100.0,,0,0,0.0,0,0.32,0,0,68.3,69.1,0,5,0.0,0,4,75.0,1,100.0,4,87.5,1,25.0,0,5,5,5.0,5.0,1.25
Chuba Hubbard,57373,HB,CAR,1,2,0,5,0,,0,,,0,0,,0,1.48,0,0,,54.5,0,0,0.0,0,1,100.0,0,100.0,1,0.0,0,0.0,0,0,0,,,0.0,,0,,,0,0,,0,-0.32,0,0,70.5,61.3,0,0,0.0,0,1,0.0,0,100.0,1,0.0,0,0.0,0,0,0,,,0.0
Raheem Blackshear,57385,HB,CAR,1,2,0,5,0,,0,,,0,0,,0,0.0,0,0,,,0,0,,0,0,,0,,0,0.0,0,,0,0,0,,,,,0,,,0,0,,0,0.0,0,0,68.3,26.4,0,0,,0,0,,0,,0,0.0,0,,0,0,0,,,
Brock Wright,60994,TE,DET,1,2,0,11,0,,0,,,0,0,,0,0.0,0,0,,,0,0,,0,0,,0,,0,0.0,0,,0,0,0,,,,,0,,,0,0,,0,0.25,0,0,70.5,56.3,0,0,0.0,0,2,50.0,0,100.0,2,0.0,0,0.0,0,0,0,,,0.0
Chase Edmonds,45851,HB,TB,1,2,0,30,0,,0,,,0,0,,0,0.0,0,0,,,0,0,,0,0,,0,,0,0.0,0,,0,0,0,,,,,0,,,0,0,,0,0.0,0,0,68.3,89.0,0,0,,0,0,,0,,0,0.0,0,,0,0,0,,,
Ty Montgomery,9527,WR,NE,1,2,0,19,0,,0,,,0,0,,0,0.0,0,0,,,0,0,,0,0,,0,,0,0.0,0,,0,0,0,,,,5.0,0,100.0,,0,0,0.0,0,0.56,1,0,26.5,52.9,0,17,0.0,0,4,75.0,1,100.0,4,118.8,1,25.0,0,17,12,12.0,17.0,4.25
Ameer Abdullah,9487,HB,LV,1,2,0,23,0,,0,,,0,0,,0,-0.7,0,0,,54.5,0,0,0.0,0,1,0.0,0,100.0,1,0.0,0,0.0,0,0,0,,,0.0,,0,,,0,0,,0,0.0,0,0,70.5,63.2,0,0,,0,0,,0,,0,0.0,0,,0,0,0,,,
Richie James,28991,WR,KC,1,2,0,16,0,,0,,,0,0,,0,0.0,0,0,,,0,0,,0,0,,0,,0,0.0,0,,0,0,0,,,,11.5,0,50.0,0.0,0,1,50.0,1,-0.53,1,0,27.3,53.8,0,4,0.0,0,8,50.0,1,100.0,8,56.3,2,25.0,0,4,2,2.0,4.0,0.5
Ty Johnson,45769,HB,BUF,1,2,0,4,0,-2.0,0,100.0,,0,0,0.0,0,0.0,0,0,78.7,63.8,0,-1,50.0,1,2,50.0,1,50.0,1,79.2,1,100.0,0,-1,1,1.0,-1.0,-1.0,,0,,,0,0,,0,0.0,0,0,70.5,57.9,0,0,,0,0,,0,,0,0.0,0,,0,0,0,,,
Donovan Peoples-Jones,61439,WR,DET,1,1,0,11,0,,0,,,0,0,,0,0.0,0,0,,,0,0,,0,0,,0,,0,0.0,0,,0,0,0,,,,,0,,,0,0,,0,-0.3,0,0,68.3,74.9,0,0,0.0,0,3,0.0,0,100.0,3,0.0,0,0.0,0,0,0,,,0.0
Randall Cobb,6216,WR,NYJ,1,1,0,22,0,,0,,,0,0,,0,-0.29,0,0,,52.5,0,0,0.0,0,1,0.0,0,100.0,1,0.0,0,0.0,0,0,0,,,0.0,5.0,0,100.0,,0,0,0.0,0,1.81,1,0,64.7,70.0,0,15,0.0,0,3,100.0,1,66.7,2,158.3,1,50.0,1,15,10,10.0,15.0,7.5
Latavius Murray,7962,HB,BUF,1,1,0,4,0,,0,,,0,0,,0,0.0,0,0,,,0,0,,0,0,,0,,0,0.0,0,,0,0,0,,,,,0,,,0,0,,0,-0.66,0,0,73.4,27.5,0,0,0.0,0,3,0.0,0,66.7,2,0.0,0,0.0,0,0,0,,,0.0
Michael Burton,9601,FB,DEN,1,1,0,10,0,,0,,,0,0,,0,-0.47,0,0,,43.5,0,0,0.0,0,1,0.0,0,100.0,1,0.0,0,0.0,0,0,0,,,0.0,,0,,,0,0,,0,0.0,0,0,,58.8,0,0,,0,0,,0,,0,0.0,0,,0,0,0,,,
Raheem Mostert,9783,HB,MIA,1,1,0,17,0,-7.0,0,100.0,,0,0,0.0,0,-0.3,0,0,78.7,73.2,0,4,33.3,1,3,33.3,1,66.7,2,83.3,1,50.0,0,4,11,11.0,4.0,2.0,,0,,,0,0,,0,0.59,0,0,68.3,52.7,0,0,0.0,0,2,100.0,0,100.0,2,0.0,0,0.0,0,0,0,,,0.0
Derrick Henry,10679,HB,TEN,1,1,0,31,0,,0,,,0,0,,0,0.32,0,0,,49.5,0,0,25.0,1,4,50.0,0,75.0,3,0.0,0,0.0,0,0,0,,,0.0,,0,,,0,0,,0,0.0,0,0,68.3,91.2,0,0,,0,0,,0,,0,0.0,0,,0,0,0,,,
Austin Hooper,10715,TE,LV,1,1,0,23,0,,0,,,0,0,,0,-0.47,0,0,,45.2,0,0,0.0,0,3,0.0,0,100.0,3,0.0,0,0.0,0,0,0,,,0.0,,0,,,0,0,,0,-0.39,0,0,68.3,51.2,0,0,0.0,0,4,0.0,0,100.0,4,0.0,0,0.0,0,0,0,,,0.0
Chris Moore,10741,WR,TEN,1,1,0,31,0,,0,,,0,0,,0,0.67,0,0,,49.6,0,0,0.0,0,3,66.7,0,100.0,3,0.0,0,0.0,0,0,0,,,0.0,,0,,,0,0,,0,0.17,0,0,,52.2,0,0,0.0,0,2,50.0,0,100.0,2,0.0,0,0.0,0,0,0,,,0.0
Christian McCaffrey,11763,HB,SF,1,1,0,28,0,,0,,,0,0,,0,0.16,0,0,,50.8,0,0,0.0,0,2,50.0,0,100.0,2,0.0,0,0.0,0,0,0,,,0.0,,0,,,0,0,,0,0.93,0,0,68.3,49.1,0,0,0.0,0,12,50.0,0,100.0,12,0.0,0,0.0,0,0,0,,,0.0
Dalvin Cook,11796,HB,NYJ,1,1,0,22,0,-5.0,0,100.0,,0,0,0.0,0,-1.37,0,0,78.7,80.1,0,-5,0.0,0,1,0.0,1,100.0,1,79.2,1,100.0,0,-5,0,0.0,-5.0,-5.0,,0,,,0,0,,0,0.0,0,0,64.7,61.5,0,0,,0,0,,0,,0,0.0,0,,0,0,0,,,
Kareem Hunt,11841,HB,CLV,1,1,0,8,0,,0,,,0,0,,0,-1.34,0,0,,53.5,0,0,50.0,1,2,0.0,0,50.0,1,0.0,0,0.0,0,0,0,,,0.0,,0,,,0,0,,0,0.0,0,0,64.7,59.5,0,0,,0,0,,0,,0,0.0,0,,0,0,0,,,
Mack Hollins,11873,WR,ATL,1,1,0,2,0,,0,,,0,0,,0,0.0,0,0,,,0,0,,0,0,,0,,0,0.0,0,,0,0,0,,,,,0,,,0,0,,0,-1.29,0,0,68.3,60.2,0,0,0.0,0,1,0.0,0,100.0,1,0.0,0,0.0,0,0,0,,,0.0
Jamaal Williams,11889,HB,NO,1,1,0,20,0,,0,,,0,0,,0,0.0,0,0,,,0,0,,0,0,,0,,0,0.0,0,,0,0,0,,,,,0,,,0,0,,0,0.0,0,0,,55.3,0,0,,0,0,,0,,0,0.0,0,,0,0,0,,,
David Moore,11981,WR,TB,1,1,0,30,0,,0,,,0,0,,0,0.0,0,0,,,0,0,,0,0,,0,,0,0.0,0,,0,0,0,,,,,0,,,0,0,,0,-1.11,0,0,,54.0,0,0,0.0,0,3,0.0,0,100.0,3,0.0,0,0.0,0,0,0,,,0.0
Mo Alie-Cox,12078,TE,IND,1,1,0,14,0,,0,,,0,0,,0,-1.07,0,0,,,0,0,100.0,1,1,0.0,0,0.0,0,0.0,0,,0,0,0,,,,,0,,,0,0,,0,0.0,0,0,,49.4,0,0,,0,0,,0,,0,0.0,0,,0,0,0,,,
Johnny Mundt,12206,TE,MIN,1,1,0,18,0,,0,,,0,0,,0,0.0,0,0,,,0,0,,0,0,,0,,0,0.0,0,,0,0,0,,,,,0,,,0,0,,0,0.0,0,0,,,0,0,,0,0,,0,,0,0.0,0,,0,0,0,,,
Pharaoh Brown,12247,TE,NE,1,1,0,19,0,,0,,,0,0,,0,1.29,0,0,,,0,0,100.0,1,1,100.0,0,0.0,0,0.0,0,,0,0,0,,,,,0,,,0,0,,0,0.04,0,0,,52.0,0,0,0.0,0,2,50.0,0,100.0,2,0.0,0,0.0,0,0,0,,,0.0
Will Dissly,30762,TE,SEA,1,1,0,29,0,,0,,,0,0,,0,0.16,0,0,,37.0,0,0,0.0,0,2,50.0,0,100.0,2,0.0,0,0.0,0,0,0,,,0.0,0.0,0,100.0,,0,0,0.0,0,1.63,0,0,68.3,57.0,0,3,0.0,0,2,50.0,1,100.0,2,79.2,1,50.0,0,3,3,3.0,3.0,1.5
Jalen Guyton,34164,WR,LAC,1,1,0,27,0,,0,,,0,0,,0,0.0,0,0,,,0,0,,0,0,,0,,0,0.0,0,,0,0,0,,,,,0,,,0,0,,0,-0.21,0,0,64.7,60.3,0,0,0.0,0,3,33.3,0,100.0,3,0.0,0,0.0,0,0,0,,,0.0
Alec Ingold,34934,FB,MIA,1,1,0,17,0,,0,,,0,0,,0,-1.08,0,0,,53.2,0,0,0.0,0,1,0.0,0,100.0,1,0.0,0,0.0,0,0,0,,,0.0,,0,,,0,0,,0,0.38,0,0,,51.9,0,0,33.3,1,3,66.7,0,66.7,2,0.0,0,0.0,0,0,0,,,0.0
Velus Jones Jr.,40573,WR,CHI,1,1,0,6,0,,0,,,0,0,,0,-1.27,0,0,,54.0,0,0,0.0,0,1,0.0,0,100.0,1,0.0,0,0.0,0,0,0,,,0.0,3.0,0,100.0,,0,0,0.0,0,1.16,1,0,68.3,69.5,0,11,0.0,0,2,100.0,1,50.0,1,112.5,1,100.0,0,11,8,8.0,11.0,11.0
Rico Dowdle,40693,HB,DAL,1,1,0,9,0,,0,,,0,0,,0,0.0,0,0,,,0,0,,0,0,,0,,0,0.0,0,,0,0,0,,,,,0,,,0,0,,0,2.17,0,0,,48.8,0,0,0.0,0,2,100.0,0,100.0,2,0.0,0,0.0,0,0,0,,,0.0
Ko Kieft,41372,TE,TB,1,1,0,30,0,,0,,,0,0,,0,0.0,0,0,,,0,0,,0,0,,0,,0,0.0,0,,0,0,0,,,,,0,,,0,0,,0,0.0,0,0,,59.9,0,0,,0,0,,0,,0,0.0,0,,0,0,0,,,
Lil'Jordan Humphrey,42247,WR,DEN,1,1,0,10,0,-3.0,1,100.0,,0,0,0.0,0,0.42,0,0,78.7,87.9,0,12,0.0,0,5,80.0,1,100.0,5,116.7,1,20.0,0,12,15,15.0,12.0,2.4,-3.0,1,100.0,,0,0,0.0,0,-0.24,0,0,70.5,67.2,0,12,0.0,0,16,40.0,1,93.8,15,116.7,1,6.7,0,12,15,15.0,12.0,0.8
Charlie Woerner,42257,TE,SF,1,1,0,28,0,,0,,,0,0,,0,1.25,0,0,,43.5,0,0,0.0,0,1,100.0,0,100.0,1,0.0,0,0.0,0,0,0,,,0.0,,0,,,0,0,,0,4.6,0,0,64.7,53.3,0,0,0.0,0,1,100.0,0,100.0,1,0.0,0,0.0,0,0,0,,,0.0
Khari Blasingame,44889,FB,CHI,1,1,0,6,0,,0,,,0,0,,0,0.0,0,0,,,0,0,,0,0,,0,,0,0.0,0,,0,0,0,,,,,0,,,0,0,,0,0.0,0,0,,54.9,0,0,,0,0,,0,,0,0.0,0,,0,0,0,,,
Olamide Zaccheaus,44920,WR,PHI,1,1,0,24,0,,0,,,0,0,,0,1.62,0,0,,49.7,0,0,0.0,0,1,100.0,0,100.0,1,0.0,0,0.0,0,0,0,,,0.0,,0,,,0,0,,0,0.26,0,0,,52.5,0,0,0.0,0,7,57.1,0,100.0,7,0.0,0,0.0,0,0,0,,,0.0
Trayveon Williams,45775,HB,CIN,1,1,0,7,0,,0,,,0,0,,0,0.0,0,0,,,0,0,,0,0,,0,,0,0.0,0,,0,0,0,,,,,0,,,0,0,,0,0.0,0,0,64.7,65.6,0,0,,0,0,,0,,0,0.0,0,,0,0,0,,,
Alexander Mattison,45817,HB,MIN,1,1,0,18,0,,0,,,0,0,,0,0.0,0,0,,,0,0,,0,0,,0,,0,0.0,0,,0,0,0,,,,,0,,,0,0,,0,0.0,0,0,27.9,35.2,0,0,,0,0,,0,,0,0.0,0,,0,0,0,,,
Jordan Akins,47050,TE,CLV,1,1,0,8,0,,0,,,0,0,,0,-0.34,0,0,,43.5,0,0,50.0,1,2,0.0,0,50.0,1,0.0,0,0.0,0,0,0,,,0.0,,0,,,0,0,,0,-1.86,0,0,64.7,56.8,0,0,33.3,1,3,33.3,0,66.7,2,0.0,0,0.0,0,0,0,,,0.0
Josh Oliver,47083,TE,MIN,1,1,0,18,0,-1.0,0,0.0,,0,0,,0,-0.59,0,0,,39.3,0,0,0.0,0,1,0.0,0,100.0,1,39.6,1,100.0,0,0,0,,,0.0,,0,,,0,0,,0,0.0,0,0,,50.0,0,0,,0,0,,0,,0,0.0,0,,0,0,0,,,
Andrew Beck,47121,FB,HST,1,1,0,13,0,,0,,,0,0,,0,-0.52,0,0,,53.5,0,0,0.0,0,1,0.0,0,100.0,1,0.0,0,0.0,0,0,0,,,0.0,,0,,,0,0,,0,0.0,0,0,64.7,86.0,0,0,0.0,0,1,,0,0.0,0,0.0,0,,0,0,0,,,
Mitchell Wilcox,47234,TE,CIN,1,1,0,7,0,,0,,,0,0,,0,4.34,0,0,,,0,0,100.0,1,1,100.0,0,0.0,0,0.0,0,,0,0,0,,,,,0,,,0,0,,0,0.0,0,0,,57.8,0,0,,0,0,,0,,0,0.0,0,,0,0,0,,,
KaVontae Turpin,47658,WR,DAL,1,1,0,9,0,,0,,,0,0,,0,-0.92,0,0,,54.0,0,0,0.0,0,1,0.0,0,100.0,1,0.0,0,0.0,0,0,0,,,0.0,14.0,0,0.0,0.0,0,1,,0,-0.01,0,0,,53.6,0,0,0.0,0,6,25.0,0,66.7,4,39.6,1,25.0,0,0,0,,,0.0
Jauan Jennings,48027,WR,SF,1,1,0,28,0,,0,,,0,0,,0,0.0,0,0,,,0,0,,0,0,,0,,0,0.0,0,,0,0,0,,,,,0,,,0,0,,0,0.06,0,0,,49.7,0,0,0.0,0,8,37.5,0,100.0,8,0.0,0,0.0,0,0,0,,,0.0
Brandon Powell,48036,WR,MIN,1,1,0,18,0,,0,,,0,0,,0,-0.76,0,0,,53.6,0,0,0.0,0,2,0.0,0,100.0,2,0.0,0,0.0,0,0,0,,,0.0,8.0,0,0.0,,0,0,,0,-0.24,0,0,,47.8,0,0,0.0,0,19,31.6,0,100.0,19,39.6,1,5.3,0,0,0,,,0.0
Ihmir Smith-Marsette,61324,WR,CAR,1,1,0,5,0,,0,,,0,0,,0,0.0,0,0,,,0,0,,0,0,,0,,0,0.0,0,,0,0,0,,,,,0,,,0,0,,0,0.37,0,0,,51.6,0,0,0.0,0,7,50.0,0,85.7,6,0.0,0,0.0,0,0,0,,,0.0
Marcedes Lewis,2973,TE,CHI,1,1,0,6,0,-3.0,0,100.0,,0,0,0.0,0,-0.13,0,0,78.7,66.0,0,4,0.0,0,1,0.0,1,100.0,1,83.3,1,100.0,0,4,7,7.0,4.0,4.0,,0,,,0,0,,0,0.0,0,0,64.7,59.1,0,0,,0,0,,0,,0,0.0,0,,0,0,0,,,
Nico Collins,61441,WR,HST,1,1,0,13,0,,0,,,0,0,,0,-0.86,0,0,,53.2,0,0,0.0,0,1,0.0,0,100.0,1,0.0,0,0.0,0,0,0,,,0.0,,0,,,0,0,,0,-0.86,0,0,64.7,77.3,0,0,0.0,0,1,0.0,0,100.0,1,0.0,0,0.0,0,0,0,,,0.0
Jalen Reagor,61697,WR,NE,1,1,0,19,0,,0,,,0,0,,0,-0.22,0,0,,54.9,0,0,0.0,0,1,0.0,0,100.0,1,0.0,0,0.0,0,0,0,,,0.0,,0,,,0,0,,0,0.98,0,0,,50.9,0,0,0.0,0,2,50.0,0,100.0,2,0.0,0,0.0,0,0,0,,,0.0
Jordan Mason,62946,HB,SF,1,1,0,28,0,,0,,,0,0,,0,0.0,0,0,,,0,0,,0,0,,0,,0,0.0,0,,0,0,0,,,,,0,,,0,0,,0,0.0,0,0,64.7,65.5,0,0,,0,0,,0,,0,0.0,0,,0,0,0,,,
Justin Watson,66915,WR,KC,1,1,0,16,0,,0,,,0,0,,0,0.0,0,0,,48.2,0,0,0.0,0,3,33.3,0,100.0,3,0.0,0,0.0,0,0,0,,,0.0,18.0,0,100.0,,0,0,0.0,0,-0.15,1,0,64.7,54.4,0,18,0.0,0,8,25.0,1,100.0,8,118.8,1,12.5,0,18,0,0.0,18.0,2.25
Tutu Atwell,77965,WR,LA,1,1,0,26,0,,0,,,0,0,,0,0.0,0,0,,,0,0,,0,0,,0,,0,0.0,0,,0,0,0,,,,,0,,,0,0,,0,0.0,0,0,,59.9,0,0,,0,0,,0,,0,0.0,0,,0,0,0,,,
A.T. Perry,77975,WR,NO,1,1,0,20,0,,0,,,0,0,,0,-0.02,0,0,,49.1,0,0,0.0,0,2,50.0,0,100.0,2,0.0,0,0.0,0,0,0,,,0.0,,0,,,0,0,,0,-1.28,0,0,,50.5,0,0,0.0,0,4,25.0,0,100.0,4,0.0,0,0.0,0,0,0,,,0.0
Dameon Pierce,83659,HB,HST,1,1,0,13,0,-4.0,0,100.0,,0,0,0.0,0,-0.96,0,0,78.7,79.2,0,-2,0.0,0,1,0.0,1,100.0,1,79.2,1,100.0,0,-2,2,2.0,-2.0,-2.0,,0,,,0,0,,0,0.0,0,0,64.7,64.1,0,0,,0,0,,0,,0,0.0,0,,0,0,0,,,
Lucas Krull,83962,TE,DEN,1,1,0,10,0,,0,,,0,0,,0,-0.65,0,0,,51.5,0,0,33.3,1,3,0.0,0,66.7,2,0.0,0,0.0,0,0,0,,,0.0,25.0,0,100.0,,0,0,0.0,0,0.89,1,0,68.3,68.9,0,35,0.0,0,5,60.0,1,100.0,5,118.8,1,20.0,0,35,10,10.0,35.0,7.0
Khalil Shakir,84140,WR,BUF,1,1,0,4,0,-1.0,0,100.0,,0,0,0.0,0,0.0,1,0,78.7,90.0,0,12,0.0,0,4,50.0,1,100.0,4,116.7,1,25.0,0,12,13,13.0,12.0,3.0,-1.0,0,100.0,,0,0,0.0,0,-0.21,1,0,68.3,54.5,0,12,0.0,0,30,32.1,1,93.3,28,116.7,1,3.6,0,12,13,13.0,12.0,0.43
Deonte Harty,91470,WR,BUF,1,1,0,4,0,,0,,,0,0,,0,0.0,0,0,,,0,0,,0,0,,0,,0,0.0,0,,0,0,0,,,,21.0,0,100.0,100.0,1,1,0.0,0,2.07,1,0,68.3,94.3,0,25,0.0,0,1,100.0,1,100.0,1,118.8,1,100.0,0,25,4,4.0,25.0,25.0
Skyy Moore,97116,WR,KC,1,1,0,16,0,,0,,,0,0,,0,0.88,0,0,,53.2,0,0,0.0,0,1,100.0,0,100.0,1,0.0,0,0.0,0,0,0,,,0.0,10.0,0,0.0,,0,0,,0,-0.1,0,0,,53.1,0,0,0.0,0,4,25.0,0,100.0,4,39.6,1,25.0,0,0,0,,,0.0
Zach Charbonnet,97630,HB,SEA,1,1,0,29,0,,0,,,0,0,,0,0.57,0,0,,52.2,0,0,0.0,0,2,100.0,0,100.0,2,0.0,0,0.0,0,0,0,,,0.0,,0,,,0,0,,0,0.0,0,0,68.3,56.6,0,0,,0,0,,0,,0,0.0,0,,0,0,0,,,
Trey Palmer,99248,WR,TB,1,1,0,30,0,,0,,,0,0,,0,4.21,0,0,,49.7,0,0,0.0,0,1,100.0,0,100.0,1,0.0,0,0.0,0,0,0,,,0.0,,0,,,0,0,,0,-0.18,0,0,70.5,50.8,0,0,0.0,0,13,30.8,0,100.0,13,0.0,0,0.0,0,0,0,,,0.0
Tre Tucker,101106,WR,LV,1,1,0,23,0,,0,,,0,0,,0,-0.26,0,0,,48.5,0,0,0.0,0,1,0.0,0,100.0,1,0.0,0,0.0,0,0,0,,,0.0,,0,,,0,0,,0,-0.26,0,0,,33.7,0,0,0.0,0,1,0.0,0,100.0,1,0.0,0,0.0,0,0,0,,,0.0
Tyler Goodson,101659,HB,IND,1,1,0,14,0,-6.0,0,100.0,,0,0,0.0,0,-1.07,0,0,78.7,80.1,0,-2,0.0,0,1,0.0,1,100.0,1,79.2,1,100.0,0,-2,4,4.0,-2.0,-2.0,,0,,,0,0,,0,0.0,0,0,,53.8,0,0,,0,0,,0,,0,0.0,0,,0,0,0,,,
Xavier Gipson,104136,WR,NYJ,1,1,0,22,0,-2.0,0,100.0,,0,0,0.0,0,-0.69,0,0,78.7,55.5,0,3,0.0,0,4,25.0,1,100.0,4,79.2,1,25.0,0,3,5,5.0,3.0,0.75,-2.0,0,100.0,,0,0,0.0,0,-0.54,0,0,64.7,51.7,0,3,0.0,0,8,25.0,1,100.0,8,79.2,1,12.5,0,3,5,5.0,3.0,0.38
Tyler Scott,123578,WR,CHI,1,1,0,6,0,,0,,,0,0,,0,-0.13,0,0,,52.5,0,0,0.0,0,1,0.0,0,100.0,1,0.0,0,0.0,0,0,0,,,0.0,,0,,,0,0,,0,-0.56,0,0,68.3,63.6,0,0,50.0,2,4,0.0,0,50.0,2,0.0,0,0.0,0,0,0,,,0.0
Keaton Mitchell,123826,HB,BLT,1,1,0,3,0,,0,,,0,0,,0,0.0,0,0,,,0,0,,0,0,,0,,0,0.0,0,,0,0,0,,,,,0,,,0,0,,0,1.82,0,0,64.7,63.8,0,0,0.0,0,1,100.0,0,100.0,1,0.0,0,0.0,0,0,0,,,0.0
Darnell Washington,124044,TE,PIT,1,1,0,25,0,,0,,,0,0,,0,-0.71,0,0,,39.3,0,0,0.0,0,1,0.0,0,100.0,1,0.0,0,0.0,0,0,0,,,0.0,,0,,,0,0,,0,0.0,0,0,64.7,71.0,0,0,,0,0,,0,,0,0.0,0,,0,0,0,,,
