player,player_id,position,team_name,player_game_count,assists,avg_depth_of_tackle,declined_penalties,forced_fumbles,franchise_id,grades_coverage_defense,grades_defense,grades_defense_penalty,grades_pass_rush_defense,grades_run_defense,grades_tackle,missed_tackle_rate,missed_tackles,penalties,run_stop_opp,snap_counts_run,stop_percent,stops,tackles
Calais Campbell,4364,DI,MIA,17,9,1.8,0,0,17,63.5,82.3,89.9,66.2,85.9,28.2,17.9,10,0,195,202,15.9,31,37
Brandon Graham,5538,ED,PHI,12,4,1.9,0,1,24,52.6,79.3,65.0,72.7,79.9,30.0,11.8,2,1,126,130,5.6,7,11
Kareem Jackson,5545,S,BUF,2,0,,0,0,4,65.9,67.6,90.6,57.1,60.0,80.0,,0,0,2,2,0.0,0,0
Jerry Hughes,5556,ED,HST,7,2,1.0,0,0,13,60.9,51.3,83.8,48.9,55.3,74.5,0.0,0,0,36,36,5.6,2,2
Linval Joseph,5571,DI,DAL,17,4,4.8,0,0,9,79.3,53.1,63.3,77.5,37.6,61.2,6.3,1,1,139,144,5.0,7,11
Von Miller,6154,ED,BUF,14,1,1.7,0,0,4,69.9,85.5,47.2,84.5,65.5,53.3,12.5,1,2,69,70,8.7,6,6
Cameron Jordan,6176,ED,NO,17,9,2.1,0,0,20,73.6,57.4,78.1,54.3,54.5,44.6,16.1,5,1,211,216,6.6,14,17
Cameron Heyward,6183,DI,PIT,18,14,2.5,0,0,25,61.8,90.1,87.4,85.9,79.6,64.0,3.1,2,0,326,337,11.3,37,48
Lawrence Guy Sr.,6385,DI,CIN,4,2,,0,0,7,,51.1,80.2,52.5,52.7,25.2,33.3,1,0,48,49,0.0,0,0
Nick Bellore,6515,LB,WAS,2,0,,0,0,32,79.8,86.2,68.6,60.0,63.2,73.2,,0,0,3,3,0.0,0,0
Stephon Gilmore,7016,CB,MIN,16,2,7.0,0,1,18,59.2,62.2,88.0,58.8,72.6,60.5,30.8,4,5,280,292,0.7,2,7
Bobby Wagner,7050,LB,WAS,20,31,4.2,0,0,32,63.8,88.3,70.8,90.9,91.2,86.3,5.1,6,2,523,533,7.8,41,80
Lavonte David,7060,LB,TB,18,15,2.7,0,2,30,56.9,67.9,86.2,65.4,77.6,47.6,13.0,9,2,370,380,8.9,33,45
Demario Davis,7079,LB,NO,16,27,3.4,0,0,20,63.4,73.2,68.0,66.0,80.2,63.6,12.8,12,2,416,430,8.4,35,55
Rodney McLeod,7271,S,CLV,17,5,4.8,0,0,8,47.2,50.9,82.7,49.7,61.4,56.0,11.1,2,0,243,248,2.5,6,11
Tashaun Gipson Sr.,7288,S,SF,4,1,5.0,0,0,28,60.3,63.1,0.0,,75.8,84.5,0.0,0,1,24,25,8.3,2,4
Harrison Smith,7641,S,MIN,17,4,6.9,0,0,18,65.3,67.7,53.1,60.3,75.9,70.7,10.5,4,2,357,372,3.6,13,30
Darius Slay,7817,CB,PHI,18,5,7.6,3,1,24,75.5,73.3,65.0,,58.1,70.7,18.8,3,6,312,321,1.3,4,8
Johnathan Hankins,7830,DI,SEA,17,7,2.5,1,0,29,64.2,35.9,20.6,55.3,36.2,29.2,15.2,5,4,210,222,7.1,15,21
Tyrann Mathieu,7850,S,NO,17,6,7.8,0,2,20,57.8,60.5,87.7,51.2,65.0,46.9,22.2,8,1,375,389,1.3,5,22
John Jenkins,7863,DI,LV,17,16,2.4,0,0,23,60.6,53.1,87.6,57.5,49.9,46.7,9.8,5,0,328,335,6.4,21,30
William Gholston,7908,DI,TB,16,3,2.0,0,0,30,66.8,65.7,53.5,65.9,58.7,59.0,0.0,0,1,99,101,2.0,2,5
Jordan Poyer,8000,S,MIA,16,13,7.8,0,0,17,61.4,62.5,23.3,58.8,69.4,73.3,7.8,4,3,332,348,2.7,9,34
Tony Jefferson,8361,S,LAC,6,3,7.8,0,0,27,71.2,89.9,79.3,99.9,74.2,75.6,12.5,2,1,113,113,4.4,5,11
Jadeveon Clowney,8636,ED,CAR,14,13,2.7,2,0,5,65.2,70.8,47.2,73.2,63.4,45.3,7.9,3,4,244,255,5.7,14,22
Khalil Mack,8640,ED,LAC,17,3,2.3,0,1,27,80.3,90.2,80.3,78.9,87.7,47.2,21.9,7,1,229,232,7.0,16,22
C.J. Mosley,8652,LB,NYJ,4,2,3.3,0,0,22,61.0,74.7,78.7,38.7,81.6,57.0,16.7,2,0,61,63,8.2,5,8
Jimmie Ward,8665,S,HST,10,6,3.5,0,0,13,73.9,76.1,83.2,47.2,75.6,83.3,9.1,2,1,156,159,3.2,5,14
DeMarcus Lawrence,8669,ED,DAL,4,4,2.9,0,0,9,60.3,56.8,53.1,53.9,62.4,27.9,20.0,3,1,73,75,5.5,4,8
Kyle Van Noy,8675,ED,BLT,18,8,3.5,0,0,3,65.3,75.8,55.4,74.7,68.4,64.0,11.5,3,3,179,183,6.1,11,15
Jordan Matthews,8677,TE,CAR,1,0,,0,0,5,,60.0,60.0,,60.0,,,0,0,1,1,0.0,0,0
DaQuan Jones,8747,DI,BUF,19,7,2.0,0,0,4,67.2,65.3,65.5,71.5,53.4,26.7,20.0,5,2,258,267,3.9,10,13
Brent Urban,8769,DI,BLT,15,2,3.1,0,0,3,57.1,53.5,83.7,53.5,56.4,65.0,5.6,1,0,98,101,11.2,11,15
Shelby Harris,8869,DI,CLV,14,9,1.7,0,1,8,60.5,66.7,72.2,59.7,67.9,62.4,3.4,1,1,250,254,6.8,17,19
Denico Autry,8982,ED,HST,12,3,8.0,2,0,13,56.4,60.6,51.3,65.2,54.1,56.1,10.0,1,2,88,88,3.4,3,6
Shaquil Barrett,9000,ED,TB,2,0,,0,0,30,90.4,75.9,74.4,52.9,56.6,73.3,,0,0,5,5,0.0,0,0
C.J. Goodwin,9243,CB,DAL,1,0,,0,0,9,60.2,61.4,99.9,60.0,60.0,,,0,0,3,3,0.0,0,0
Mike Pennel,9316,DI,KC,20,10,2.5,0,0,16,55.1,59.4,68.5,58.0,62.4,77.2,0.0,0,1,200,208,7.0,14,20
Dante Fowler Jr.,9436,ED,WAS,20,4,1.6,1,0,32,80.4,60.5,37.1,63.6,52.3,28.9,21.9,7,6,226,229,5.8,13,21
Leonard Williams,9439,DI,SEA,16,9,1.6,1,0,29,72.2,87.1,49.0,72.3,79.5,52.9,8.9,4,4,244,261,10.7,26,32
Arik Armstead,9450,ED,JAX,17,1,2.5,2,0,15,63.8,68.7,42.4,70.0,62.0,45.6,15.0,3,4,178,187,6.7,12,16
Bud Dupree,9455,ED,LAC,18,4,3.0,1,0,27,63.1,46.5,46.6,50.9,48.5,40.2,10.0,2,3,182,186,4.9,9,14
Shaq Thompson,9458,LB,CAR,4,7,2.8,0,0,5,62.9,67.4,19.4,52.7,73.2,51.0,12.5,4,1,107,112,12.1,13,21
Mario Edwards Jr.,9468,DI,HST,15,9,3.3,0,0,13,65.7,57.5,32.1,69.2,45.7,44.2,12.0,3,4,170,172,4.7,8,13
Preston Smith,9471,ED,PIT,17,10,3.4,0,0,25,69.3,64.2,61.6,59.3,64.3,76.0,4.8,1,2,178,182,3.9,7,10
Eddie Goldman,9472,DI,ATL,16,10,2.5,0,0,2,,49.3,48.2,61.5,47.5,26.1,21.7,5,2,178,181,2.8,5,8
Eric Kendricks,9478,LB,DAL,15,28,4.2,0,0,9,62.7,75.2,87.5,78.5,78.3,65.7,7.4,7,0,371,384,9.7,36,60
Denzel Perryman,9481,LB,LAC,12,9,3.6,0,0,27,61.9,62.3,81.7,83.9,54.1,29.8,24.4,10,0,150,154,10.0,15,22
Ronald Darby,9483,CB,JAX,13,2,6.8,1,0,15,61.0,61.7,85.6,60.0,60.9,68.6,16.7,2,3,237,248,1.3,3,8
Jordan Phillips,9485,DI,BUF,11,1,3.3,0,0,4,62.8,34.9,49.7,61.0,28.4,55.1,12.5,1,1,74,75,5.4,4,6
Chris Conley,9509,WR,SF,2,0,7.0,0,0,28,,62.8,64.6,,62.4,68.4,0.0,0,1,2,2,0.0,0,1
Jordan Hicks,9517,LB,CLV,12,16,4.2,0,0,8,70.0,77.4,52.6,72.4,77.7,64.6,19.6,10,1,247,252,7.3,18,25
Danielle Hunter,9521,ED,HST,19,5,2.0,2,0,13,71.1,84.6,47.2,81.1,73.2,75.5,2.9,1,6,288,292,8.3,24,29
Carl Davis Jr.,9523,DI,WAS,4,2,2.5,0,0,32,60.0,65.0,80.3,65.6,60.3,72.9,0.0,0,0,45,48,8.9,4,6
Angelo Blackson,9533,DI,ARZ,1,0,1.0,0,0,1,,66.5,74.1,66.7,61.5,68.1,0.0,0,0,13,13,7.7,1,1
Za'Darius Smith,9555,ED,DET,18,4,2.6,1,0,11,56.4,71.7,57.5,76.6,54.9,28.3,12.5,3,4,187,193,4.8,9,17
Kwon Alexander,9557,LB,DET,5,5,3.3,0,1,11,45.0,74.3,0.0,56.3,90.6,61.1,15.4,2,1,58,60,5.2,3,6
Grady Jarrett,9570,DI,ATL,17,8,1.4,1,0,2,63.1,62.1,57.9,60.6,61.5,36.0,10.9,5,3,268,275,9.0,24,33
Bobby McCain,9578,S,MIN,1,2,,0,0,18,46.1,47.6,78.0,55.6,65.9,80.6,0.0,0,0,7,9,0.0,0,0
Quandre Diggs,9633,S,TEN,8,3,8.2,0,0,31,70.6,73.2,90.3,55.4,70.0,87.2,4.5,1,0,174,180,2.9,5,18
Rakeem Nunez-Roches,9650,DI,NYG,15,22,3.1,0,0,21,52.7,46.8,63.4,53.1,50.2,56.7,2.1,1,2,294,302,5.8,17,24
Neville Hewitt,9836,LB,HST,12,14,4.5,0,1,13,76.8,71.9,33.1,61.0,61.7,50.9,13.2,5,1,141,144,6.4,9,19
Troy Hill,9881,CB,TB,6,4,6.5,0,0,30,70.6,63.2,15.0,50.2,49.0,65.6,10.5,2,1,81,86,3.7,3,13
DeShawn Williams,9891,DI,CAR,12,1,3.1,0,0,5,62.1,47.9,85.5,53.8,41.3,43.9,13.3,2,0,107,112,9.3,10,12
Alex Singleton,9994,LB,DEN,3,8,4.8,0,0,10,53.5,62.9,81.1,54.3,73.5,44.2,15.4,4,0,80,81,12.5,10,14
T.Y. McGill,10156,DI,CLV,2,0,1.0,0,0,8,60.0,70.5,75.6,75.7,57.5,69.8,0.0,0,0,10,10,0.0,0,1
Efe Obada,10235,ED,WAS,6,1,2.7,0,0,32,,54.1,82.8,51.7,56.4,73.6,0.0,0,0,48,48,4.2,2,3
Joey Bosa,10637,ED,LAC,14,7,2.4,1,2,27,60.5,61.1,2.9,64.8,67.4,35.1,14.3,3,8,146,151,6.2,9,11
Jalen Ramsey,10639,CB,MIA,17,11,4.4,0,0,17,71.9,76.9,69.0,76.5,85.7,43.0,16.7,4,5,356,373,1.4,5,9
DeForest Buckner,10641,DI,IND,12,18,2.3,0,0,14,61.2,81.9,74.5,77.1,73.9,40.2,7.8,4,1,236,244,10.2,24,29
Leonard Floyd,10643,ED,SF,17,7,2.6,2,0,28,75.4,53.9,56.7,54.5,54.4,56.6,10.3,3,3,218,224,6.9,15,19
Eli Apple,10644,CB,LAC,3,0,,0,0,27,78.6,78.0,77.6,,60.3,75.4,,0,0,7,7,0.0,0,0
Sheldon Rankins,10646,DI,CIN,7,5,3.4,0,0,7,71.2,55.3,83.7,58.9,46.2,32.9,18.8,3,0,121,124,3.3,4,8
Shaq Lawson,10653,ED,CAR,1,0,,0,0,5,,57.0,73.1,59.3,57.2,,,0,0,7,7,0.0,0,0
Artie Burns,10659,CB,SEA,2,1,,0,0,29,89.6,88.6,76.1,73.3,59.5,59.7,0.0,0,0,11,11,0.0,0,0
Kenny Clark,10661,DI,GB,18,12,1.5,1,0,12,64.4,60.0,36.3,62.7,58.4,51.8,7.5,3,5,274,284,6.9,19,25
Emmanuel Ogbah,10666,ED,MIA,16,11,0.9,1,0,17,52.9,59.7,74.5,51.2,72.4,41.0,5.7,2,2,251,265,7.6,19,22
Chris Jones,10671,DI,KC,18,12,2.1,2,0,16,67.6,90.2,31.8,91.5,64.0,67.5,0.0,0,7,277,287,6.5,18,22
Austin Johnson,10677,DI,BUF,18,14,2.2,0,0,4,67.2,57.5,85.6,58.3,51.3,44.8,10.7,3,0,161,166,5.6,9,11
Jihad Ward,10678,DI,MIN,17,4,3.0,0,0,18,70.0,51.5,42.6,58.0,42.1,54.0,0.0,0,3,76,82,6.6,5,7
A'Shawn Robinson,10680,DI,CAR,16,20,4.1,0,1,5,67.2,54.6,56.7,57.1,54.1,59.7,5.7,4,3,379,393,5.8,22,46
Jarran Reed,10683,DI,SEA,17,12,2.8,0,0,29,61.3,70.6,87.8,73.7,58.2,72.8,2.6,1,0,241,260,7.5,18,25
Deion Jones,10686,LB,TB,1,0,4.0,0,0,30,71.1,74.0,70.8,,63.4,74.2,0.0,0,0,4,4,25.0,1,1
Vonn Bell,10695,S,CIN,16,12,5.5,0,1,7,62.1,62.1,84.4,58.6,59.4,57.4,17.1,6,0,269,272,2.2,6,17
Adam Gotsis,10697,ED,IND,5,3,2.0,0,0,14,63.4,64.4,20.7,52.9,70.5,46.9,14.3,1,1,33,34,9.1,3,3
Kevin Byard,10698,S,CHI,17,26,8.1,1,0,6,61.6,72.8,83.2,83.0,86.0,89.6,4.8,4,2,457,467,3.9,18,54
Maliek Collins,10701,DI,SF,17,2,2.9,0,0,28,66.7,57.9,56.7,70.0,42.8,28.7,13.0,3,4,271,279,4.1,11,18
Yannick Ngakoue,10703,ED,NE,11,5,2.8,0,0,19,61.8,52.1,64.1,46.7,70.2,57.8,10.0,1,1,49,50,6.1,3,4
Jonathan Bullard,10706,DI,MIN,18,13,1.9,0,0,18,62.5,55.1,52.1,47.1,63.6,67.7,5.0,2,3,290,302,6.6,19,25
Daryl Worley,10711,S,TEN,8,3,7.0,0,0,31,59.1,54.3,50.1,53.2,49.4,50.6,25.0,8,1,218,221,2.8,6,21
Kendall Fuller,10718,CB,MIA,11,5,3.7,1,0,17,62.4,66.2,85.6,72.1,75.1,73.2,6.7,1,1,202,211,2.0,4,9
Nick Vigil,10721,LB,DAL,7,1,2.2,0,0,9,68.8,48.3,82.3,43.6,31.1,45.2,25.0,2,0,49,51,8.2,4,5
Javon Hargrave,10723,DI,SF,3,1,3.3,0,0,28,60.4,60.6,79.4,73.3,44.7,45.1,0.0,0,0,41,41,4.9,2,3
Justin Simmons,10732,S,ATL,16,8,8.6,0,0,2,60.8,59.9,94.2,56.7,53.8,44.5,25.6,10,0,375,388,1.6,6,21
Sheldon Day,10737,DI,WAS,15,8,3.1,0,0,32,59.5,54.7,85.2,52.4,56.2,67.0,4.0,1,0,163,165,6.1,10,16
Eric Murray,10740,S,HST,19,7,7.2,2,0,13,64.8,63.8,26.2,50.9,67.2,51.7,12.8,5,5,348,354,3.4,12,27
Miles Killebrew,10745,S,PIT,7,1,5.0,0,0,25,60.0,75.5,73.2,,71.4,72.8,0.0,0,0,16,16,0.0,0,1
De'Vondre Campbell,10749,LB,SF,13,11,3.8,0,0,28,59.1,58.3,81.8,52.6,57.4,48.4,12.5,6,1,296,303,6.4,19,31
David Onyemata,10754,DI,ATL,17,10,2.6,0,0,2,60.0,66.2,86.9,61.3,64.5,61.8,2.5,1,0,240,249,8.3,20,29
Andrew Billings,10756,DI,CHI,8,1,1.8,0,1,6,59.7,62.5,64.4,78.6,50.0,51.8,12.5,1,1,147,151,3.4,5,6
Deon Bush,10758,S,KC,1,1,,0,0,16,67.3,69.5,70.2,,60.8,77.8,0.0,0,0,3,3,0.0,0,0
Dean Lowry,10771,DI,PIT,12,3,,0,0,25,60.0,34.3,81.8,67.4,28.0,29.0,25.0,1,0,85,87,0.0,0,0
Matthew Judon,10780,ED,ATL,17,5,3.5,0,0,2,31.1,43.0,30.6,53.9,53.6,48.3,7.7,2,5,232,240,3.9,9,19
Quinton Jefferson,10781,DI,BUF,11,4,2.3,0,0,4,59.9,50.3,83.7,54.3,47.6,41.2,16.7,2,1,81,83,6.2,5,6
DJ Reader,10800,DI,DET,16,7,1.4,0,0,11,63.3,66.5,75.6,64.5,62.6,59.6,5.0,1,1,216,224,5.1,11,12
Kamu Grugier-Hill,10842,LB,MIN,11,3,3.2,0,0,18,39.8,36.4,80.0,44.8,48.1,45.4,20.0,2,0,53,56,7.5,4,5
Elandon Roberts,10848,LB,PIT,18,9,2.6,0,1,25,49.6,79.7,81.9,66.7,91.0,55.2,10.2,5,0,283,291,8.5,24,35
Jalen Mills,10867,S,NYJ,9,11,4.8,0,1,22,61.6,64.6,83.1,52.3,68.4,46.4,25.0,7,1,194,202,3.6,7,10
Mike Hilton,10898,CB,CIN,16,6,2.2,0,0,7,68.4,75.8,32.7,58.0,91.7,77.1,5.4,2,2,258,260,8.1,21,29
Kyle Peko,11027,DI,DET,5,0,-2.0,0,0,11,,45.8,80.0,58.3,36.8,67.6,0.0,0,0,24,25,4.2,1,1
Michael Pierce,11101,DI,BLT,13,9,3.8,0,0,3,75.1,80.7,84.4,65.5,68.1,67.3,5.3,1,0,85,89,2.4,2,9
Morgan Fox,11184,DI,LAC,18,9,3.2,0,0,27,59.8,51.5,87.0,58.1,43.4,53.4,5.9,2,0,196,201,7.1,14,23
Jonathan Jones,11217,CB,NE,17,2,7.8,0,1,19,61.1,60.7,86.3,57.5,55.2,75.9,12.5,2,3,280,285,1.1,3,12
Roy Robertson-Harris,11341,DI,SEA,17,6,0.9,1,0,29,56.0,52.9,55.1,54.6,56.6,33.9,19.0,4,2,154,165,6.5,10,11
C.J. Ham,11347,FB,MIN,1,1,,0,0,18,,60.0,60.0,,60.0,70.9,0.0,0,0,1,1,0.0,0,0
Antonio Hamilton Sr.,11353,CB,ATL,1,0,0.0,0,0,2,37.2,29.6,79.0,52.9,28.5,27.3,50.0,1,0,13,14,7.7,1,1
Myles Garrett,11756,ED,CLV,17,6,1.2,1,0,8,65.2,92.3,45.1,92.8,78.4,73.8,7.1,2,6,319,328,5.6,18,20
Solomon Thomas,11758,DI,NYJ,16,7,1.4,1,1,22,58.6,45.6,26.8,61.2,41.5,29.9,12.5,3,5,187,195,5.3,10,14
Jamal Adams,11761,S,DET,5,1,7.7,0,0,11,35.5,43.0,76.2,50.2,62.5,36.6,20.0,1,0,23,24,4.3,1,3
Marshon Lattimore,11766,CB,WAS,12,5,12.9,1,0,32,58.0,56.8,59.4,55.3,52.8,61.9,11.8,2,8,255,264,0.4,1,10
Haason Reddick,11768,ED,NYJ,10,1,1.2,0,0,22,61.3,53.5,68.4,52.9,56.3,70.4,0.0,0,1,124,129,5.6,7,9
Derek Barnett,11769,ED,HST,18,3,3.3,0,0,13,60.0,74.2,60.2,67.0,73.9,56.9,10.0,2,2,168,172,6.5,11,15
Malik Hooker,11770,S,DAL,17,14,8.6,0,0,9,57.8,65.3,88.0,62.0,77.8,64.3,14.9,7,0,415,427,2.4,10,26
Marlon Humphrey,11771,CB,BLT,18,1,3.2,2,1,3,81.0,79.0,27.4,68.9,70.4,59.3,20.0,3,11,310,319,1.9,6,11
Jonathan Allen,11772,DI,WAS,11,2,3.4,0,0,32,67.2,56.0,51.7,68.5,42.2,50.2,10.0,2,3,166,171,6.6,11,16
Adoree' Jackson,11773,CB,NYG,11,1,11.4,1,1,21,64.5,69.0,85.4,,85.8,55.0,11.1,1,4,145,150,0.0,0,7
Charles Harris,11777,ED,PHI,12,6,3.1,0,0,24,29.3,54.1,87.6,58.9,58.7,28.9,10.5,2,0,198,205,4.5,9,11
Jabrill Peppers,11780,S,NE,6,6,6.1,0,1,19,81.7,82.3,83.4,46.3,74.7,76.7,4.3,1,0,145,149,3.4,5,16
Takk McKinley,11781,ED,NYJ,7,3,3.6,0,0,22,61.2,50.0,39.8,57.7,49.4,29.9,20.0,2,1,58,60,5.2,3,5
Tre'Davious White,11782,CB,BLT,12,2,8.6,2,0,3,54.8,53.6,44.0,58.7,52.6,67.7,22.2,2,7,163,169,1.2,2,5
T.J. Watt,11785,ED,PIT,18,11,1.7,1,2,25,70.0,91.7,86.3,90.1,90.3,47.3,18.0,9,2,361,370,6.6,24,30
Kevin King,11788,CB,ATL,4,0,10.0,0,0,2,79.3,81.7,90.1,58.8,70.9,40.7,0.0,0,0,7,8,0.0,0,1
Budda Baker,11791,S,ARZ,17,19,4.6,0,0,1,74.7,77.8,88.4,61.9,79.9,62.0,17.3,17,1,411,420,8.0,33,62
Marcus Maye,11794,S,LAC,12,8,7.8,0,0,27,69.2,72.9,83.2,57.4,73.1,57.1,10.3,3,0,153,157,3.3,5,18
Marcus Williams,11797,S,BLT,9,0,7.3,1,0,3,37.3,42.9,56.4,55.1,69.4,82.5,14.3,1,2,160,166,1.3,2,6
Tyus Bowser,11802,ED,MIA,9,2,2.0,0,0,17,57.0,53.0,59.5,51.6,57.0,65.6,25.0,1,1,106,111,0.9,1,1
DeMarcus Walker,11806,ED,CHI,17,13,2.4,1,0,6,67.0,64.7,73.2,61.3,62.3,35.8,13.6,6,2,302,310,6.6,20,25
Raekwon McMillan,11809,LB,TEN,8,8,4.3,0,0,31,59.0,38.8,82.2,50.6,29.6,54.4,10.0,3,0,135,139,7.4,10,19
Dalvin Tomlinson,11810,DI,CLV,16,8,1.4,0,0,8,60.9,67.4,76.1,64.8,64.2,28.9,24.1,7,1,280,286,3.9,11,14
Zach Cunningham,11812,LB,DEN,3,1,5.5,0,0,10,64.4,73.0,72.4,58.8,68.7,78.3,0.0,0,0,11,11,9.1,1,2
Tanoh Kpassagnon,11814,DI,NO,3,1,25.0,0,0,20,60.0,29.4,17.1,63.0,29.5,24.0,33.3,1,1,41,45,0.0,0,1
Chidobe Awuzie,11815,CB,TEN,8,3,5.9,0,1,31,58.4,64.4,84.0,,80.4,68.3,8.3,1,1,177,179,1.1,2,8
Larry Ogunjobi,11820,DI,PIT,16,16,2.1,0,0,25,60.0,48.3,74.5,58.5,41.6,44.0,9.5,4,1,221,227,6.8,15,22
Ahkello Witherspoon,11821,CB,LA,14,1,6.1,3,0,26,62.6,65.6,54.3,96.5,62.2,55.4,20.0,2,5,210,215,0.5,1,7
Dawuane Smoot,11823,ED,BUF,14,3,-0.4,0,1,4,71.4,56.3,38.3,60.4,53.1,25.1,47.4,9,3,128,133,5.5,7,7
Chris Wormley,11829,DI,BLT,2,1,4.0,0,0,3,,68.5,76.7,56.7,70.2,71.3,0.0,0,0,18,18,11.1,2,3
Duke Riley,11830,LB,MIA,9,1,10.0,0,0,17,48.6,42.9,74.0,49.6,50.7,51.0,0.0,0,0,11,12,0.0,0,1
Alex Anzalone,11831,LB,DET,11,9,5.0,0,0,11,72.1,66.9,60.4,58.2,58.1,70.9,10.3,4,2,214,220,6.1,13,26
Fabian Moreau,11836,CB,MIN,4,0,5.5,0,0,18,60.5,63.2,82.5,,77.3,80.4,0.0,0,2,20,21,5.0,1,2
Shaquill Griffin,11845,CB,MIN,18,2,4.0,1,0,18,61.6,63.7,86.5,,71.7,82.1,0.0,0,2,142,146,1.4,2,4
Jourdan Lewis,11846,CB,DAL,16,10,9.3,1,0,9,79.0,71.7,86.4,54.9,45.0,61.4,13.8,4,4,311,323,1.3,4,15
John Johnson III,11847,S,LA,2,2,16.0,0,0,26,90.4,91.9,80.9,,68.8,62.5,0.0,0,0,21,21,0.0,0,1
Montravius Adams,11848,DI,PIT,12,4,5.3,0,0,25,78.1,44.2,83.0,61.0,29.8,47.1,7.7,1,0,85,86,4.7,4,8
Cameron Sutton,11850,CB,PIT,9,2,6.3,1,0,25,45.0,49.5,82.5,65.0,65.9,47.2,16.7,1,1,70,70,1.4,1,3
Rasul Douglas,11854,CB,BUF,18,8,3.6,4,1,4,51.6,53.9,69.2,52.3,63.2,68.6,6.7,2,10,384,398,3.4,13,20
Trey Hendrickson,11858,ED,CIN,17,6,1.8,0,1,7,59.5,88.1,56.0,90.4,65.9,43.9,15.4,4,4,271,273,4.4,12,16
Eddie Jackson,11867,S,LAC,11,2,6.0,0,0,27,50.1,52.0,32.9,55.4,69.4,61.5,18.2,2,1,95,99,2.1,2,7
Rayshawn Jenkins,11868,S,SEA,13,5,6.0,1,0,29,58.0,52.5,82.0,51.4,42.8,44.4,23.8,5,1,201,210,2.5,5,11
Carl Lawson,11871,ED,DAL,13,2,2.6,3,0,9,59.5,59.7,20.5,64.8,58.8,56.6,0.0,0,5,96,97,6.3,6,7
Jalen Reeves-Maybin,11879,LB,DET,10,0,10.5,0,0,11,67.4,57.5,5.1,48.4,46.4,42.7,50.0,2,1,33,33,3.0,1,2
Deatrich Wise Jr.,11886,ED,NE,15,7,2.7,0,0,19,63.3,59.7,39.9,63.6,54.8,59.2,10.0,2,3,138,140,4.3,6,11
Carlos Watkins,11897,DI,DAL,16,5,1.4,0,0,9,62.6,60.2,83.8,50.9,63.0,58.1,0.0,0,0,106,110,2.8,3,5
Grover Stewart,11899,DI,IND,17,24,1.3,0,0,14,60.8,76.9,66.8,63.4,78.7,52.9,4.7,3,2,344,354,9.3,32,37
Damontae Kazee,11904,S,PIT,15,2,12.9,0,0,25,56.4,60.8,82.5,,73.6,82.4,12.5,2,0,99,101,2.0,2,12
Desmond King II,11906,CB,BLT,2,0,,0,0,3,54.0,53.8,72.7,60.0,60.0,78.9,,0,1,2,2,0.0,0,0
Anthony Walker Jr.,11916,LB,MIA,11,7,4.5,0,0,17,39.1,48.0,83.8,44.2,69.5,59.1,7.7,2,0,178,187,5.6,10,17
Matt Milano,11918,LB,BUF,7,7,1.8,0,0,4,45.1,53.3,32.0,76.9,59.6,29.7,20.0,5,1,154,156,7.1,11,13
Davon Godchaux,11934,DI,NE,17,17,2.9,0,0,19,71.5,51.6,88.1,55.8,48.0,68.9,3.0,2,0,376,381,9.3,35,47
Chuck Clark,11941,S,NYJ,12,13,7.4,1,1,22,45.1,50.8,4.5,60.0,70.5,63.9,12.5,5,4,297,310,1.0,3,22
Xavier Woods,11946,S,CAR,17,20,8.6,0,0,5,55.4,57.0,69.1,53.5,59.7,72.3,16.2,11,4,555,576,1.8,10,37
Al-Quadin Muhammad,11951,ED,DET,10,2,1.8,0,0,11,80.7,60.7,50.4,59.8,54.7,55.3,11.1,1,2,93,95,4.3,4,6
D.J. Jones,11953,DI,DEN,18,9,1.9,0,0,10,49.3,67.3,74.7,70.6,64.6,40.5,8.3,4,1,231,235,11.3,26,35
Jeremiah Ledbetter,11960,DI,JAX,15,6,1.9,0,0,15,66.8,63.0,86.2,49.5,66.2,64.5,2.9,1,0,210,223,8.1,17,27
David Moore,11981,WR,CAR,1,0,,0,0,5,,60.0,60.0,,60.0,,,0,2,1,1,0.0,0,0
Patrick O'Connor,12005,DI,DET,12,7,0.4,0,0,11,59.5,43.5,13.2,55.3,47.9,28.2,14.3,2,3,95,100,4.2,4,5
Michael Davis,12040,CB,WAS,8,3,3.0,0,0,32,40.8,43.3,79.4,,55.2,28.3,33.3,2,2,56,57,0.0,0,1
Josh Tupou,12093,DI,BLT,3,3,3.0,0,0,3,,52.1,78.7,50.6,55.9,71.5,0.0,0,0,26,28,7.7,2,2
Taysom Hill,12112,TE,NO,1,0,,0,1,20,,62.1,60.0,,60.0,,,0,0,1,1,0.0,0,0
Alex Barrett,12183,ED,SF,3,0,2.0,0,0,28,,56.5,88.4,51.1,62.2,69.2,0.0,0,0,10,10,10.0,1,1
Adam Butler,12214,DI,LV,17,14,2.0,1,0,23,70.5,56.9,60.8,60.1,48.3,33.1,16.4,9,3,294,305,7.1,21,32
Arthur Maulet,12224,CB,BLT,3,0,7.0,0,0,3,50.1,45.8,77.0,51.5,40.6,45.0,66.7,2,0,19,19,0.0,0,1
Dare Ogunbowale,12329,HB,HST,1,0,,0,0,13,,59.0,60.0,60.0,60.0,,,0,2,1,1,0.0,0,0
Caleb Johnson,12488,LB,JAX,1,0,,0,0,15,,60.0,60.0,,60.0,,,0,0,1,1,0.0,0,0
Sione Takitaki,12666,LB,NE,11,6,3.9,0,0,19,65.5,63.0,83.2,55.9,59.5,44.0,17.6,3,0,111,112,1.8,2,8
Sam Eguavoen,15301,LB,NYJ,7,2,2.8,0,0,22,62.0,67.7,75.2,53.5,68.6,54.2,11.1,1,0,51,53,7.8,4,6
Ross Dwelley,20994,TE,ATL,1,0,,0,0,2,,60.0,60.0,,60.0,,,0,1,1,1,0.0,0,0
Sam Kamara,24176,DI,CLV,11,5,2.4,0,0,8,60.0,65.7,84.0,60.6,64.3,61.6,7.1,1,0,131,134,4.6,6,8
Nathan Shepherd,24614,DI,NO,16,11,2.4,1,0,20,59.2,43.4,48.1,66.9,32.6,52.1,7.7,3,3,242,253,6.6,16,25
Foyesade Oluokun,24904,LB,JAX,13,21,3.4,1,0,15,69.5,68.5,64.6,74.1,62.8,64.6,14.9,10,4,332,344,6.0,20,36
Levi Wallace,25445,CB,DEN,6,1,7.7,1,0,10,64.3,66.9,84.5,58.5,79.3,79.4,0.0,0,1,70,70,1.4,1,3
Anfernee Jennings,25449,ED,NE,16,13,2.1,0,1,19,54.1,66.9,70.6,59.2,73.0,67.0,7.4,5,2,397,405,9.3,37,50
Sean Murphy-Bunting,25891,CB,ARZ,15,5,5.2,2,1,1,53.1,56.5,52.9,59.0,70.0,29.3,20.0,4,9,297,306,2.0,6,11
Clelin Ferrell,25955,ED,WAS,17,8,4.9,2,0,32,57.3,51.7,23.6,58.8,55.0,46.9,17.2,5,5,215,220,4.7,10,16
Dexter Lawrence,25991,DI,NYG,12,11,2.4,0,1,21,58.5,89.9,88.6,81.4,83.8,47.9,8.6,3,1,213,217,7.0,15,21
KhaDarel Hodge,26104,WR,ATL,1,0,-2.0,0,0,2,,60.0,66.4,60.0,60.0,70.8,0.0,0,1,1,1,100.0,1,1
Maxx Crosby,26316,ED,LV,12,9,-0.2,2,0,23,66.1,74.3,46.9,70.1,73.5,48.7,14.7,5,6,284,295,5.6,16,20
Jeremiah Moon,26453,ED,PIT,9,0,13.0,0,0,25,46.0,44.2,81.8,46.5,53.5,69.2,0.0,0,0,47,48,0.0,0,1
D.J. Reed,26940,CB,NYJ,14,3,9.2,2,0,22,70.1,70.7,42.0,71.8,71.8,64.3,15.4,4,11,361,374,1.4,5,19
Isaiah Rodgers,27069,CB,PHI,15,1,1.0,0,1,24,70.5,73.2,84.5,,83.4,51.3,0.0,0,1,144,145,0.7,1,1
Bryce Huff,27128,ED,PHI,13,2,3.3,0,0,24,51.8,69.8,86.8,69.9,60.3,64.0,0.0,0,0,99,101,5.1,5,7
Siran Neal,27130,CB,MIA,9,0,4.5,0,0,17,60.1,53.9,78.7,56.9,41.8,43.2,33.3,1,1,24,24,0.0,0,2
Montez Sweat,27271,ED,CHI,16,6,0.9,1,0,6,49.9,65.7,39.2,67.6,65.5,61.2,4.8,1,5,242,247,5.0,12,14
Devin Bush,27375,LB,CLV,16,21,3.7,0,0,8,57.9,79.2,81.6,77.5,86.4,80.6,10.3,6,0,269,273,6.3,17,31
Michael Dwumfour,27376,DI,CLV,1,0,,0,0,8,,37.4,69.7,60.0,46.0,,,0,0,4,4,0.0,0,0
David Long Jr.,27377,CB,IND,1,0,,0,0,14,42.0,29.9,0.0,,60.0,,,0,2,2,2,0.0,0,0
Joshua Uche,27379,ED,KC,9,3,3.9,1,0,16,29.5,54.9,30.0,68.7,70.2,54.6,16.7,2,3,65,67,6.2,4,7
D'Angelo Ross,27732,CB,HST,5,1,2.0,0,0,13,66.6,65.6,89.1,,56.5,29.9,50.0,2,0,72,73,1.4,1,1
Khalil Dorsey,27819,CB,DET,5,1,4.3,0,0,11,46.8,47.7,77.9,,54.6,62.9,16.7,1,0,24,24,4.2,1,4
Armon Watts,27844,DI,NYG,5,4,0.5,0,0,21,60.0,58.8,79.7,71.5,46.9,29.2,14.3,1,0,39,40,5.1,2,2
Joe Gaziano,27949,ED,JAX,3,1,3.3,0,0,15,,48.8,80.0,42.5,58.7,44.1,0.0,0,0,21,21,4.8,1,3
DaVon Hamilton,28072,DI,JAX,17,13,2.2,0,0,15,66.7,54.5,88.0,50.6,54.2,53.5,6.9,4,0,267,275,12.4,33,41
Dre'Mont Jones,28075,ED,SEA,17,6,1.8,0,0,29,37.7,54.3,53.9,66.0,45.5,54.6,5.3,1,3,217,230,4.1,9,12
Malik Harrison,28081,LB,BLT,17,16,2.1,0,0,3,29.9,51.6,86.2,62.6,69.7,41.4,11.4,5,0,213,217,8.5,18,23
Jerome Baker,28091,LB,TEN,10,12,3.0,1,1,31,60.7,61.0,24.4,54.9,65.7,55.0,16.7,6,3,229,236,4.8,11,18
Neville Gallimore,28094,DI,LA,16,11,3.8,0,0,26,60.0,49.9,84.8,56.0,47.1,48.3,11.1,3,0,159,165,3.8,6,13
Tremon Smith,28196,CB,DEN,3,0,,0,0,10,36.9,41.8,81.1,,61.5,,,0,0,10,10,0.0,0,0
Troy Dye,28251,LB,LAC,11,9,3.4,0,0,27,53.5,65.6,81.2,56.7,77.3,67.9,4.9,2,0,144,147,9.0,13,30
Brenden Schooler,28253,S,NE,2,0,,0,0,19,57.2,67.2,78.7,82.3,61.2,79.5,,0,0,9,9,0.0,0,0
Kevin Givens,28308,DI,SF,8,2,1.3,0,0,28,60.0,49.6,48.9,68.2,38.4,44.8,14.3,1,1,74,77,5.4,4,4
Myles Adams,28430,DI,DET,7,1,4.7,0,0,11,59.3,59.3,80.0,61.5,56.2,45.8,20.0,1,0,35,37,5.7,2,3
Bilal Nichols,28451,DI,ARZ,6,3,2.4,0,0,1,60.0,39.6,46.4,54.1,39.8,43.6,11.1,1,1,86,88,3.5,3,5
DeShon Elliott,28854,S,PIT,16,18,5.5,1,1,25,63.3,71.1,65.1,63.7,83.9,90.6,1.7,1,2,342,352,5.3,18,41
Jack Jones,29050,CB,LV,17,9,5.7,3,0,23,52.9,53.9,45.5,80.2,58.6,39.1,22.6,7,7,382,396,1.8,7,15
David Long Jr.,29367,LB,DET,10,3,2.6,0,0,11,41.3,38.6,83.0,60.6,41.8,27.1,40.6,13,0,144,152,9.0,13,16
Germaine Pratt,29407,LB,CIN,17,15,4.1,1,1,7,53.4,60.6,70.7,54.5,70.1,47.6,9.1,7,2,427,431,6.6,28,55
Chris Board,29456,LB,BLT,11,6,5.0,0,0,3,66.4,65.5,82.1,63.2,58.6,66.6,0.0,0,0,74,76,1.4,1,4
Logan Wilson,29623,LB,CIN,11,21,3.9,0,1,7,57.0,72.4,85.8,55.8,90.0,66.0,3.8,2,0,292,297,6.2,18,29
Ty Summers,30242,LB,NYG,4,7,2.0,0,0,21,46.6,64.0,81.9,53.1,78.3,73.9,11.1,2,0,58,59,12.1,7,9
Andrew Van Ginkel,30267,ED,MIN,18,13,4.4,2,0,18,81.0,71.4,73.1,64.7,61.5,46.4,18.6,8,2,309,325,3.9,12,22
T.J. Edwards,30737,LB,CHI,17,23,2.6,0,0,6,56.9,60.7,85.8,67.5,60.5,74.9,7.0,5,0,457,467,6.6,30,43
George Odum,31342,S,SF,7,1,5.3,0,0,28,66.7,70.5,79.5,,69.8,57.0,16.7,1,0,41,43,4.9,2,4
Khalen Saunders,31534,DI,NO,13,7,4.2,0,0,20,65.7,54.7,70.9,60.6,49.2,58.3,8.8,3,1,223,227,5.8,13,24
Abdullah Anderson,32708,DI,TEN,3,0,,0,0,31,,62.4,77.6,56.4,64.0,,,0,0,18,18,0.0,0,0
Dane Jackson,32989,CB,CAR,9,5,1.7,0,0,5,36.4,33.8,81.0,40.8,38.4,27.1,27.3,3,1,86,90,2.3,2,3
Cam Gill,33560,ED,CAR,10,6,6.1,0,0,5,36.1,49.1,82.9,51.2,56.1,63.2,6.3,1,0,115,118,1.7,2,9
Robert Rochell,33693,CB,GB,1,0,,0,0,12,,60.0,64.5,,60.0,,,0,0,1,1,0.0,0,0
Eric Johnson,33698,DI,NE,10,7,2.7,0,0,19,62.3,54.2,83.1,58.3,50.4,61.5,6.7,1,0,105,109,2.9,3,7
Mike Hughes,34057,CB,ATL,15,5,5.8,0,0,2,71.4,71.9,86.3,52.4,68.2,46.2,23.1,6,1,255,265,2.7,7,15
Kendall Sheffield,34105,CB,NYJ,3,1,4.3,0,0,22,39.3,46.7,79.3,59.5,79.9,62.6,0.0,0,0,29,29,6.9,2,4
Kris Boyd,34222,CB,HST,2,0,6.0,0,0,13,29.5,30.7,75.9,,52.5,24.3,0.0,0,0,24,24,4.2,1,1
Darnell Savage,34247,S,JAX,13,3,8.8,0,0,15,41.5,46.9,83.6,51.8,62.0,61.1,16.1,5,1,298,307,2.3,7,23
Zayne Anderson,34622,S,GB,5,1,5.0,0,0,12,75.6,80.8,80.7,59.2,73.0,65.6,25.0,1,0,44,46,2.3,1,2
Zack Baun,34632,LB,PHI,20,28,3.5,0,2,24,90.9,90.1,58.7,74.4,79.4,61.2,11.1,12,2,392,402,11.2,44,68
Johnathan Abram,34646,S,NO,3,2,12.7,0,0,20,45.1,35.1,0.0,40.4,46.1,28.9,27.3,3,1,48,49,4.2,2,6
Akeem Davis-Gaither,34788,LB,CIN,17,11,4.0,1,0,7,57.5,59.0,53.4,63.5,60.6,50.2,9.3,4,3,193,195,7.8,15,28
Jamel Dean,34918,CB,TB,13,4,12.4,2,0,30,75.4,75.7,88.0,55.8,69.3,67.9,10.0,1,4,222,227,0.5,1,5
Josh Butler,35097,CB,DAL,4,4,7.0,0,0,9,47.9,49.9,80.5,63.6,58.0,70.2,0.0,0,1,56,57,0.0,0,1
Trevis Gipson,35241,ED,SEA,4,0,,0,0,29,29.1,33.1,0.0,53.5,57.1,21.5,,0,1,16,17,0.0,0,0
Blake Cashman,35413,LB,MIN,15,20,2.9,0,0,18,62.1,72.0,46.2,72.0,76.3,71.7,8.2,5,2,291,306,7.6,22,36
Darrell Taylor,36001,ED,CHI,16,3,4.3,0,0,6,53.1,59.1,37.9,70.5,48.9,64.2,8.0,2,3,134,134,9.0,12,20
T.J. Smith,36851,DI,CAR,3,1,4.0,0,0,5,,47.1,78.4,55.2,44.7,68.7,0.0,0,0,20,21,0.0,0,1
Shy Tuttle,37279,DI,CAR,15,11,4.3,0,0,5,97.6,42.7,77.0,51.4,33.5,36.5,10.9,5,1,361,372,3.6,13,30
Quinton Bell,37468,ED,MIA,14,5,1.5,0,0,17,49.0,64.8,59.6,65.9,69.0,58.0,10.0,2,1,128,131,8.6,11,13
Troy Reeder,38268,LB,LA,6,7,4.1,0,0,26,55.9,57.9,80.8,50.2,61.7,62.0,18.5,5,0,177,183,5.1,9,15
Camryn Bynum,38408,S,MIN,18,13,8.2,0,0,18,58.6,61.6,91.0,50.7,67.8,72.5,17.1,7,0,311,324,1.6,5,21
Cameron Goode,38410,ED,MIA,1,0,,0,0,17,62.0,55.6,73.5,52.2,60.0,,,0,0,1,1,0.0,0,0
Casey Toohill,38472,ED,BUF,14,4,2.2,0,0,4,71.5,51.1,87.4,53.0,47.2,53.3,13.3,2,0,125,130,5.6,7,9
Matthew Adams,38526,LB,NYG,1,0,,0,0,21,60.7,52.3,63.6,39.4,60.0,25.6,,0,0,1,1,0.0,0,0
Folorunso Fatukasi,38558,DI,HST,13,5,1.4,0,0,13,65.7,35.6,17.3,56.9,33.9,50.7,4.0,1,4,182,186,8.2,15,19
Maurice Hurst,38563,DI,CLV,8,5,2.6,0,0,8,55.4,45.3,45.6,53.7,50.8,63.0,0.0,0,1,88,91,6.8,6,11
Eric Wilson,38587,LB,GB,18,12,3.3,0,0,12,59.1,64.3,85.9,71.0,64.7,51.8,11.8,4,0,238,248,5.0,12,18
Joe Giles-Harris,39382,LB,JAX,2,1,,0,0,15,50.6,73.7,71.4,60.0,77.2,75.9,0.0,0,0,8,8,0.0,0,0
Devin Duvernay,40006,WR,JAX,1,0,,0,0,15,,60.0,60.0,,60.0,,,0,0,1,1,0.0,0,0
Tershawn Wharton,40292,DI,KC,19,9,2.5,0,0,16,47.3,60.8,78.9,71.9,48.3,28.9,15.6,5,1,244,251,6.1,15,18
Chazz Surratt,40313,LB,NYJ,12,3,1.6,0,0,22,76.7,72.7,75.9,64.9,62.1,71.2,7.7,1,0,71,75,9.9,7,9
L'Jarius Sneed,40588,CB,TEN,5,0,10.8,1,0,31,36.8,36.3,0.0,42.4,57.7,45.9,20.0,2,4,127,132,3.9,5,8
Reggie Gilliam,40951,FB,BUF,1,0,2.0,0,0,4,,62.2,60.1,60.0,60.0,70.6,0.0,0,2,1,1,0.0,0,1
Alohi Gilman,41662,S,LAC,12,7,10.1,0,0,27,64.5,64.3,33.2,61.7,66.5,60.3,20.7,6,3,243,251,2.1,5,16
Trevon Diggs,41817,CB,DAL,11,1,6.2,3,0,9,60.3,56.6,29.7,60.0,43.9,34.5,21.1,4,5,284,294,1.4,4,14
Jalen Virgil,41991,WR,BUF,1,0,,0,0,4,,60.0,60.0,,60.0,,,0,0,1,1,0.0,0,0
Ed Oliver,42200,DI,BUF,17,9,1.4,0,0,4,74.3,72.6,77.1,78.6,50.4,31.4,21.2,7,1,248,254,5.2,13,17
Divine Deablo,42208,LB,LV,14,8,3.7,1,0,23,53.2,56.8,64.0,66.6,58.7,55.0,19.4,7,1,300,309,5.0,15,21
Bryce Hall,42313,CB,TB,1,0,,0,0,30,43.1,45.2,72.1,,60.0,,,0,0,6,6,0.0,0,0
Janarius Robinson,42447,ED,LV,8,0,2.3,0,0,23,63.4,42.6,4.8,52.3,48.2,53.5,25.0,1,2,36,36,8.3,3,3
Amen Ogbongbemiga,42449,LB,CHI,2,0,,0,0,6,63.1,70.9,72.3,75.4,60.0,76.0,,0,0,2,2,0.0,0,0
Isaiah Simmons,42451,LB,NYG,10,0,7.6,0,1,21,43.6,45.6,81.1,52.9,61.5,49.0,16.7,1,0,36,37,8.3,3,5
K'Von Wallace,42467,S,SEA,9,0,7.7,0,0,29,41.8,38.1,79.4,60.0,48.1,33.9,14.3,1,0,68,72,1.5,1,6
Antoine Winfield Jr.,42475,S,TB,10,11,10.7,0,0,30,50.8,57.8,0.0,81.0,73.3,74.5,10.3,3,3,213,219,1.9,4,15
Tomon Fox,42486,ED,NYG,10,6,1.0,0,0,21,49.2,62.4,86.6,60.6,63.9,29.0,16.7,2,0,107,110,2.8,3,4
Rashad Weaver,42495,ED,HST,1,0,,0,0,13,,37.6,76.3,66.9,35.9,24.2,100.0,1,0,9,9,0.0,0,0
Shemar Jean-Charles,42496,CB,NO,4,2,6.0,0,0,20,62.8,59.5,80.5,,45.6,64.4,25.0,1,0,59,61,0.0,0,1
Keir Thomas,42509,ED,LA,3,2,2.7,0,0,26,63.8,52.8,6.7,67.9,48.3,57.1,16.7,1,1,30,31,6.7,2,3
Daniel Thomas,42544,S,JAX,4,0,,0,0,15,60.7,54.3,0.0,58.4,60.5,44.7,,0,1,6,6,0.0,0,0
Krys Barnes,42548,LB,ARZ,14,5,2.6,0,0,1,58.0,63.1,6.8,63.1,71.8,71.6,5.9,1,1,74,74,9.5,7,11
Nazeeh Johnson,42553,CB,KC,16,7,3.8,1,0,16,52.8,54.0,85.9,64.1,55.6,70.8,16.0,4,2,179,181,4.5,8,14
Justin Strnad,42659,LB,DEN,15,6,3.8,1,0,10,50.4,49.9,30.4,67.0,50.5,44.7,10.9,5,4,232,238,8.2,19,35
Chauncey Golston,42718,ED,DAL,17,12,3.3,0,0,9,68.9,65.3,90.9,60.7,56.8,40.1,14.6,7,0,309,321,6.8,21,29
Nick Bosa,42741,ED,SF,14,7,2.1,1,0,28,73.6,91.1,64.5,89.3,79.9,43.7,13.5,5,4,260,267,6.9,18,25
Osa Odighizuwa,42754,DI,DAL,17,5,3.1,0,0,9,61.6,68.1,71.0,78.5,50.8,47.0,8.1,3,2,327,336,6.1,20,29
Curtis Robinson,42871,LB,SF,1,0,,0,0,28,,61.6,60.1,,60.0,,,0,0,1,1,0.0,0,0
Avery Williams,42873,HB,ATL,1,0,,0,0,2,76.6,75.1,60.0,,60.0,,,0,0,1,1,0.0,0,0
Troy Pride Jr.,42883,CB,DAL,2,0,,0,0,9,62.4,64.6,76.7,,69.9,36.7,,0,0,16,16,0.0,0,0
Kristian Fulton,42894,CB,LAC,16,1,4.2,4,0,27,66.6,68.9,87.4,60.0,73.1,64.0,21.4,3,9,320,325,1.9,6,10
Rashan Gary,42905,ED,GB,18,11,2.0,0,0,12,47.0,73.0,80.8,66.7,72.8,62.4,4.8,2,1,226,236,10.2,23,29
Khalid Kareem,42993,ED,ATL,2,2,3.7,0,0,2,60.4,79.1,76.5,72.3,72.7,75.0,0.0,0,0,17,18,11.8,2,3
Jonathon Cooper,43021,ED,DEN,18,8,2.3,0,0,10,54.6,68.0,64.0,66.2,69.6,45.2,12.2,5,3,303,309,7.9,24,28
Charvarius Ward,43034,CB,SF,12,6,4.7,0,0,28,58.2,56.2,85.5,43.6,48.4,70.1,11.5,3,3,298,305,2.7,8,17
Brandon Jones,43049,S,DEN,17,17,8.9,0,0,10,89.6,84.2,42.4,67.7,72.4,75.5,13.8,8,3,344,353,2.6,9,33
Devin White,43089,LB,HST,6,4,6.4,0,0,13,62.4,57.0,76.5,37.7,58.4,46.4,13.3,2,0,66,66,4.5,3,9
Jeremy Chinn,43179,S,WAS,20,24,6.7,0,0,32,64.5,65.2,71.5,61.0,64.7,77.1,7.4,6,3,510,520,3.9,20,51
Mack Wilson Sr.,43190,LB,ARZ,16,13,4.1,0,0,1,56.8,63.8,73.4,61.4,68.5,60.7,18.4,9,1,323,329,5.0,16,27
Richie Grant,43196,S,ATL,5,1,6.5,0,0,2,42.5,37.7,0.0,56.9,49.2,38.5,25.0,1,1,36,37,0.0,0,2
Joe Bachie,43250,LB,CIN,8,0,0.0,0,0,7,59.9,63.7,81.5,54.2,69.2,48.1,0.0,0,0,12,13,8.3,1,1
Damar Hamlin,43291,S,BUF,17,11,8.5,2,0,4,41.5,52.7,88.8,60.9,72.2,76.1,14.5,9,4,410,422,2.4,10,42
Myles Bryant,43336,CB,HST,7,2,3.5,0,0,13,62.7,65.0,79.3,60.0,70.0,30.0,20.0,1,0,46,46,4.3,2,2
Josh Metellus,43395,S,MIN,18,17,5.0,0,1,18,52.2,65.2,86.2,70.9,83.1,87.0,5.2,3,1,306,320,5.6,17,38
Nick Niemann,43500,LB,LAC,3,2,5.7,0,0,27,64.3,71.9,75.7,,69.4,59.9,0.0,0,0,30,31,3.3,1,6
Alex Highsmith,43507,ED,PIT,12,8,3.3,0,0,25,80.0,89.0,10.3,89.2,78.3,75.1,5.3,2,7,229,237,7.9,18,28
Darrell Baker Jr.,43542,CB,TEN,14,3,5.5,0,0,31,62.8,65.5,86.6,60.0,72.7,47.0,10.0,1,1,253,260,0.8,2,6
Ben Stille,43555,DI,ARZ,6,1,0.0,0,0,1,,47.7,80.7,56.8,41.9,26.8,50.0,2,0,40,40,2.5,1,1
Sam Franklin Jr.,43580,S,CAR,1,0,,0,0,5,60.4,62.9,70.7,,60.0,,,0,0,1,1,0.0,0,0
Jake Hansen,43645,LB,HST,7,3,3.6,0,0,13,62.7,78.0,80.6,64.2,85.5,60.1,6.7,1,0,55,56,10.9,6,11
Levi Onwuzurike,43679,DI,DET,17,5,2.4,0,0,11,63.5,70.2,77.9,66.2,66.5,48.7,10.7,3,1,237,244,6.3,15,20
Jeffery Simmons,43742,DI,TEN,16,15,1.7,0,0,31,57.7,80.4,41.1,81.6,73.7,34.9,10.4,7,5,334,342,10.2,34,45
Elerson Smith,43766,ED,CLV,2,1,0.0,0,0,8,,46.3,77.4,56.0,48.3,29.7,33.3,1,0,15,16,6.7,1,1
Derrick Brown,43883,DI,CAR,1,1,2.0,0,0,5,60.8,47.7,78.7,51.4,48.1,26.7,33.3,1,0,33,35,3.0,1,1
Pat Jones II,43974,ED,MIN,15,6,1.9,0,0,18,48.2,55.8,87.3,50.7,69.4,50.3,11.5,3,0,109,112,13.8,15,17
Byron Murphy Jr.,44027,CB,MIN,18,6,9.6,1,0,18,73.5,73.4,88.5,50.6,67.1,43.2,14.3,3,4,357,372,1.7,6,12
Benito Jones,44035,DI,MIA,17,8,0.8,0,0,17,53.0,51.3,72.6,63.0,47.6,41.1,16.0,4,1,226,233,5.3,12,13
Adetokunbo Ogundeji,44047,ED,PIT,3,0,,0,0,25,61.3,60.9,77.1,59.2,59.3,,,0,0,5,5,0.0,0,0
Julian Okwara,44152,ED,ARZ,13,4,0.0,0,0,1,46.9,61.6,60.4,60.7,69.9,30.0,10.0,1,1,135,137,3.0,4,5
Quinnen Williams,44216,DI,NYJ,16,4,2.1,1,0,22,64.6,68.6,33.3,76.1,57.5,27.2,22.9,8,5,258,267,6.2,16,23
Nnamdi Madubuike,44304,DI,BLT,19,11,2.4,0,0,3,62.6,69.1,46.3,69.4,64.3,59.1,4.5,2,6,263,270,8.0,21,31
Boogie Basham,44320,ED,NYG,4,6,-0.5,0,0,21,60.0,73.7,28.0,66.1,75.8,76.4,0.0,0,1,46,47,4.3,2,2
Naquan Jones,44363,DI,ARZ,12,10,3.0,0,0,1,60.0,63.2,83.7,61.6,60.3,65.8,5.3,1,0,124,126,4.0,5,8
Isaiahh Loudermilk,44416,DI,PIT,17,4,2.9,0,0,25,54.7,59.3,83.5,55.2,63.9,44.9,9.1,2,0,120,122,9.2,11,16
Kyzir White,44485,LB,ARZ,17,30,4.3,0,0,1,32.0,48.8,87.0,49.4,73.0,70.0,6.2,5,0,387,396,6.2,24,46
Elijah Garcia,44498,DI,NYG,5,5,1.1,1,0,21,60.0,66.5,82.3,57.3,68.5,75.7,0.0,0,1,63,64,9.5,6,8
Trysten Hill,44519,DI,NE,2,0,,0,0,19,,30.5,72.3,51.9,37.5,,,0,0,4,5,0.0,0,0
Brian Burns,44522,ED,NYG,17,11,2.0,1,0,21,63.4,78.5,74.0,82.9,61.8,59.5,10.5,6,3,348,356,8.6,30,40
D.J. Wonnum,44550,ED,CAR,8,9,5.1,0,0,5,56.6,55.0,85.0,56.4,53.0,55.6,6.5,2,0,181,188,5.0,9,20
Raekwon Davis,44582,DI,IND,17,5,2.0,1,0,14,62.8,37.1,15.1,54.1,38.7,74.0,0.0,0,4,174,175,2.3,4,6
Jonah Williams,44597,DI,DET,10,1,-1.0,0,0,11,57.0,38.2,81.5,61.9,33.8,27.7,50.0,2,0,56,58,1.8,1,1
Leki Fotu,44614,DI,NYJ,2,2,4.0,0,0,22,,36.3,77.1,53.0,38.1,70.4,0.0,0,0,31,32,3.2,1,1
Luke Masterson,45046,LB,LV,4,4,3.5,0,0,23,29.8,46.7,79.1,61.5,77.1,28.5,11.1,1,0,40,41,5.0,2,4
Jordan Fuller,45326,S,CAR,9,13,8.8,0,0,5,47.0,53.8,85.9,51.3,68.5,69.6,15.0,6,0,280,291,2.1,6,21
Eyioma Uwazurike,45414,DI,DEN,4,6,1.3,0,0,10,,76.2,78.2,60.9,75.8,74.0,0.0,0,0,38,39,7.9,3,3
Brandon Stephens,45644,CB,BLT,19,2,5.0,0,0,3,49.4,54.0,89.4,92.9,66.6,57.0,16.7,2,7,339,347,1.5,5,8
Blake Lynch,47621,LB,KC,1,3,2.3,0,0,16,63.0,87.3,71.0,,82.6,80.4,0.0,0,0,21,21,9.5,2,3
Trent Sherfield,48021,WR,MIN,1,0,,0,0,18,,60.0,60.5,,60.0,,,0,1,1,1,0.0,0,0
Brandon Powell,48036,WR,MIN,2,0,,1,0,18,,60.7,60.0,,60.0,,,0,2,2,2,0.0,0,0
Da'Shawn Hand,48386,DI,MIA,17,7,2.2,1,1,17,59.5,60.5,62.5,58.6,61.8,59.9,6.7,2,2,231,242,6.9,16,21
Jalyn Holmes,48400,DI,WAS,19,7,2.1,0,0,32,41.2,49.3,87.4,52.6,51.7,55.9,13.0,3,0,177,183,6.2,11,13
Kentavius Street,48404,DI,ATL,13,2,1.4,1,0,2,74.5,61.5,62.3,57.4,60.4,50.8,6.7,1,2,108,116,6.5,7,12
Anthony Nelson,48405,ED,TB,18,9,4.3,0,1,30,58.1,56.6,90.0,61.0,46.5,64.6,7.7,2,0,199,205,3.0,6,15
Jonathan Greenard,48407,ED,MIN,18,7,1.7,2,0,18,66.9,81.1,71.0,80.5,68.5,29.9,20.0,9,4,306,319,7.5,23,29
Mike Danna,48415,ED,KC,16,14,2.8,0,0,16,64.4,59.2,80.8,55.8,57.6,79.1,0.0,0,1,228,235,4.8,11,23
Demone Harris,48452,ED,ATL,9,2,2.0,0,0,2,79.9,63.0,57.7,48.7,69.0,78.8,0.0,0,1,67,69,4.5,3,3
James Smith-Williams,48455,ED,ATL,10,3,-0.1,0,0,2,79.8,60.9,86.6,52.0,57.0,71.2,0.0,0,0,145,149,4.8,7,9
Sam Hubbard,48457,ED,CIN,14,10,3.4,0,0,7,57.3,58.9,89.5,47.6,67.7,61.0,0.0,0,0,237,240,6.8,16,26
Tyquan Lewis,48475,ED,IND,10,3,1.7,0,1,14,63.4,65.0,70.3,55.8,70.4,40.2,8.7,2,1,157,162,8.9,14,18
Carl Granderson,48500,ED,NO,17,11,2.2,0,0,20,87.8,79.7,73.7,70.3,73.3,33.6,17.0,9,2,274,280,9.9,27,33
Oshane Ximines,48538,ED,NE,2,0,8.0,0,0,19,61.0,66.4,73.4,58.8,64.5,69.9,0.0,0,0,2,2,0.0,0,1
Dorance Armstrong,48557,ED,WAS,19,6,2.2,0,1,32,66.0,65.3,62.2,78.0,41.4,28.7,22.2,8,3,273,281,6.6,18,22
Harold Landry III,48600,ED,TEN,17,11,1.3,0,0,31,74.7,70.5,84.7,49.6,82.2,74.3,4.7,2,1,355,366,7.3,26,30
Roy Lopez,48676,DI,ARZ,16,11,3.1,0,0,1,65.8,54.9,69.2,67.4,45.5,27.4,20.0,7,1,217,222,5.5,12,17
Harrison Phillips,48690,DI,MIN,18,24,3.4,0,0,18,67.1,58.3,88.0,60.7,52.7,65.6,2.0,1,0,311,324,5.5,17,26
Daron Payne,48698,DI,WAS,19,6,1.4,1,0,32,61.4,51.8,60.8,60.3,46.3,27.8,20.0,8,3,313,318,7.0,22,26
Greg Gaines,48706,DI,TB,16,8,1.7,0,0,30,59.2,56.0,52.8,50.0,65.8,28.5,15.4,4,2,142,148,7.0,10,14
Taven Bryan,48753,DI,IND,17,6,1.8,0,0,14,60.4,58.2,45.5,65.3,55.3,64.8,5.0,1,3,176,179,4.5,8,13
Bruce Hector,48759,DI,NYJ,6,5,-0.2,0,0,22,,62.0,81.1,53.5,64.1,73.8,0.0,0,0,69,70,5.8,4,5
L.J. Collier,48822,DI,ARZ,17,6,2.8,0,0,1,60.1,49.2,74.9,57.4,44.1,31.7,17.2,5,1,254,260,4.7,12,18
Eli Ankou,48856,DI,BUF,2,4,0.0,0,0,4,,47.7,76.7,53.7,49.9,71.0,0.0,0,0,23,23,4.3,1,1
Daniel Ekuale,48874,DI,NE,16,16,3.2,0,0,19,64.5,60.3,87.9,51.9,62.7,71.2,2.0,1,0,340,348,6.8,23,34
Poona Ford,48875,DI,LAC,18,14,1.8,0,0,27,68.6,85.3,87.9,70.0,80.3,45.1,8.1,3,0,261,266,5.7,15,20
Justin Jones,48940,DI,ARZ,3,2,5.7,0,0,1,,30.2,80.3,51.6,28.3,44.7,16.7,1,0,39,39,2.6,1,3
Vita Vea,48956,DI,TB,17,10,1.8,0,0,30,56.2,74.9,68.1,75.9,65.3,50.0,7.7,3,2,236,240,8.1,19,26
Tim Settle,48966,DI,HST,19,7,1.3,0,0,13,64.7,58.6,66.8,68.7,45.3,39.4,6.9,2,2,244,247,6.6,16,20
Khalil Davis,48988,DI,SF,12,4,1.5,0,0,28,60.0,54.9,82.7,52.8,56.8,42.9,9.1,1,0,91,94,4.4,4,6
Kendal Vickers,48993,DI,NO,1,0,3.0,0,0,20,,60.7,74.6,57.0,62.2,68.7,0.0,0,0,9,9,11.1,1,2
Nick Scott,49012,S,CAR,6,5,13.0,0,0,5,56.7,52.6,83.5,39.7,48.1,37.5,27.3,3,0,144,149,0.0,0,3
Justin Reid,49048,S,KC,19,9,5.6,0,0,16,76.5,78.2,70.3,58.0,83.5,80.8,15.4,8,4,411,424,4.4,18,35
Tre Flowers,49059,CB,IND,1,0,,0,0,14,46.5,43.3,71.2,53.0,60.0,27.0,,0,0,1,1,0.0,0,0
Khaleke Hudson,49073,LB,CLV,4,0,0.0,0,0,8,60.0,48.0,68.9,71.0,44.2,69.9,0.0,0,0,11,11,9.1,1,1
Jalen Thompson,49116,S,ARZ,15,17,12.5,0,0,1,64.2,68.8,84.9,58.4,76.2,83.5,9.6,5,1,370,378,1.4,5,30
Ryan Neal,49132,S,TB,1,1,4.0,0,0,30,65.6,72.3,73.6,55.3,73.6,78.9,0.0,0,0,3,3,0.0,0,1
Jessie Bates III,49162,S,ATL,17,13,5.9,0,2,2,81.4,80.2,62.9,51.6,80.4,61.2,18.4,9,1,402,414,2.2,9,27
Ezekiel Turner,49167,LB,DET,5,2,6.0,0,0,11,39.1,49.7,79.0,69.6,71.3,81.0,0.0,0,0,22,23,0.0,0,2
Elijah Campbell,49190,S,MIA,8,0,9.0,0,0,17,50.6,39.8,0.0,55.9,43.5,34.2,0.0,0,1,21,23,0.0,0,1
Jordan Whitehead,49196,S,TB,12,10,7.0,0,0,30,53.5,58.0,84.4,47.9,70.3,66.4,14.9,7,0,231,239,5.6,13,30
Ronnie Harrison,49206,S,IND,3,0,,0,0,14,,31.6,68.2,,44.8,22.3,100.0,1,0,2,3,0.0,0,0
Demetrius Flannigan-Fowles,49231,LB,SF,7,1,3.6,0,0,28,30.2,30.6,77.0,59.0,42.2,27.1,20.0,2,0,83,85,3.6,3,7
Andrew Wingard,49268,S,JAX,4,1,8.8,0,0,15,77.6,78.6,79.9,50.6,63.7,83.9,0.0,0,0,82,85,0.0,0,8
Carlton Davis III,49335,CB,DET,13,8,2.1,1,0,11,72.1,74.5,86.4,60.0,77.7,64.4,17.9,5,8,217,228,5.1,11,15
Kindle Vildor,49346,CB,DET,14,1,5.0,1,0,11,45.0,46.7,83.6,58.8,56.3,42.8,0.0,0,4,116,117,0.0,0,1
Jaire Alexander,49350,CB,GB,7,0,12.0,0,0,12,80.7,77.3,36.4,,57.8,39.4,25.0,1,2,126,129,0.8,1,3
Ugo Amadi,49352,CB,NO,10,3,3.5,2,0,20,50.0,55.2,85.6,68.4,66.6,60.4,8.7,2,2,175,179,4.6,8,18
Greg Stroman Jr.,49354,CB,NYG,4,0,5.0,0,0,21,59.4,63.1,81.6,78.7,62.8,50.6,16.7,1,0,54,55,7.4,4,5
Isaac Yiadom,49355,CB,SF,15,5,6.6,0,1,28,55.3,59.5,87.7,,76.1,64.5,13.6,3,2,164,168,3.7,6,14
Chris Lammons,49368,CB,IND,3,1,12.0,0,0,14,44.1,56.8,77.3,95.2,60.5,51.3,33.3,1,0,27,27,0.0,0,1
C.J. Gardner-Johnson,49371,S,PHI,20,11,5.0,0,0,24,85.7,77.0,51.3,,59.6,50.9,17.5,7,2,386,395,2.8,11,22
Jaylon Jones,49374,CB,CHI,3,1,,0,0,6,71.0,71.7,78.4,,66.4,82.5,0.0,0,0,19,20,0.0,0,0
Donte Jackson,49377,CB,PIT,16,2,4.3,2,0,25,45.1,49.5,63.3,,74.5,33.4,11.1,1,3,296,301,1.0,3,6
Cam Lewis,49395,S,BUF,16,7,5.2,0,0,4,68.9,66.0,84.9,60.2,52.1,37.7,15.0,3,1,171,180,4.1,7,10
M.J. Stewart,49397,S,HST,8,0,3.4,0,0,13,60.7,68.1,82.1,56.6,81.3,82.7,0.0,0,0,37,38,5.4,2,5
Donovan Wilson,49408,S,DAL,17,15,7.5,0,0,9,59.0,63.7,48.0,69.9,69.7,56.0,15.5,9,2,401,415,3.7,15,34
Julian Blackmon,49434,S,IND,16,11,10.0,0,0,14,73.5,69.3,88.7,69.4,55.1,60.3,17.6,9,0,446,457,1.8,8,31
Ka'dar Hollman,49446,CB,HST,3,0,11.5,0,0,13,57.0,55.9,79.4,,49.6,48.3,33.3,1,1,34,34,0.0,0,2
Taron Johnson,49511,CB,BUF,15,5,6.2,0,1,4,55.9,58.8,37.8,56.4,70.1,73.9,16.1,5,3,272,279,4.8,13,21
Nick McCloud,49535,CB,SF,9,5,0.5,0,0,28,46.2,51.1,80.5,78.2,60.8,48.8,22.2,2,0,94,97,2.1,2,2
Denzel Ward,49558,CB,CLV,16,5,7.7,2,0,8,68.9,68.4,86.2,54.1,61.1,38.6,13.0,3,4,308,314,2.3,7,15
Ashtyn Davis,49560,S,NYJ,12,6,7.7,0,0,22,67.8,71.1,80.0,50.4,73.4,70.7,6.3,1,1,99,101,3.0,3,9
Rock Ya-Sin,49564,CB,SF,3,0,4.0,0,0,28,50.3,44.2,0.0,,48.5,72.8,0.0,0,3,28,31,0.0,0,1
Duke Shelley,49569,CB,NYG,1,0,,0,0,21,59.9,60.2,71.7,,60.0,78.6,,0,0,1,1,0.0,0,0
Matt Dickerson,49601,DI,MIA,3,0,,0,0,17,,65.9,73.3,73.7,55.0,,,0,0,7,7,0.0,0,0
Zach Allen,49605,DI,DEN,17,14,1.3,0,0,10,60.7,64.9,55.5,73.6,50.5,40.9,14.5,8,4,346,354,7.8,27,33
Nick Thurman,49607,DI,CAR,9,9,3.9,0,0,5,,38.8,60.1,56.2,38.1,43.6,10.5,2,1,146,152,2.7,4,8
Genard Avery,49699,ED,IND,1,0,,0,0,14,,57.4,69.4,59.1,60.0,,,0,0,1,1,0.0,0,0
Quincy Williams,49779,LB,NYJ,17,12,2.1,0,1,22,61.0,68.0,82.7,56.8,74.3,60.8,11.7,9,2,465,483,8.8,41,56
Azeez Al-Shaair,49792,LB,HST,13,15,2.6,1,1,13,56.7,69.3,21.9,68.3,82.7,64.1,6.7,4,4,250,254,10.8,27,41
Zaire Franklin,49834,LB,IND,17,36,3.1,0,1,14,48.7,61.0,86.6,62.3,72.3,63.2,5.7,6,1,497,509,8.0,40,64
Christian Rozeboom,49862,LB,LA,18,34,3.5,0,0,26,51.2,53.5,66.0,51.0,58.6,64.1,9.7,9,1,402,413,7.2,29,50
B.J. Hill,49894,DI,CIN,15,12,2.3,0,0,7,63.3,70.2,67.7,64.2,69.2,40.8,5.9,3,2,269,273,9.3,25,36
Sebastian Joseph-Day,49935,DI,TEN,17,11,2.1,0,0,31,60.7,70.2,74.5,52.3,77.7,38.7,14.6,7,1,251,258,10.4,26,30
Jerry Tillery,49949,DI,MIN,18,7,2.5,0,1,18,54.3,50.2,71.5,54.0,52.1,53.5,7.7,2,1,216,225,4.6,10,17
Derrick Nnadi,49970,DI,KC,20,6,3.7,0,0,16,57.7,40.8,61.0,45.9,45.7,30.1,11.1,2,1,162,167,3.1,5,10
Broderick Washington,50049,DI,BLT,17,4,2.1,0,1,3,61.4,51.9,73.1,56.5,48.6,35.4,9.5,2,1,190,196,7.4,14,15
Uchenna Nwosu,50084,ED,SEA,6,3,1.8,0,0,29,47.8,63.0,82.9,56.9,72.9,43.4,25.0,3,0,61,62,8.2,5,6
John Franklin-Myers,50088,DI,DEN,18,13,0.9,0,0,10,68.8,78.3,74.5,82.9,52.5,35.1,15.2,5,1,176,178,6.8,12,15
Josh Sweat,50120,ED,PHI,20,8,3.6,0,0,24,55.9,70.3,79.7,67.1,67.8,69.0,2.7,1,1,227,231,7.9,18,28
Lorenzo Carter,50126,ED,ATL,13,7,3.0,0,1,2,40.3,43.7,50.6,47.3,55.0,61.2,9.5,2,2,182,190,4.9,9,12
Ogbo Okoronkwo,50130,ED,CLV,16,0,0.7,0,0,8,39.3,45.3,49.1,55.4,48.1,26.3,31.3,5,3,175,179,5.7,10,11
Jacob Martin,50152,ED,CHI,11,2,3.9,0,0,6,52.8,63.5,85.9,67.0,54.9,47.3,15.4,2,0,86,88,9.3,8,9
Malcolm Roach,50191,DI,DEN,18,13,1.8,0,0,10,61.2,60.9,73.5,62.6,56.6,41.3,7.5,3,1,222,230,9.9,22,24
Arden Key,50201,ED,TEN,16,11,1.4,0,0,31,62.1,69.7,48.5,67.7,69.0,42.0,14.7,5,6,292,301,4.8,14,18
Oren Burks,50203,LB,PHI,11,8,3.5,0,0,24,82.4,86.0,82.0,72.3,77.1,42.7,16.2,6,0,118,119,11.9,14,23
Rashaan Evans,50213,LB,ATL,1,0,,0,0,2,,59.1,64.1,,59.9,,,0,0,1,1,0.0,0,0
Josh Hines-Allen,50235,ED,JAX,16,8,2.5,0,0,15,65.1,82.7,50.9,83.4,70.1,61.6,8.6,3,5,304,313,4.9,15,24
Marquis Haynes Sr.,50244,ED,CAR,2,1,6.7,0,0,5,61.4,42.7,0.0,46.9,58.4,75.4,0.0,0,1,16,16,0.0,0,3
Marcus Davenport,50291,ED,DET,2,1,1.0,0,0,11,60.3,53.1,0.0,64.4,53.4,74.4,0.0,0,2,24,27,4.2,1,1
Christian Wilkins,50293,DI,LV,5,3,3.8,0,0,23,53.0,74.7,84.0,66.9,80.2,46.2,11.8,2,0,85,88,8.2,7,12
Isaiah Oliver,50393,S,NYJ,17,5,5.3,1,0,22,61.8,65.1,84.2,59.0,71.6,73.0,13.0,3,2,205,211,2.4,5,15
Jeremy Reaves,50406,S,WAS,1,0,,0,0,32,54.1,48.4,65.0,60.0,60.5,26.1,,0,0,3,3,0.0,0,0
Juan Thornhill,50426,S,CLV,11,8,11.2,0,0,8,64.5,65.5,81.3,66.9,61.7,45.0,22.9,8,0,146,151,2.1,3,19
Jalen Davis,50431,CB,CIN,1,0,,0,0,7,50.8,50.4,75.9,48.9,62.3,80.8,,0,0,11,11,0.0,0,0
Mike Jackson,50437,CB,CAR,17,5,6.2,0,0,5,67.1,67.2,89.1,60.0,61.3,59.2,20.0,5,5,545,565,0.7,4,15
Amani Oruwariye,50533,CB,DAL,6,1,3.0,1,0,9,63.9,60.0,25.1,,47.4,64.8,14.3,1,2,103,103,2.9,3,5
Mike Ford,50535,CB,CLV,6,0,8.0,0,0,8,28.8,29.5,76.6,,53.2,26.4,0.0,0,0,25,27,4.0,1,4
Avonte Maddox,50543,CB,PHI,14,3,8.0,0,0,24,62.9,61.9,32.5,71.9,58.5,75.7,0.0,0,4,126,130,0.0,0,2
Byron Cowart,50588,DI,CHI,15,7,1.8,0,0,6,58.7,58.9,65.4,60.7,60.1,30.4,14.3,4,2,175,178,8.0,14,17
Charles Omenihu,50612,ED,KC,9,4,1.2,0,0,16,70.0,61.3,52.2,57.8,64.1,29.6,23.5,4,2,115,119,6.1,7,9
Luke Gifford,50675,LB,TEN,5,5,3.9,0,0,31,66.7,60.2,80.0,55.1,52.2,73.5,9.5,2,0,89,91,10.1,9,14
Josey Jewell,50720,LB,CAR,12,22,2.8,0,0,5,60.0,56.5,84.4,59.7,52.2,59.4,14.5,11,0,353,367,7.6,27,43
Cody Barton,50727,LB,DEN,18,33,3.6,1,0,10,53.9,64.3,67.7,61.3,76.9,87.0,2.9,2,2,379,388,4.7,18,33
Jordyn Brooks,50851,LB,MIA,17,13,3.4,0,0,17,55.1,71.3,86.2,77.5,83.0,63.6,9.1,7,1,374,391,9.9,37,57
Roquan Smith,50892,LB,BLT,18,38,3.1,0,0,3,62.6,66.8,68.1,63.4,69.7,82.6,7.2,7,1,345,354,9.3,32,52
Tremaine Edmunds,50905,LB,CHI,17,20,4.5,0,0,6,56.3,59.2,87.1,52.6,62.6,70.7,12.7,9,0,457,467,4.6,21,42
Robert Spillane,50918,LB,LV,17,34,4.1,0,0,23,48.8,68.4,68.6,67.4,87.3,83.4,3.9,4,1,412,426,8.3,34,64
Bobby Okereke,50954,LB,NYG,12,17,3.3,0,2,21,68.2,74.9,84.3,83.2,71.8,65.8,14.5,9,0,304,313,7.2,22,36
Ja'Whaun Bentley,50966,LB,NE,2,0,2.0,0,0,19,60.1,47.0,74.6,62.3,28.7,81.7,0.0,0,0,15,15,0.0,0,1
Frankie Luvu,51028,LB,WAS,20,13,2.9,0,0,32,58.5,64.2,40.5,73.3,61.7,49.8,19.7,14,5,523,533,5.7,30,44
Tyrel Dodson,51045,LB,MIA,14,15,2.9,0,1,17,82.9,67.3,63.0,56.4,47.0,66.0,12.3,7,1,325,341,7.1,23,35
Jahlani Tavai,51055,LB,NE,17,28,4.3,0,0,19,42.7,54.7,71.9,65.8,63.7,63.6,6.6,5,3,439,450,4.3,19,43
Julian Love,51081,S,SEA,17,17,7.4,0,2,29,77.4,82.2,90.0,54.4,89.5,84.6,8.8,6,0,382,408,4.2,16,45
Ben Niemann,51099,LB,DET,11,5,3.2,0,0,11,46.4,55.2,82.9,57.6,65.1,85.7,0.0,0,0,75,81,9.3,7,9
Marcelino McCrary-Ball,51112,LB,NYJ,2,0,,0,0,22,60.0,75.4,64.7,,60.6,,,0,0,2,2,0.0,0,0
Taylor Rapp,51172,S,BUF,16,10,7.9,0,1,4,43.2,57.7,87.3,61.5,86.0,90.6,6.0,3,1,312,323,3.5,11,37
P.J. Locke,51189,S,DEN,16,6,7.0,0,0,10,50.7,51.2,71.3,57.2,50.4,59.3,22.9,8,1,352,361,2.3,8,21
Andre Chachere,51194,S,ARZ,1,0,,0,0,1,,60.0,65.7,,60.0,,,0,0,3,3,0.0,0,0
Minkah Fitzpatrick,51206,S,PIT,18,14,9.7,1,0,25,64.9,65.2,48.5,51.5,69.5,78.6,15.9,7,3,438,449,1.1,5,23
Fred Warner,51222,LB,SF,17,25,3.2,0,0,28,88.4,89.2,66.6,63.4,82.1,61.5,10.7,9,1,421,432,7.8,33,50
Drue Tranquill,51276,LB,KC,19,31,2.8,2,0,16,60.0,66.5,68.7,69.7,67.5,60.6,14.6,12,3,397,410,6.3,25,39
Mike Edwards,51282,S,TB,7,4,5.4,0,0,30,63.3,70.1,82.2,49.7,87.3,89.1,0.0,0,0,71,71,2.8,2,5
Kristian Welch,51283,LB,BLT,9,0,1.8,0,0,3,44.0,46.0,72.8,,54.0,65.1,16.7,1,0,38,41,7.9,3,5
Terrell Edmunds,51334,S,PIT,6,0,5.0,0,0,25,68.4,71.6,78.4,54.5,72.3,81.2,0.0,0,0,10,10,20.0,2,2
Will Harris,51336,S,NO,13,10,6.8,0,0,20,60.1,61.5,67.8,61.3,63.1,60.0,9.3,4,1,309,322,2.3,7,29
Derwin James Jr.,51368,S,LAC,17,11,5.1,0,0,27,76.3,80.8,18.0,75.2,87.9,78.9,4.0,2,5,376,385,4.0,15,37
Amani Hooker,51378,S,TEN,14,8,6.0,0,0,31,70.3,68.0,84.0,64.5,58.4,65.2,12.5,6,2,357,368,3.9,14,34
Marcus Epps,51391,S,LV,3,3,4.6,0,0,23,44.0,46.9,79.6,70.8,63.5,32.2,11.1,1,0,67,69,4.5,3,5
Roderic Teamer,51405,S,NO,1,0,,0,0,20,,59.9,60.0,,60.0,,,0,0,1,1,0.0,0,0
Jaylinn Hawkins,51423,S,NE,16,8,10.2,0,0,19,56.3,60.1,84.9,47.9,69.3,61.5,13.8,4,0,248,257,1.2,3,17
Kaden Elliss,51485,LB,ATL,17,24,4.6,0,0,2,58.8,71.1,90.0,81.4,70.3,59.4,12.9,11,0,406,419,6.7,27,50
J.T. Gray,51495,S,NO,2,0,36.0,0,0,20,43.5,37.6,77.0,60.0,55.3,28.5,0.0,0,0,10,10,0.0,0,1
Dre Greenlaw,51503,LB,SF,2,2,2.4,0,0,28,63.5,82.0,72.6,,85.0,81.4,0.0,0,0,18,18,16.7,3,5
Kenny Moore II,51596,CB,IND,15,9,2.8,0,0,14,67.3,70.1,86.4,64.3,71.8,37.4,16.7,6,1,445,455,3.4,15,21
Nicholas Morrow,51674,LB,PHI,5,0,0.5,0,0,24,35.4,51.7,73.3,60.0,75.6,77.9,0.0,0,0,23,23,8.7,2,2
Khyiris Tonga,52000,DI,ARZ,13,9,2.0,0,0,1,60.0,60.0,82.8,61.4,57.1,45.5,13.0,3,0,130,131,6.9,9,11
Claudin Cherelus,52094,LB,CAR,5,3,4.5,0,0,5,61.1,63.3,78.0,71.9,60.8,36.1,17.6,3,0,82,84,6.1,5,11
Paulson Adebo,52280,CB,NO,7,4,7.7,2,0,20,63.9,63.3,84.5,91.5,47.6,66.2,14.3,3,9,147,153,1.4,2,14
Ivan Pace Jr.,53587,LB,MIN,12,17,2.3,0,0,18,29.3,63.0,14.1,83.9,87.0,44.8,7.5,4,2,187,195,15.0,28,32
Carrington Valentine,53750,CB,GB,14,6,6.4,1,0,12,71.4,65.5,56.2,56.2,40.5,39.9,35.3,6,2,222,234,1.4,3,5
C.J. Brewer,54409,DI,TB,8,2,3.7,0,0,30,55.1,42.9,44.6,56.3,44.2,28.2,20.0,2,1,55,55,5.5,3,6
Tarron Jackson,54410,ED,CAR,2,0,,0,0,5,60.0,41.2,75.7,53.9,39.8,21.3,100.0,1,0,11,11,0.0,0,0
Benton Whitley,54444,ED,ARZ,1,0,,0,0,1,,57.9,67.7,59.1,60.0,,,0,0,1,1,0.0,0,0
Darrick Forrest,55087,S,WAS,4,2,8.3,0,0,32,62.8,66.2,77.3,51.0,71.3,60.6,0.0,0,0,31,31,0.0,0,3
Coby Bryant,55088,S,SEA,14,2,8.4,0,2,29,68.0,72.8,89.9,70.6,79.5,74.9,8.0,2,0,264,285,1.9,5,21
Boye Mafe,55220,ED,SEA,15,6,5.8,0,0,29,67.3,75.1,75.2,65.6,77.8,66.0,3.8,1,1,190,202,4.7,9,19
Esezi Otomewo,55221,DI,JAX,4,1,1.0,0,0,15,59.8,46.6,80.0,71.5,29.8,70.9,0.0,0,0,32,35,3.1,1,1
Mark Robinson,55265,LB,PIT,3,0,0.0,0,0,25,64.0,71.2,68.6,56.2,71.1,71.4,0.0,0,0,6,7,16.7,1,1
Kalia Davis,55389,DI,SF,13,5,4.0,0,0,28,67.0,47.5,59.8,56.6,42.5,46.0,8.3,1,1,139,141,2.9,4,6
Ja'Sir Taylor,55426,CB,LAC,12,0,1.0,0,0,27,57.7,56.7,33.4,48.1,62.9,39.5,0.0,0,2,69,69,2.9,2,2
Elijah Hicks,55584,S,CHI,7,8,10.5,0,0,6,64.0,71.8,87.4,60.0,81.6,81.7,4.5,1,1,147,149,0.0,0,13
A.J. Terrell,55586,CB,ATL,17,6,10.6,0,0,2,68.6,68.5,88.9,57.7,61.6,38.0,22.2,6,2,400,413,1.0,4,15
Josh Blackwell,55589,CB,CHI,3,0,,0,0,6,61.2,58.1,78.0,54.5,45.3,43.2,,0,0,21,21,0.0,0,0
Marco Wilson,55592,CB,CIN,12,0,9.0,0,0,7,43.7,43.5,83.0,,45.1,49.3,50.0,1,4,79,81,0.0,0,1
Lonnie Johnson Jr.,55615,S,CAR,1,0,46.0,0,0,5,46.5,50.0,93.1,,65.1,73.0,0.0,0,0,5,5,0.0,0,1
Amik Robertson,55619,CB,DET,17,1,3.0,2,1,11,60.7,63.3,55.4,50.1,89.7,60.1,27.3,3,4,120,124,5.0,6,7
Russ Yeast,55629,S,HST,1,0,,0,0,13,30.4,28.4,74.7,,60.0,77.2,,0,0,7,7,0.0,0,0
Jeff Okudah,55674,CB,HST,4,0,,0,0,13,29.3,31.0,82.1,,66.0,46.8,,0,0,26,27,0.0,0,0
Tre Brown,55677,CB,SEA,9,2,3.6,0,0,29,53.5,53.5,0.0,56.2,71.7,69.1,10.0,1,4,95,96,3.2,3,7
Deommodore Lenoir,55686,CB,SF,15,7,3.7,5,1,28,70.8,66.5,5.9,43.1,64.7,59.6,7.9,3,7,380,388,4.2,16,28
Marcus Jones,55717,CB,NE,14,1,5.0,2,0,19,67.1,70.2,52.9,45.0,88.2,82.7,7.7,1,5,184,188,3.3,6,11
Darious Williams,55724,CB,LA,14,6,2.1,1,0,26,59.8,59.0,64.1,59.3,54.6,54.7,12.5,2,2,312,320,1.9,6,8
Ja'Marcus Ingram,55738,CB,BUF,11,2,2.3,0,0,4,48.7,53.9,17.5,92.0,68.2,44.2,37.5,3,3,57,57,5.3,3,3
Faion Hicks,55748,CB,SEA,2,0,8.5,0,0,29,60.0,68.9,69.3,,67.1,74.9,0.0,0,0,13,13,0.0,0,2
Xavier McKinney,55775,S,GB,18,9,9.5,0,0,12,90.2,84.7,47.1,72.5,67.0,86.3,4.9,2,2,415,432,1.7,7,30
Montaric Brown,55797,CB,JAX,17,5,4.0,0,0,15,61.5,62.2,63.8,,64.0,70.9,16.7,4,6,324,336,3.4,11,15
Kamren Curl,55800,S,LA,18,10,6.4,0,0,26,62.1,67.3,90.9,81.7,68.5,65.0,17.0,8,2,437,449,2.1,9,29
Arron Mosby,55908,ED,GB,10,0,3.4,0,0,12,75.8,62.5,83.6,49.6,67.7,46.7,0.0,0,0,48,52,6.3,3,7
Eric Stokes,55912,CB,GB,16,2,7.3,0,0,12,62.4,61.3,86.1,,50.8,76.6,0.0,0,1,183,190,0.5,1,4
Ameer Speed,55918,CB,CHI,1,0,,0,0,6,61.5,63.3,66.0,,60.0,,,0,0,1,1,0.0,0,0
Grant Stuard,55933,LB,IND,9,9,5.4,0,0,14,65.3,69.4,75.2,54.6,70.1,64.0,0.0,0,0,121,126,5.0,6,10
Bryan Cook,55940,S,KC,20,10,8.5,0,0,16,51.8,59.6,89.6,55.1,77.0,85.9,7.7,3,0,373,385,1.9,7,26
Nate Hobbs,55948,CB,LV,11,1,11.6,0,0,23,61.5,61.4,83.9,48.5,62.1,37.6,19.0,4,0,203,213,3.9,8,16
Tony Adams,55953,S,NYJ,14,13,6.4,0,0,22,67.5,66.4,84.3,64.7,59.4,57.1,18.0,9,4,304,314,3.6,11,28
Raheem Layne,55960,S,NYG,1,0,4.0,0,0,21,65.0,67.9,73.8,,62.2,80.1,0.0,0,0,11,11,9.1,1,1
Geno Stone,55967,S,CIN,17,9,11.4,0,0,7,53.7,53.1,90.9,63.4,45.5,49.2,22.7,10,0,416,420,1.0,4,25
Markquese Bell,56033,S,DAL,8,0,5.0,0,0,9,63.2,51.6,0.0,,57.4,41.6,25.0,1,1,28,28,7.1,2,3
Mike Brown,56054,S,TEN,10,7,7.4,0,0,31,67.6,69.2,86.3,57.9,65.5,82.8,6.3,1,1,164,168,1.2,2,8
Benjamin St-Juste,56061,CB,WAS,19,5,10.3,1,1,32,46.5,47.7,41.4,,57.7,67.0,11.5,3,9,360,366,1.7,6,18
Reed Blankenship,56065,S,PHI,19,12,7.2,0,0,24,69.1,69.5,67.0,,71.6,54.8,18.0,9,3,355,364,3.1,11,29
Ty Okada,56089,S,SEA,3,0,7.0,0,0,29,59.6,54.8,73.5,,51.2,28.6,50.0,1,0,11,11,0.0,0,1
Nephi Sewell,56107,LB,NO,1,2,4.3,0,0,20,70.0,78.1,75.0,71.5,72.6,67.4,0.0,0,0,23,26,4.3,1,3
Damarri Mathis,56143,CB,DEN,7,0,16.0,0,0,10,63.2,64.9,81.3,,68.2,75.2,0.0,0,1,34,34,0.0,0,1
Jason Pinnock,56144,S,NYG,16,5,12.5,1,0,21,45.5,54.5,90.3,92.3,59.5,48.8,14.6,6,2,399,407,1.8,7,30
DaRon Bland,56158,CB,DAL,7,1,9.0,1,0,9,71.4,70.1,85.4,,55.1,78.2,11.1,1,2,142,146,0.0,0,7
Marte Mapu,56159,S,NE,10,13,4.4,0,1,19,62.7,63.4,84.5,81.2,57.7,45.9,18.5,5,0,214,217,2.3,5,9
Keisean Nixon,56167,CB,GB,18,6,5.5,0,0,12,60.7,64.1,48.5,92.7,65.8,71.7,14.8,4,9,382,400,1.8,7,17
Ifeatu Melifonwu,56203,S,DET,4,1,5.7,1,0,11,58.4,54.5,2.8,60.5,51.1,52.9,20.0,1,1,41,41,2.4,1,3
Christian Braswell,56207,CB,JAX,2,0,,0,0,15,74.9,71.4,74.0,,51.6,84.2,,0,0,12,12,0.0,0,0
Quentin Lake,56245,S,LA,19,16,6.3,2,0,26,59.2,65.3,52.4,64.7,80.3,69.0,8.5,5,8,474,486,2.5,12,38
Darnay Holmes,56247,CB,LV,9,5,4.0,0,0,23,49.5,54.1,82.2,61.4,70.7,56.0,0.0,0,2,73,75,2.7,2,4
Jaylon Johnson,56259,CB,CHI,17,2,5.1,0,1,6,74.2,76.2,69.1,,79.9,46.7,11.1,2,3,446,456,1.8,8,14
Keith Taylor Jr.,56289,CB,KC,5,0,3.5,0,0,16,62.2,62.7,78.7,,61.5,77.8,0.0,0,0,34,35,2.9,1,2
Elijah Molden,56290,S,LAC,15,16,5.1,0,0,27,74.1,74.6,88.5,55.2,71.5,78.5,8.8,3,0,251,259,2.8,7,15
Devon Key,56307,S,DEN,10,6,5.8,0,0,10,56.5,63.1,16.4,68.3,83.8,83.5,0.0,0,1,94,96,1.1,1,4
Jose Ramirez,56323,ED,TB,2,0,,0,0,30,60.0,41.5,0.0,55.6,52.1,,,0,1,5,5,0.0,0,0
Victor Dimukeje,56347,ED,ARZ,10,2,0.7,0,0,1,86.5,75.1,82.2,75.8,53.2,42.9,16.7,1,0,74,75,2.7,2,3
Zach Carter,56349,DI,LV,12,7,2.7,0,0,23,60.0,49.2,83.5,48.9,51.8,66.2,4.8,1,0,125,127,8.0,10,13
A.J. Epenesa,56369,ED,BUF,20,8,1.1,1,0,4,62.2,56.5,54.1,54.2,61.6,44.0,15.0,6,4,284,295,8.1,23,26
Andre Jones Jr.,56395,ED,WAS,2,0,2.0,0,0,32,60.0,39.3,77.0,52.7,42.2,69.2,0.0,0,0,9,9,11.1,1,1
Neil Farrell Jr.,56401,DI,MIA,7,1,7.0,0,0,17,60.0,30.3,11.1,54.4,36.9,28.4,0.0,0,1,27,29,0.0,0,1
Earnest Brown IV,56428,DI,DAL,2,0,,0,0,9,,56.0,75.7,53.0,59.0,,,0,0,14,14,0.0,0,0
Chase Young,56436,ED,NO,17,4,1.2,0,0,20,90.0,66.8,61.7,66.0,55.4,52.2,15.0,3,3,228,238,5.3,12,13
Yetur Gross-Matos,56444,ED,SF,11,6,1.1,0,0,28,46.9,51.5,88.3,59.4,46.6,36.4,25.0,5,0,154,156,3.2,5,9
Patrick Johnson,56460,ED,NYG,5,3,3.0,0,0,21,60.0,50.2,78.8,55.5,50.0,27.1,33.3,2,0,28,28,3.6,1,1
LaBryan Ray,56501,DI,CAR,16,14,4.4,0,0,5,63.6,33.0,76.5,46.4,31.5,52.9,5.1,2,1,337,350,3.3,11,23
Phidarian Mathis,56504,DI,NYJ,12,5,1.0,0,0,22,66.5,32.3,58.4,55.7,29.0,52.5,7.1,1,1,129,131,5.4,7,8
D.J. Davidson,56523,DI,NYG,12,7,3.1,0,0,21,74.7,41.0,36.7,61.2,35.1,50.8,4.5,1,2,142,148,6.3,9,14
T.J. Slaton,56597,DI,GB,18,10,1.6,0,0,12,56.0,43.0,41.7,56.6,44.0,32.6,11.1,4,3,220,233,8.6,19,22
Malik Herring,56616,ED,KC,12,3,2.4,0,0,16,51.4,60.2,86.3,57.7,62.1,63.1,8.3,1,0,90,93,6.7,6,8
Payton Turner,56624,ED,NO,15,7,3.9,0,0,20,62.9,54.0,34.2,70.8,40.7,43.5,15.0,3,3,138,145,4.3,6,10
Mike Greene,56664,DI,TB,3,1,0.0,0,0,30,,59.4,77.9,54.9,62.3,68.7,0.0,0,0,25,25,4.0,1,1
Quinton Bohanna,56673,DI,SEA,1,0,,0,0,29,,65.9,71.9,60.0,62.3,,,0,0,5,5,0.0,0,0
Milton Williams,56682,DI,PHI,21,6,3.6,0,0,24,62.0,76.5,40.4,91.7,41.0,39.8,13.6,3,4,228,234,3.5,8,13
DJ Johnson,56704,ED,CAR,14,12,3.2,2,0,5,64.1,54.2,33.0,50.1,60.3,61.9,9.8,4,3,236,245,6.8,16,25
Jonathan Ford,56705,DI,CHI,4,4,2.8,0,0,6,,38.3,0.0,55.7,47.6,73.6,0.0,0,2,47,48,6.4,3,4
Kwity Paye,56713,ED,IND,15,5,2.6,0,0,14,69.8,66.8,91.2,57.8,67.4,65.2,7.1,2,0,266,272,5.6,15,21
Jordan Elliott,56734,DI,SF,15,7,1.6,0,0,28,57.0,47.6,23.8,54.6,53.1,40.4,13.0,3,4,219,226,4.6,10,13
Jordon Riley,56759,DI,NYG,12,3,1.2,0,0,21,,34.3,85.5,55.5,30.1,28.5,14.3,2,0,137,140,5.8,8,9
Kurt Hinish,56787,DI,HST,10,5,2.7,0,0,13,,56.2,83.9,55.3,56.0,47.3,11.8,2,0,122,124,4.9,6,10
Isaiah Thomas,56798,ED,CIN,2,2,2.0,0,0,7,72.2,62.4,80.8,58.6,55.0,72.6,0.0,0,0,25,25,4.0,1,1
Javon Kinlaw,56834,DI,NYJ,17,7,2.4,2,0,22,55.3,53.4,10.5,68.2,50.8,36.4,16.2,6,8,282,294,6.4,18,24
Kingsley Jonathan,56856,ED,BUF,1,0,,0,0,4,,65.2,70.6,64.2,60.0,,,0,0,1,1,0.0,0,0
Arnold Ebiketie,56862,ED,ATL,17,3,4.3,0,0,2,72.0,68.2,60.1,68.1,57.5,79.5,0.0,0,2,145,150,6.2,9,15
Ta'Quon Graham,56868,DI,ATL,10,2,2.2,1,0,2,60.0,63.9,51.6,58.7,67.4,58.8,0.0,0,2,80,85,10.0,8,9
Micheal Clemons,56872,ED,NYJ,17,9,3.3,0,0,22,70.4,50.6,70.7,55.2,46.6,53.1,10.0,3,2,276,288,4.3,12,18
Jayden Peevy,56876,DI,CAR,4,1,3.7,0,0,5,59.5,67.7,79.2,72.1,56.5,72.0,0.0,0,0,29,31,6.9,2,3
Jaelan Phillips,56902,ED,MIA,4,2,3.5,0,0,17,60.4,66.1,40.4,65.2,67.5,33.2,20.0,1,1,48,50,2.1,1,2
Jay Tufele,56913,DI,CIN,13,8,2.4,0,0,7,55.3,44.4,83.9,56.3,42.0,39.4,7.1,1,1,122,123,2.5,3,5
Dayo Odeyingbo,56923,ED,IND,17,10,0.9,0,0,14,73.0,66.1,73.9,65.5,56.8,28.9,20.0,6,2,299,306,4.0,12,14
DeAngelo Malone,56941,ED,ATL,7,1,5.0,0,0,2,48.1,36.1,18.9,56.9,27.2,36.5,50.0,2,1,10,11,0.0,0,1
Jordan Jackson,56957,DI,DEN,18,8,2.3,0,0,10,60.6,43.0,63.9,50.8,43.4,66.7,0.0,0,1,158,161,3.8,6,7
James Lynch,56962,DI,TEN,17,9,2.3,0,0,31,59.7,60.1,84.3,56.2,60.7,66.6,5.3,1,1,113,115,3.5,4,9
Cory Durden,56976,DI,NYG,4,2,2.0,0,0,21,,45.2,81.1,62.4,40.9,50.5,10.0,1,0,44,45,6.8,3,7
Marlon Tuipulotu,57035,DI,KC,2,1,-0.7,0,0,16,,47.9,78.8,58.2,47.0,70.6,0.0,0,0,36,36,8.3,3,3
Brandon Pili,57036,DI,SEA,8,0,2.5,0,0,29,,52.8,79.5,56.7,52.5,28.4,33.3,1,0,47,49,4.3,2,2
Troy Andersen,57317,LB,ATL,6,10,4.9,0,0,2,58.6,60.4,83.1,53.4,63.5,60.0,6.7,2,0,106,112,7.5,8,18
Jack Gibbens,57662,LB,TEN,7,7,3.7,0,0,31,75.7,83.2,80.9,65.0,79.9,65.9,9.5,2,0,92,94,6.5,6,12
D'Marco Jackson,57691,LB,NO,4,3,2.0,0,0,20,60.7,61.0,79.1,52.3,62.3,80.3,0.0,0,0,31,33,6.5,2,2
Tony Fields II,57698,LB,CLV,1,1,3.0,0,0,8,64.2,74.4,70.3,59.4,71.7,76.1,0.0,0,0,8,8,12.5,1,1
Jon Rhattigan,57718,LB,CAR,2,0,,0,0,5,60.7,84.1,99.9,,60.0,,,0,0,2,2,0.0,0,0
Chandler Wooten,57726,LB,CAR,4,7,7.3,0,0,5,29.5,29.2,79.9,53.0,40.8,34.7,14.3,3,0,113,117,3.5,4,11
K.J. Britt,57727,LB,TB,15,17,3.8,0,0,30,40.9,45.0,23.0,56.6,57.3,54.4,13.6,8,2,232,241,7.3,17,34
Jalen Pitre,57737,S,HST,12,11,2.2,0,0,13,71.3,74.0,57.0,61.2,79.5,55.1,19.4,6,4,230,234,5.2,12,14
Terrel Bernard,57739,LB,BUF,16,25,2.6,0,1,4,37.7,48.2,64.0,59.0,64.0,57.6,7.8,6,1,344,354,8.7,30,46
Isaiah McDuffie,57754,LB,GB,18,23,3.9,0,0,12,46.4,55.3,85.0,68.9,63.3,63.0,7.7,4,0,299,314,5.4,16,25
Baylon Spector,57782,LB,BUF,7,3,3.9,0,0,4,29.5,29.7,81.2,58.8,43.0,40.6,18.8,3,1,100,106,3.0,3,10
Nate Landman,57788,LB,ATL,13,25,3.7,0,1,2,58.2,65.7,49.7,56.5,73.9,60.1,8.2,5,1,220,226,7.3,16,31
Ventrell Miller,57809,LB,JAX,15,12,4.0,0,1,15,45.4,52.0,44.9,54.8,63.4,38.8,18.5,10,2,223,232,9.9,22,32
James Houston,57810,ED,CLV,10,1,10.3,1,0,8,64.2,46.0,11.0,56.4,44.1,29.9,20.0,1,2,37,37,2.7,1,3
Mykal Walker,57834,LB,WAS,15,5,5.0,0,0,32,30.8,39.6,74.7,54.8,53.2,65.6,11.1,1,0,64,65,3.1,2,3
Monty Rice,57839,LB,NE,1,0,,0,0,19,61.5,48.7,68.2,,59.7,,,0,0,3,3,0.0,0,0
Robert Beal Jr.,57840,ED,SF,13,5,3.0,0,0,28,61.6,55.3,85.5,52.4,56.0,55.1,7.7,1,0,86,88,5.8,5,7
Del'Shawn Phillips,57868,LB,HST,4,0,2.8,0,0,13,56.7,71.4,96.7,53.3,82.7,53.1,0.0,0,0,14,15,21.4,3,4
Jake Hummel,57879,LB,LA,4,3,6.3,0,0,26,65.7,77.0,77.4,61.5,81.5,53.3,12.5,1,0,30,31,6.7,2,4
Isaac Ukwu,57888,ED,DET,2,0,4.0,0,0,11,67.7,59.6,82.6,53.5,57.9,72.6,0.0,0,0,22,22,4.5,1,2
Jamin Davis,57905,ED,NYJ,8,2,2.6,0,0,22,36.8,51.1,27.8,58.0,62.5,55.3,9.1,1,1,49,50,14.3,7,8
Josh Paschal,57908,ED,DET,15,4,1.1,0,0,11,64.8,53.0,70.6,48.4,59.7,36.1,15.8,3,2,190,198,5.3,10,12
Patrick Queen,57941,LB,PIT,18,31,4.2,1,0,25,54.3,56.8,69.3,79.9,53.1,58.3,16.5,15,2,441,452,4.8,21,45
K'Lavon Chaisson,57945,ED,LV,14,7,1.8,3,0,23,43.5,63.0,52.1,74.7,59.5,29.8,20.8,5,7,153,159,6.5,10,12
J.J. Russell,57958,LB,TB,9,3,4.6,0,0,30,60.4,69.2,81.8,58.6,80.6,74.4,7.7,1,1,74,76,8.1,6,9
Willie Gay,57987,LB,NO,13,1,3.5,0,1,20,35.9,44.1,84.3,54.7,55.5,38.4,15.4,2,0,132,137,3.8,5,10
Jeremiah Owusu-Koramoah,58089,LB,CLV,8,10,1.9,0,1,8,52.4,80.7,83.1,77.6,91.7,29.2,14.6,6,0,191,196,10.5,20,25
Pete Werner,58093,LB,NO,13,15,3.7,0,0,20,69.0,69.0,86.0,45.4,68.5,65.0,12.7,7,0,303,312,6.3,19,33
Baron Browning,58095,ED,ARZ,13,2,2.4,0,0,1,47.7,58.0,18.8,76.3,43.5,29.5,28.6,4,4,121,125,5.8,7,8
Kenneth Murray Jr.,58099,LB,TEN,14,16,3.2,0,0,31,54.4,45.9,62.7,67.7,35.0,74.7,6.3,3,4,332,342,5.7,19,29
Derrick Barnes,58120,LB,DET,3,2,3.0,0,0,11,66.6,71.8,82.4,57.7,77.2,71.0,0.0,0,0,39,41,10.3,4,7
Buddy Johnson,58189,LB,DAL,1,0,,0,0,9,60.0,71.2,68.5,,61.6,,,0,0,5,5,0.0,0,0
Vi Jones,58233,LB,ARZ,2,1,6.0,0,0,1,67.6,71.7,72.9,58.6,69.9,80.1,0.0,0,1,18,19,0.0,0,2
Devin Lloyd,58238,LB,JAX,16,17,4.2,0,1,15,62.6,76.7,64.5,88.0,84.2,88.0,3.1,2,1,380,394,6.3,24,46
Joe Tryon-Shoyinka,58272,ED,TB,16,4,2.4,1,0,30,63.3,53.1,36.8,56.7,50.2,52.4,14.3,2,4,176,182,3.4,6,8
Michael Carter II,60644,CB,NYJ,12,1,4.5,1,0,22,47.9,50.7,81.8,57.4,63.9,53.9,22.2,2,2,78,84,5.1,4,6
James Pierre,60649,CB,PIT,11,1,5.0,1,0,25,54.8,56.2,82.2,,61.3,68.0,33.3,1,1,82,86,1.2,1,1
Grant Delpit,60685,S,CLV,16,12,3.9,0,0,8,60.9,65.2,66.7,74.1,67.3,74.2,10.6,7,2,393,402,7.4,29,47
Malcolm Rodriguez,60731,LB,DET,9,4,3.8,0,0,11,65.4,74.4,84.3,54.9,87.1,76.7,0.0,0,0,94,97,12.8,12,16
Darren Hall,60742,S,IND,1,0,,0,0,14,64.5,64.9,70.7,,60.0,,,0,0,2,2,0.0,0,0
Isaiah Pola-Mao,60781,S,LV,16,10,11.0,0,1,23,45.1,54.2,88.3,61.0,72.4,58.1,14.6,6,0,354,366,1.4,5,25
Jake Tonges,60864,TE,SF,1,0,,0,0,28,,60.0,60.0,,60.0,,,0,0,1,1,0.0,0,0
Keion White,60998,ED,NE,17,6,3.2,0,1,19,63.6,68.5,49.2,76.7,55.3,63.0,6.3,2,4,336,345,4.2,14,24
Noah Igbinoghene,61155,CB,WAS,20,4,5.6,1,0,32,49.6,45.3,64.6,48.1,35.8,57.2,17.1,6,8,360,365,2.8,10,25
Quintin Morris,61182,TE,BUF,1,0,,0,0,4,,60.0,60.0,60.0,60.0,,,0,1,1,1,0.0,0,0
Ihmir Smith-Marsette,61324,WR,NYG,1,0,,0,0,21,,60.0,60.0,,60.0,,,0,0,1,1,0.0,0,0
Dominique Robinson,61436,ED,CHI,6,1,7.4,0,0,6,,52.2,83.0,57.8,49.5,29.6,14.3,1,0,47,48,4.3,2,5
Daiyan Henley,61500,LB,LAC,18,40,5.0,0,0,27,71.3,69.5,86.2,56.2,65.0,63.6,11.9,12,2,384,394,7.6,29,49
Tim Jones,61669,WR,JAX,1,0,,1,0,15,,60.0,60.0,,60.0,,,0,5,1,1,0.0,0,0
Tariq Woolen,61790,CB,SEA,15,2,9.3,1,1,29,65.7,67.9,65.2,58.6,76.2,56.0,5.6,1,7,313,336,1.9,6,15
Caleb Farley,61803,CB,CAR,5,1,7.8,0,0,5,56.9,56.1,79.8,52.1,55.2,44.5,28.6,2,0,70,72,0.0,0,4
Christian Elliss,61853,LB,NE,15,19,6.1,0,0,19,66.1,72.6,85.8,73.9,70.1,70.2,10.9,5,3,193,199,6.2,12,22
Joey Blount,62771,S,ARZ,4,0,,0,0,1,62.1,66.1,76.7,,61.4,,,0,0,12,12,0.0,0,0
Charles Snowden,62775,ED,LV,16,11,1.3,0,0,23,55.8,60.5,52.9,51.2,72.1,67.1,4.0,1,2,192,197,5.7,11,13
Theo Jackson,62919,S,MIN,7,1,2.0,0,0,18,77.1,79.2,79.5,53.6,66.1,73.3,33.3,1,0,14,14,7.1,1,1
Matthew Butler,62931,DI,LV,5,1,3.0,0,0,23,60.4,55.4,28.4,57.6,58.6,72.3,0.0,0,1,57,59,3.5,2,3
Jack Cochrane,63345,LB,KC,1,1,,0,0,16,62.7,61.5,69.2,57.1,60.4,71.4,0.0,0,0,3,3,0.0,0,0
Winston Reid,63354,LB,CLV,15,3,6.3,0,0,8,61.7,51.8,74.7,60.3,45.6,27.6,26.7,4,0,89,90,5.6,5,8
Akayleb Evans,65033,CB,CAR,1,0,2.0,0,0,5,54.9,57.3,75.3,,66.2,27.5,0.0,0,0,11,11,0.0,0,1
Samuel Womack III,65771,CB,IND,16,3,7.8,0,0,14,71.3,71.4,86.3,,64.3,68.3,14.3,2,0,229,233,2.2,5,9
John Ridgeway,66694,DI,NO,13,5,2.6,0,0,20,72.9,48.4,84.2,66.5,35.8,50.2,11.1,2,0,141,147,5.7,8,11
Zyon McCollum,66769,CB,TB,18,8,12.5,1,0,30,66.1,67.4,88.2,74.2,65.2,32.7,20.7,6,7,351,362,1.4,5,15
Tristin McCollum,66771,S,PHI,11,5,5.1,0,0,24,36.1,39.6,83.2,,65.0,37.0,13.3,2,0,90,92,3.3,3,8
Josh Hayes,66798,CB,TB,6,4,3.4,0,0,30,56.2,63.1,83.3,60.0,89.9,70.6,0.0,0,1,102,104,2.0,2,5
Kobie Turner,66894,DI,LA,19,14,1.9,3,0,26,75.4,75.1,47.1,66.6,74.8,29.7,13.3,8,5,331,341,10.0,33,38
Zach Sieler,66917,DI,MIA,15,15,2.1,0,0,17,69.0,78.6,78.2,71.5,69.5,33.4,10.3,4,1,257,268,5.1,13,20
Dennis Gardeck,66928,ED,ARZ,7,3,1.9,0,0,1,79.0,72.0,52.5,68.2,62.8,81.9,0.0,0,1,79,81,6.3,5,7
Jonathan Owens,66930,S,CHI,9,12,7.7,0,1,6,53.9,66.5,86.4,59.1,88.6,54.0,14.3,5,0,193,198,2.6,5,18
Tavierre Thomas,66931,S,TB,5,0,,0,0,30,51.4,44.8,82.1,51.8,41.9,43.0,100.0,1,0,9,9,0.0,0,0
Trent McDuffie,72191,CB,KC,19,4,3.2,5,0,16,79.2,82.0,72.8,88.6,81.6,80.0,13.3,2,11,419,433,1.4,6,9
Evan Williams,73864,S,GB,13,5,5.1,0,0,12,73.8,72.3,88.9,57.4,60.3,61.6,23.1,6,0,179,191,5.6,10,15
Jowon Briggs,74867,DI,CLV,6,7,0.6,0,0,8,61.5,72.2,80.9,64.7,66.5,54.1,6.7,1,0,68,70,10.3,7,7
Solomon Byrd,75742,ED,HST,1,0,0.0,0,0,13,,74.8,76.3,67.0,69.2,69.9,0.0,0,0,11,11,9.1,1,1
Jonah Laulu,75763,DI,LV,15,5,2.5,0,0,23,63.4,47.4,71.0,49.6,47.9,45.8,10.0,3,1,220,225,8.2,18,22
Chad Muma,75818,LB,JAX,13,5,6.8,0,0,15,59.7,57.4,83.2,50.6,56.1,78.1,13.3,2,1,111,117,2.7,3,8
Johnny Wilson,76366,WR,PHI,1,0,,0,0,24,,60.0,60.0,60.0,60.0,,,0,3,1,1,0.0,0,0
Asante Samuel Jr.,76625,CB,LAC,4,1,12.0,0,0,27,58.6,59.3,81.8,,59.8,29.5,25.0,1,1,90,92,1.1,1,2
Isaiah Bolden,76626,CB,NE,6,0,15.5,0,0,19,79.8,76.9,79.9,,57.1,42.6,0.0,0,0,55,57,0.0,0,2
Andre Cisco,76641,S,JAX,16,7,8.8,0,0,15,60.1,61.2,72.4,49.9,63.8,52.9,10.8,4,1,362,379,1.9,7,26
Juanyeh Thomas,76655,S,DAL,12,1,11.5,0,0,9,61.8,56.1,76.5,56.3,46.9,66.1,25.0,1,0,44,46,0.0,0,2
Chamarri Conner,76662,CB,KC,18,7,3.2,0,1,16,62.0,68.2,59.4,67.1,83.2,47.4,10.3,4,3,206,211,9.2,19,28
DJ Ivey,76670,CB,CIN,3,0,1.0,0,0,7,52.5,54.7,78.4,58.6,68.1,75.9,0.0,0,2,4,5,25.0,1,1
DeMarvion Overshown,76729,LB,DAL,13,14,2.1,1,1,9,56.9,61.1,61.4,78.9,57.7,39.9,14.3,7,2,277,287,6.5,18,28
Anthony Johnson Jr.,76736,S,NYG,1,0,,0,0,21,74.1,67.2,73.5,71.9,43.2,42.7,100.0,1,0,9,9,0.0,0,0
Xavier Thomas,76807,ED,ARZ,11,0,6.0,0,0,1,27.9,39.4,53.8,54.5,53.4,40.7,0.0,0,1,50,52,2.0,1,4
KJ Henry,76808,ED,DAL,4,1,,0,0,9,60.0,56.5,80.8,65.5,46.6,70.6,0.0,0,0,22,22,0.0,0,0
Tyler Lacy,76836,DI,JAX,13,10,1.9,1,0,15,59.5,45.2,65.8,50.4,47.0,66.5,0.0,0,1,158,162,5.1,8,12
Ochaun Mathis,76838,ED,PHI,3,0,3.0,0,0,24,60.0,56.0,73.4,52.6,60.8,69.9,0.0,0,0,3,3,33.3,1,1
Will McDonald IV,76842,ED,NYJ,17,8,5.0,1,0,22,60.1,59.4,46.2,73.9,39.5,28.7,23.1,6,5,268,276,3.0,8,12
Desjuan Johnson,76850,DI,LA,12,4,3.7,0,0,26,60.0,62.8,82.1,57.9,63.2,60.7,8.3,1,0,68,70,4.4,3,7
Jalen Redmond,76861,DI,MIN,14,4,0.0,0,0,18,62.8,75.6,83.4,64.1,73.4,49.4,5.9,1,1,111,116,9.0,10,12
Nesta Jade Silvera,76888,DI,LV,6,6,4.0,0,0,23,,44.2,78.5,55.7,44.0,52.6,11.1,1,0,41,42,2.4,1,2
Greg Rousseau,76889,ED,BUF,19,12,0.9,0,1,4,71.6,82.2,82.7,78.0,69.8,34.5,14.3,7,1,292,300,8.2,24,30
Travis Jones,76914,DI,BLT,18,15,2.0,0,0,3,60.5,69.9,55.8,64.2,72.0,41.8,6.8,3,3,225,231,8.0,18,26
Logan Hall,76919,DI,TB,17,9,2.1,0,0,30,64.1,59.3,74.3,58.9,56.7,52.2,6.5,2,1,209,218,6.7,14,20
Moro Ojomo,76927,DI,PHI,21,7,2.6,1,0,24,56.4,70.4,7.5,82.4,58.7,30.1,19.2,5,6,142,148,5.6,8,14
Keondre Coburn,76928,DI,TEN,13,4,3.3,0,0,31,60.0,45.1,37.2,56.7,46.4,57.1,0.0,0,1,72,74,4.2,3,6
Dante Stills,76937,DI,ARZ,16,13,2.9,0,0,1,58.2,57.0,72.3,51.0,64.5,29.5,10.8,4,1,214,219,6.5,14,20
Karl Brooks,76941,DI,GB,18,4,1.8,0,0,12,75.6,61.8,85.8,61.1,39.7,41.5,12.5,2,0,150,155,5.3,8,10
Braden Fiske,76958,DI,LA,19,12,2.6,1,0,26,67.2,58.1,55.4,68.9,38.9,29.2,17.1,6,3,225,232,5.3,12,17
Alim McNeill,76996,DI,DET,14,2,1.6,0,0,11,71.8,79.6,87.4,77.1,64.5,53.2,10.0,2,0,176,186,6.8,12,16
Amari Gainer,77091,ED,LV,1,1,,0,0,23,60.0,39.0,72.4,53.2,44.1,70.5,0.0,0,0,6,6,0.0,0,0
Yasir Abdullah,77100,LB,JAX,8,3,3.8,0,0,15,57.0,56.6,83.0,54.2,60.9,71.7,0.0,0,0,55,55,5.5,3,6
Shaka Heyward,77120,LB,CIN,3,2,1.5,0,0,7,69.1,93.4,69.9,,87.1,78.9,0.0,0,0,10,10,20.0,2,2
Payton Wilson,77127,LB,PIT,18,9,4.0,0,0,25,76.4,74.0,83.9,65.0,62.0,67.7,7.7,3,0,154,157,9.1,14,27
Antonio Grier,77185,LB,TB,1,0,,0,0,30,60.0,68.2,66.5,,60.0,,,0,0,1,1,0.0,0,0
Zaven Collins,77190,ED,ARZ,17,9,2.0,0,0,1,66.0,71.5,33.5,60.3,84.3,55.0,10.0,4,4,216,220,8.8,19,27
Brian Asamoah II,77195,LB,MIN,3,0,,0,0,18,28.0,29.2,76.5,73.8,42.6,35.9,100.0,1,1,7,7,0.0,0,0
Nik Bonitto,77196,ED,DEN,18,8,2.5,2,0,10,92.6,78.8,20.2,77.0,59.1,30.0,24.2,8,7,258,264,3.9,10,17
DaShaun White,77198,LB,SF,1,0,,0,0,28,,60.0,60.0,,60.0,,,0,0,1,1,0.0,0,0
Joseph Ossai,77205,ED,CIN,17,9,3.8,0,1,7,59.0,58.3,76.7,58.0,57.0,44.0,12.5,4,1,189,191,5.3,10,19
Dyontae Johnson,77568,LB,NYG,1,0,1.3,0,0,21,42.6,48.8,73.7,56.3,65.7,82.1,0.0,0,0,16,16,18.8,3,3
Jarrick Bernard-Converse,77841,CB,NYJ,1,1,,0,0,22,65.0,67.1,69.1,,60.7,73.3,0.0,0,0,1,1,0.0,0,0
Tre'von Moehrig,77847,S,LV,17,16,5.6,0,0,23,54.4,67.5,69.1,70.1,87.5,81.9,8.5,5,1,413,427,5.3,22,38
Ar'Darius Washington,77848,S,BLT,16,6,5.3,0,0,3,86.1,80.9,84.4,50.8,63.1,59.7,22.2,6,0,250,255,2.8,7,15
Brayden Willis,77917,TE,SF,2,0,,0,0,28,,60.4,60.0,,60.0,,,0,0,2,2,0.0,0,0
Bryce Ford-Wheaton,78127,WR,NYG,1,0,,0,0,21,,60.0,60.4,,60.0,,,0,0,1,1,0.0,0,0
Shemar Bartholomew,78995,CB,CAR,1,0,20.0,0,0,5,53.7,55.5,73.5,,60.0,76.9,0.0,0,0,2,2,0.0,0,1
Cobie Durant,79126,CB,LA,16,3,5.4,1,0,26,61.5,64.9,86.5,94.2,60.6,33.7,16.7,3,2,338,347,0.9,3,12
Christian Benford,79181,CB,BUF,18,3,6.3,1,0,4,78.6,79.3,89.1,71.0,71.3,89.4,0.0,0,6,374,389,1.9,7,19
Nick Hampton,81162,ED,LA,4,0,,0,0,26,60.0,77.3,73.0,69.2,63.9,,,0,0,7,7,0.0,0,0
Cam Jones,81244,LB,KC,2,2,3.7,0,0,16,55.5,54.4,77.2,55.5,57.1,54.3,0.0,0,0,41,41,2.4,1,3
Micah McFadden,81246,LB,NYG,14,19,4.2,1,1,21,53.5,62.8,55.4,79.6,66.0,53.4,12.5,9,1,328,334,8.5,28,44
Damone Clark,81282,LB,DAL,9,3,4.6,0,0,9,60.0,68.2,79.9,72.2,68.3,69.0,17.6,3,0,97,99,5.2,5,11
Cameron McGrone,81300,LB,IND,1,0,,0,0,14,,60.1,62.5,,60.0,,,0,0,1,1,0.0,0,0
Nathaniel Watson,81317,LB,CLV,6,2,4.3,0,0,8,68.0,66.2,75.9,58.1,61.7,28.7,28.6,2,0,36,36,5.6,2,3
Nick Bolton,81322,LB,KC,19,24,3.9,0,0,16,65.6,63.7,51.9,50.0,65.8,49.2,14.1,12,3,415,429,8.9,37,49
Dylan Horton,81335,ED,HST,13,2,1.9,0,0,13,61.1,61.3,87.2,48.4,70.5,78.2,0.0,0,0,93,95,4.3,4,8
Dallas Gant,81352,LB,PHI,1,0,10.0,0,0,24,,60.0,60.0,,60.0,70.9,0.0,0,0,1,1,0.0,0,1
Micah Parsons,81360,ED,DAL,13,4,3.8,1,0,9,76.9,90.0,14.4,91.6,65.5,61.0,7.4,2,8,235,243,5.5,13,21
Jesse Luketa,81361,ED,ARZ,10,4,1.5,0,1,1,51.2,70.0,82.8,56.8,84.2,55.8,6.3,1,0,77,78,10.4,8,11
Ernest Jones,81399,LB,SEA,16,27,3.5,0,1,29,48.5,60.7,86.7,59.6,73.6,71.1,8.0,7,0,357,383,9.5,34,53
Edefuan Ulofoshio,81459,LB,BUF,2,1,,0,0,4,69.1,69.2,73.8,50.0,67.4,28.9,50.0,1,0,28,28,0.0,0,0
Brenton Cox Jr.,81957,ED,GB,8,1,1.0,0,1,12,60.6,67.2,54.0,66.4,64.1,64.6,0.0,0,1,72,73,6.9,5,7
Azeez Ojulari,81959,ED,NYG,11,8,1.9,0,0,21,51.8,56.4,70.9,54.6,60.1,30.6,14.3,3,1,184,189,3.8,7,10
Odafe Oweh,82161,ED,BLT,19,2,2.4,0,0,3,69.9,71.5,13.3,74.7,64.6,60.3,8.7,2,8,160,162,10.0,16,19
Thomas Booker IV,82168,DI,PHI,17,2,1.3,0,0,24,65.5,56.0,85.3,54.8,53.6,58.9,9.1,1,0,88,88,9.1,8,8
Christian Barmore,82198,DI,NE,4,0,4.8,0,0,19,60.0,56.5,80.6,56.0,56.9,72.4,0.0,0,0,37,39,2.7,1,4
Teair Tart,82261,DI,LAC,18,6,2.3,0,0,27,66.0,78.9,32.4,79.3,70.3,29.5,11.1,3,3,154,160,7.1,11,18
Devonte Wyatt,82268,DI,GB,15,3,0.9,0,0,12,70.2,66.4,47.4,71.4,52.0,42.9,11.1,2,2,103,109,10.7,11,13
Aidan Hutchinson,82330,ED,DET,5,5,3.3,0,0,11,46.6,94.9,68.2,95.0,70.6,70.4,0.0,0,1,73,77,5.5,4,6
Casey Rogers,82347,DI,NYG,2,0,,0,0,21,,47.7,76.9,54.6,48.8,,,0,0,17,17,0.0,0,0
Eku Leota,82363,ED,PIT,3,0,-2.0,0,0,25,66.5,52.0,79.1,53.2,49.1,34.3,0.0,0,0,34,37,2.9,1,1
Branson Deen,82372,DI,BUF,1,0,,0,0,4,,28.1,72.1,55.8,29.5,19.6,100.0,1,0,4,4,0.0,0,0
Cameron Thomas,82387,ED,CLV,7,0,1.1,0,0,8,60.0,70.0,82.6,58.6,71.1,51.6,10.0,1,0,36,36,19.4,7,9
Kingsley Enagbare,82409,ED,GB,18,12,3.0,2,1,12,56.5,56.8,20.6,56.8,66.6,58.1,5.4,2,7,195,203,5.6,11,23
Bobby Brown III,82429,DI,LA,19,18,2.8,1,0,26,60.3,61.3,46.2,55.5,65.6,69.4,4.1,2,3,277,283,6.9,19,29
Tyree Wilson,82432,ED,LV,16,5,1.8,1,0,23,66.9,66.7,77.1,57.2,72.4,30.9,16.0,4,1,159,165,8.8,14,16
Otito Ogbonnia,82450,DI,LAC,18,12,3.9,0,0,27,59.9,41.5,33.8,51.2,45.2,52.1,2.6,1,4,256,261,4.7,12,25
Taki Taimani,82468,DI,MIN,7,1,3.7,0,0,18,,61.2,79.9,48.7,69.9,70.6,0.0,0,0,25,26,4.0,1,3
Brennan Jackson,82474,ED,LA,5,0,4.5,0,0,26,31.7,53.6,77.8,68.9,56.8,25.5,50.0,2,0,23,23,4.3,1,2
Scott Matlock,82482,FB,LAC,15,4,3.8,0,0,27,61.8,48.9,81.1,61.3,40.1,56.5,11.1,1,2,68,71,2.9,2,4
Cameron Young,82499,DI,SEA,1,0,,0,0,29,,44.0,68.3,60.0,60.0,,,0,0,1,1,0.0,0,0
Tommy Togiai,82501,DI,HST,10,13,2.5,0,0,13,59.3,58.1,60.7,66.1,53.2,38.6,13.3,4,1,130,132,7.7,10,13
Quay Walker,82547,LB,GB,14,13,3.4,0,0,12,50.6,57.2,61.7,65.1,64.7,77.7,10.0,6,1,296,309,7.4,22,41
Jack Sanborn,82566,LB,CHI,17,9,5.1,0,0,6,45.1,63.1,78.7,70.1,70.5,60.5,8.7,2,0,149,152,2.7,4,12
Chigozie Anusiem,83031,CB,CLV,1,0,,0,0,8,65.0,57.2,71.1,,60.0,,,0,0,2,3,0.0,0,0
Kendall Williamson,83090,S,LAC,1,0,,0,0,27,42.8,38.2,74.0,,60.0,72.6,,0,0,2,2,0.0,0,0
Ethan Bonner,83091,CB,MIA,2,0,,0,0,17,58.3,48.8,72.1,,43.3,72.8,,0,0,5,5,0.0,0,0
Starling Thomas V,83098,CB,ARZ,17,5,4.4,1,0,1,60.9,60.9,62.4,78.1,58.0,67.5,13.3,2,3,319,324,1.3,4,8
Pat Surtain II,83119,CB,DEN,16,6,4.2,1,0,10,85.1,83.8,29.1,42.2,81.8,90.5,0.0,0,11,359,369,0.8,3,6
Jalyn Armour-Davis,83120,CB,BLT,3,0,,0,0,3,57.2,58.6,79.2,,65.4,53.8,,0,1,28,31,0.0,0,0
Josh Jobe,83122,CB,SEA,10,5,4.7,2,0,29,49.9,51.0,43.3,,64.5,68.3,11.1,1,5,125,130,1.6,2,3
Jamien Sherwood,83175,LB,NYJ,17,28,3.1,0,0,22,66.2,73.8,68.3,68.1,77.1,67.3,11.7,11,1,448,465,7.6,34,55
Roger McCreary,83176,CB,TEN,15,3,1.9,0,0,31,58.4,61.3,55.5,61.5,71.2,45.0,22.2,4,2,226,233,4.0,9,11
Tyson Campbell,83217,CB,JAX,12,8,6.4,1,0,15,63.8,62.9,88.3,57.5,54.5,69.6,19.0,4,4,306,318,1.0,3,9
Divaad Wilson,83218,CB,NYG,1,0,3.0,0,0,21,52.3,55.8,74.4,,65.9,76.8,0.0,0,0,12,12,8.3,1,1
Otis Reese IV,83219,LB,TEN,3,2,2.7,0,0,31,56.7,54.4,76.8,59.7,54.2,65.1,11.1,1,0,44,44,4.5,2,6
Chris Smith II,83220,S,LV,1,1,,0,0,23,65.6,74.6,68.1,,66.2,31.5,0.0,0,0,8,8,0.0,0,0
Quan Martin,83236,S,WAS,19,17,10.6,0,1,32,59.2,62.4,88.6,60.9,66.3,63.8,16.4,9,0,453,459,1.3,6,29
Kerby Joseph,83239,S,DET,18,6,9.4,1,0,11,91.5,90.7,68.8,61.8,83.6,86.9,7.0,3,2,359,371,3.6,13,34
Sydney Brown,83241,S,PHI,7,0,17.0,0,0,24,66.5,70.7,80.1,60.0,68.9,39.8,0.0,0,0,37,37,0.0,0,1
JuJu Brents,83256,CB,IND,2,2,13.0,0,0,14,51.1,55.6,78.4,,72.0,66.4,0.0,0,0,28,29,0.0,0,1
Kaevon Merriweather,83257,S,TB,7,2,12.0,1,0,30,62.9,66.5,81.3,82.1,62.2,66.5,0.0,0,1,73,76,0.0,0,1
Riley Moss,83259,CB,DEN,15,5,6.2,1,0,10,56.0,57.8,87.4,79.0,59.2,57.8,17.1,6,6,324,331,3.7,12,24
Percy Butler,83271,S,WAS,19,8,5.9,0,0,32,41.7,41.3,81.4,55.1,46.3,56.9,17.4,4,0,183,187,2.7,5,11
Terell Smith,83302,CB,CHI,10,1,3.3,0,0,6,76.5,78.5,81.8,,78.7,71.9,0.0,0,0,83,86,3.6,3,4
Jordan Howden,83305,S,NO,14,9,6.9,0,0,20,63.5,67.9,86.5,53.5,77.2,90.5,0.0,0,0,163,165,1.8,3,12
Keidron Smith,83310,S,DEN,2,1,,0,0,10,37.9,39.8,73.6,59.1,62.5,27.2,0.0,0,1,9,9,0.0,0,0
Cam Taylor-Britt,83326,CB,CIN,17,4,13.5,2,0,7,64.3,63.6,13.6,68.9,68.4,64.5,11.8,2,11,391,395,0.5,2,11
Greg Newsome II,83341,CB,CLV,13,0,6.2,0,0,8,54.0,52.2,53.1,44.9,52.1,30.1,37.5,3,3,209,213,1.0,2,5
Kitan Oladapo,83349,S,GB,3,1,6.0,0,0,12,68.7,72.9,79.3,,67.4,78.9,0.0,0,0,22,23,0.0,0,1
Cory Trice Jr.,83353,CB,PIT,4,1,4.8,0,0,25,75.3,69.4,7.9,,47.5,75.5,16.7,1,2,64,64,3.1,2,4
Tyrek Funderburk,83356,CB,TB,6,0,,0,0,30,55.7,53.9,81.7,,43.9,28.4,100.0,1,0,53,57,0.0,0,0
Christian Izien,83360,S,TB,13,5,8.0,0,0,30,55.3,57.6,85.2,51.3,67.9,45.8,22.7,5,2,192,198,3.6,7,12
Jaycee Horn,83375,CB,CAR,15,10,6.5,4,0,5,57.7,64.3,63.4,86.9,80.9,69.4,11.1,4,12,464,482,3.2,15,22
Israel Mukuamu,83377,S,DAL,14,0,0.5,0,0,9,48.2,48.5,83.0,47.4,56.9,69.8,33.3,1,0,59,62,1.7,1,2
Kyler Gordon,83451,CB,CHI,15,12,1.7,0,0,6,76.0,76.0,83.3,49.6,76.3,61.1,12.9,4,1,281,288,4.6,13,15
Beanie Bishop Jr.,83459,CB,PIT,15,0,15.0,0,0,25,55.2,54.0,20.0,60.2,55.8,60.1,25.0,1,3,166,171,0.6,1,3
Alontae Taylor,83469,CB,NO,17,7,4.9,0,1,20,35.4,45.0,51.2,70.1,82.1,36.6,14.7,5,6,385,397,2.3,9,22
Myles Cole,83500,ED,JAX,8,3,1.3,0,0,15,45.9,34.0,85.5,44.9,38.4,27.1,33.3,3,1,66,72,3.0,2,3
Jaden Crumedy,83508,DI,CAR,5,3,5.1,0,0,5,59.3,42.5,81.1,52.9,42.1,48.1,8.3,1,0,62,64,8.1,5,8
Javontae Jean-Baptiste,83514,ED,WAS,15,5,3.0,0,0,32,52.3,52.9,87.1,50.0,58.3,48.7,13.3,2,0,112,114,5.4,6,8
Amari Burney,83811,LB,LV,10,1,-0.5,0,0,23,54.6,57.2,78.8,67.1,55.7,43.0,40.0,2,0,38,41,5.3,2,2
Corey Ballentine,83833,CB,GB,4,0,13.0,0,0,12,54.6,53.5,78.8,,48.2,52.0,0.0,0,0,13,16,0.0,0,1
Jevon Holland,83873,S,MIA,15,7,9.4,0,1,17,57.1,63.0,86.8,62.5,73.4,48.5,20.0,7,0,298,312,2.3,7,21
Talanoa Hufanga,83903,S,SF,7,8,5.5,0,0,28,52.4,57.8,24.4,60.0,74.5,66.3,8.0,2,1,134,136,5.2,7,15
Josh Newton,84268,CB,CIN,11,0,3.8,1,0,7,60.9,60.9,85.1,54.5,57.9,49.1,16.7,1,5,158,159,1.9,3,5
Miles Battle,84301,CB,NE,1,0,,0,0,19,81.7,80.6,74.4,,60.9,75.2,,0,0,5,6,0.0,0,0
Jahan Dotson,84375,WR,PHI,1,0,,1,0,24,,60.0,60.0,,60.0,,,0,1,1,1,0.0,0,0
Markees Watts,84537,ED,TB,2,0,,0,0,30,65.1,70.2,72.5,60.9,60.0,,,0,0,2,2,0.0,0,0
Darius Muasau,86008,LB,NYG,10,8,2.9,0,0,21,50.4,58.9,81.8,51.1,68.1,57.9,12.2,5,0,213,217,9.9,21,28
Rico Payton,86957,CB,NO,3,0,,0,0,20,65.3,66.2,81.7,,63.6,72.5,,0,0,9,9,0.0,0,0
Chris Williams,87178,DI,CHI,17,5,4.4,0,0,6,60.8,45.5,66.3,61.1,36.8,27.9,16.7,4,1,160,162,4.4,7,15
Titus Leo,87743,ED,NE,1,0,-2.0,0,0,19,,68.6,71.9,68.2,61.5,70.5,0.0,0,0,5,5,20.0,1,1
Khristian Boyd,88444,DI,NO,6,3,6.0,0,0,20,,51.9,79.4,54.4,52.1,70.3,0.0,0,0,36,38,0.0,0,1
Gabriel Murphy,89099,ED,MIN,2,0,4.0,0,0,18,62.3,68.3,77.4,62.7,65.2,67.4,0.0,0,0,13,13,7.7,1,1
Charles Woods,89148,CB,LA,2,0,41.0,0,0,26,65.3,54.2,79.4,,44.2,26.6,50.0,1,0,8,8,0.0,0,1
Kyle Dugger,90621,S,NE,13,11,5.0,0,0,19,34.8,44.3,84.7,69.0,59.7,53.8,18.4,9,2,316,320,4.7,15,29
Brodric Martin,91288,DI,DET,1,0,1.0,0,0,11,60.0,37.9,75.1,53.0,42.5,68.6,0.0,0,0,11,12,9.1,1,1
Daniel Hardy,91336,ED,CHI,4,0,-1.0,0,0,6,63.8,70.8,78.8,55.3,70.1,70.6,0.0,0,0,8,8,12.5,1,1
E.J. Speed,94351,LB,IND,15,12,3.0,0,0,14,46.3,56.4,47.2,49.7,71.5,48.2,19.0,16,2,437,448,8.2,36,56
Jonathan Harris,94361,DI,CAR,7,1,3.3,0,0,5,60.0,49.0,81.5,51.2,50.5,73.2,0.0,0,0,52,54,7.7,4,6
Anthony Pittman,94372,LB,DET,2,0,,0,0,11,37.5,44.0,74.2,53.8,62.9,,,0,0,3,3,0.0,0,0
Jordan Davis,94854,DI,PHI,21,8,2.6,0,0,24,81.3,71.0,86.4,73.0,58.8,27.6,23.5,8,0,212,215,5.7,12,18
Keilan Robinson,97097,HB,JAX,1,0,,0,0,15,,60.7,89.4,,60.0,,,0,0,1,1,0.0,0,0
Malik Washington,97108,WR,MIA,1,0,,1,0,17,,60.0,60.0,,60.0,,,0,2,1,1,0.0,0,0
Mike Sainristil,97180,CB,WAS,20,8,8.7,0,1,32,64.5,65.8,88.8,51.8,66.4,63.0,11.4,4,3,455,463,1.3,6,23
Reddy Steward,97289,CB,CHI,1,0,,0,0,6,72.7,75.1,73.2,65.6,56.8,79.4,,0,0,7,7,0.0,0,0
Dell Pettus,97290,S,NE,14,5,7.8,0,0,19,72.1,73.9,83.3,63.3,69.4,83.9,5.6,1,1,124,128,4.8,6,12
Thomas Harper,97325,S,LV,9,3,4.8,0,0,23,76.4,78.3,83.6,75.6,55.4,68.4,12.5,1,0,39,41,2.6,1,4
Cameron Mitchell,97340,CB,CLV,15,2,3.5,0,0,8,55.3,52.9,83.8,47.5,44.3,27.4,33.3,3,1,131,134,1.5,2,4
Dadrion Taylor-Demerson,97348,S,ARZ,13,6,5.1,0,1,1,70.0,75.5,81.9,49.9,80.6,53.8,10.0,2,0,84,86,6.0,5,12
Christian Roland-Wallace,97374,CB,KC,6,2,4.0,1,0,16,61.1,62.3,12.1,61.5,72.2,90.0,0.0,0,1,43,44,11.6,5,8
Jarrian Jones,97486,CB,JAX,17,4,3.2,0,0,15,62.5,69.0,84.8,74.7,88.4,32.0,0.0,0,2,222,232,2.7,6,6
Nick Cross,97514,S,IND,17,15,5.6,0,0,14,64.3,70.3,68.6,51.0,80.2,70.4,9.4,8,2,496,508,5.0,25,62
Dax Hill,97519,CB,CIN,5,3,4.6,0,0,7,68.0,68.2,21.0,81.8,66.0,38.7,18.8,3,1,119,120,3.4,4,10
Drake Thomas,97525,LB,SEA,5,1,,0,0,29,43.9,48.4,72.4,55.8,64.2,26.7,0.0,0,0,13,14,0.0,0,0
Tyrique Stevenson,97562,CB,CHI,16,5,6.5,1,0,6,58.4,58.9,37.9,,63.7,56.0,17.9,7,5,362,368,2.5,9,27
Elijah Chatman,97568,DI,NYG,14,6,3.1,0,0,21,59.1,58.9,68.6,59.8,57.7,76.7,0.0,0,1,150,155,4.0,6,13
Tyler Davis,97610,DI,LA,18,8,2.4,0,0,26,58.0,48.2,67.0,59.9,46.3,58.4,2.9,1,1,197,200,8.6,17,25
Josh Wallace,97676,CB,LA,12,0,6.0,0,0,26,43.4,44.2,80.0,61.8,46.8,46.1,0.0,0,1,71,73,0.0,0,1
Brandon Joseph,97680,S,DET,6,2,18.5,0,0,11,57.2,52.2,80.1,,40.4,53.5,42.9,3,0,48,49,0.0,0,2
Alex Austin,97683,CB,NE,6,0,,0,0,19,63.9,61.1,82.6,,44.8,50.9,100.0,1,1,99,103,0.0,0,0
Dorian Williams,97694,LB,BUF,17,20,4.9,0,1,4,39.1,58.5,83.7,71.7,74.2,67.0,8.6,6,0,293,305,9.2,27,44
Ronnie Hickman Jr.,97702,S,CLV,14,7,9.3,0,0,8,71.3,77.2,83.5,61.6,81.7,69.5,12.0,3,0,175,179,1.7,3,15
Storm Duck,97705,CB,MIA,12,2,8.7,0,0,17,54.8,55.5,84.3,,56.8,30.1,30.8,4,2,124,129,2.4,3,7
Omar Speights,97723,LB,LA,13,10,3.7,0,0,26,56.5,69.4,85.0,63.6,77.6,82.3,0.0,0,0,241,245,8.3,20,35
Mohamed Kamara,97731,ED,MIA,2,1,,0,0,17,30.3,51.7,75.1,68.8,60.3,28.6,0.0,0,0,9,9,0.0,0,0
Javon Solomon,97821,ED,BUF,9,1,1.0,0,0,4,43.5,68.8,83.6,71.3,59.1,50.9,0.0,0,0,44,44,11.4,5,6
Martin Emerson Jr.,97872,CB,CLV,17,6,11.3,3,1,8,48.4,47.9,18.2,,55.8,47.3,29.0,9,8,316,324,1.9,6,16
Tyler Nubin,97895,S,NYG,13,17,5.1,0,0,21,58.1,65.8,85.2,60.7,76.6,79.4,10.9,6,2,330,339,4.2,14,32
Adetomiwa Adebawore,97934,DI,IND,11,1,1.0,0,0,14,,57.9,40.4,63.6,56.1,30.0,16.7,1,1,59,61,5.1,3,4
Levelle Bailey,97956,LB,DEN,1,0,3.5,0,0,10,52.2,24.2,67.9,60.0,48.9,75.1,0.0,0,0,5,5,20.0,1,2
Derick Hall,98130,ED,SEA,17,8,4.1,0,0,29,71.8,60.0,54.4,67.6,45.7,51.0,15.8,3,3,251,268,2.4,6,8
Jordan Magee,98155,LB,WAS,2,0,,0,0,32,64.3,65.4,93.6,58.2,62.4,,,0,0,8,8,0.0,0,0
Jalen Graham,98165,LB,SF,4,1,0.7,0,0,28,68.4,71.5,74.9,53.3,68.9,79.9,0.0,0,0,25,25,12.0,3,3
DeWayne Carter,98175,DI,BUF,11,5,0.9,0,0,4,62.0,41.4,84.9,48.7,40.1,40.4,13.3,2,0,145,152,4.1,6,8
Derek Stingley Jr.,98253,CB,HST,19,2,7.1,0,0,13,84.4,80.4,68.9,,55.9,57.0,20.0,4,3,404,410,1.5,6,14
Colby Wooden,98312,DI,GB,13,5,3.4,0,0,12,54.9,50.0,59.5,60.7,47.7,50.1,10.0,2,1,99,102,6.1,6,13
Alex Wright,98318,ED,CLV,4,1,3.5,0,0,8,64.2,60.2,0.0,67.2,54.5,55.5,0.0,0,2,37,37,5.4,2,2
George Karlaftis,98319,ED,KC,19,3,3.4,0,0,16,59.0,69.8,92.5,70.3,56.7,60.7,6.7,2,0,317,328,5.0,16,25
Marshawn Kneeland,98344,ED,DAL,11,5,2.8,0,0,9,62.2,50.8,87.7,53.4,47.2,28.3,23.5,4,0,105,108,4.8,5,8
Kayvon Thibodeaux,98444,ED,NYG,12,2,4.8,1,0,21,63.1,69.0,25.2,72.0,65.6,29.1,21.7,5,6,223,228,5.4,12,16
Eric Watts,98459,ED,NYJ,14,5,5.1,0,0,22,78.7,66.1,87.2,46.1,72.1,78.5,0.0,0,0,125,129,3.2,4,7
Zach Harrison,98503,DI,ATL,17,10,1.9,0,0,2,67.1,67.2,63.2,61.4,64.0,67.3,5.0,1,1,118,120,5.9,7,9
Tatum Bethune,98532,LB,SF,4,3,,0,0,28,76.0,72.9,72.0,66.0,57.5,57.1,40.0,2,0,28,28,0.0,0,0
Anfernee Orji,98568,LB,NO,7,4,1.9,0,0,20,49.5,55.2,87.6,47.6,64.1,50.1,12.5,2,0,79,83,7.6,6,10
Swayze Bozeman,98634,LB,KC,1,0,16.5,0,0,16,65.7,60.3,67.5,,54.7,76.2,0.0,0,0,3,3,0.0,0,2
Kaiir Elam,98693,CB,BUF,9,3,6.3,0,0,4,61.4,64.5,36.5,76.6,78.6,88.7,0.0,0,4,126,127,1.6,2,4
Mohamoud Diabate,98780,LB,CLV,13,11,2.4,0,0,8,48.1,51.9,21.4,51.7,63.2,37.3,18.5,10,2,267,273,9.0,24,33
Ty'Ron Hopper,98781,LB,GB,3,0,8.0,0,0,12,53.1,60.7,71.6,,68.8,49.3,50.0,1,0,6,7,0.0,0,1
Jay Ward,98833,S,MIN,5,0,,0,0,18,63.6,63.0,80.7,54.0,61.8,,,0,0,8,8,0.0,0,0
Cor'Dale Flott,98834,CB,NYG,14,6,5.4,0,0,21,61.7,62.2,85.7,68.8,58.4,48.2,19.0,4,1,298,304,1.3,4,11
Cam Smith,98837,CB,MIA,6,1,,1,0,17,30.1,33.6,81.4,60.0,70.9,78.4,0.0,0,4,26,29,0.0,0,0
Jaylen McCollough,98845,S,LA,15,8,8.4,3,0,26,61.6,58.5,6.9,70.2,52.0,78.1,6.3,1,4,84,88,3.6,3,7
Demani Richardson,98852,S,CAR,7,7,7.8,0,0,5,58.6,60.1,39.7,51.1,66.9,74.5,20.0,6,1,183,189,2.7,5,17
Jordan Battle,98857,S,CIN,13,9,4.1,0,0,7,53.0,53.1,81.8,45.5,59.0,61.4,12.9,4,0,160,162,6.3,10,18
Nehemiah Pritchett,98875,CB,SEA,4,2,6.0,0,0,29,35.6,29.5,0.0,,27.0,26.9,40.0,2,1,50,52,0.0,0,1
AJ Finley,98887,S,SEA,5,0,,0,0,29,70.3,71.9,75.0,59.1,62.1,80.5,,0,0,12,12,0.0,0,0
Deantre Prince,98888,CB,JAX,5,0,9.0,0,0,15,65.0,50.6,78.9,,26.5,26.3,75.0,3,1,47,48,0.0,0,1
Brandin Echols,98900,CB,NYJ,11,2,4.1,1,0,22,61.2,56.0,41.8,,40.1,32.7,29.4,5,1,157,163,3.2,5,10
Zacch Pickens,98911,DI,CHI,9,5,4.4,0,0,6,59.3,45.5,83.6,57.6,42.1,62.9,5.9,1,0,120,124,5.8,7,11
DeMarvin Leal,98919,ED,PIT,5,0,13.0,0,0,25,61.8,68.3,80.2,55.4,73.8,71.6,0.0,0,0,22,22,0.0,0,1
Justin Eboigbe,98925,DI,LAC,5,0,9.0,0,0,27,,34.5,75.9,56.2,37.0,67.3,0.0,0,0,17,18,0.0,0,1
Travon Walker,98940,ED,JAX,17,14,2.6,0,0,15,60.9,68.2,55.1,65.2,69.2,44.1,15.7,8,5,329,340,6.7,22,29
Zion Logue,98944,DI,BUF,2,1,4.0,0,0,4,,30.3,78.1,52.6,31.0,68.7,0.0,0,0,18,20,5.6,1,1
Darius Robinson,98946,DI,ARZ,6,2,3.3,0,0,1,,48.4,82.3,48.4,53.4,74.7,0.0,0,0,61,64,6.6,4,6
Isaiah McGuire,98948,ED,CLV,16,7,0.3,0,2,8,58.4,83.3,90.1,67.1,86.1,61.1,4.2,1,0,224,227,6.3,14,16
Henry To'oTo'o,98982,LB,HST,17,27,3.9,0,0,13,55.3,62.4,64.4,59.0,70.4,53.2,16.9,15,2,368,374,7.1,26,47
Christian Harris,98996,LB,HST,4,5,4.4,0,0,13,39.4,39.1,1.0,56.0,53.0,39.1,0.0,0,1,72,72,5.6,4,8
Owen Pappoe,99006,LB,ARZ,8,1,6.3,0,0,1,76.9,63.0,78.9,48.2,45.4,40.9,11.1,1,0,37,39,5.4,2,7
Nolan Smith,99014,ED,PHI,20,9,3.1,0,1,24,63.2,73.9,69.2,68.3,74.0,58.7,5.9,2,2,270,277,4.8,13,23
Jermaine Johnson,99015,ED,NYJ,2,2,0.0,0,0,22,62.1,41.7,0.0,62.3,40.4,27.1,33.3,2,2,33,35,6.1,2,2
Nakobe Dean,99018,LB,PHI,16,25,4.1,0,0,24,62.4,77.4,86.1,82.5,82.5,63.8,8.6,8,1,316,325,13.0,41,60
T'Vondre Sweat,99321,DI,TEN,17,19,2.0,0,0,31,66.1,76.1,77.6,64.7,75.0,69.7,2.0,1,2,322,331,6.2,20,29
Jordan Jefferson,99325,DI,JAX,8,4,3.7,0,0,15,59.8,62.7,44.1,62.6,63.3,73.8,0.0,0,1,87,91,4.6,4,9
Dee Winters,99376,LB,SF,15,6,4.1,0,0,28,80.0,66.4,79.5,48.2,51.2,62.9,19.2,5,0,196,202,4.1,8,15
Khalid Duke,99387,ED,TEN,1,0,1.0,0,0,31,,80.3,74.7,77.5,66.5,69.6,0.0,0,0,9,9,11.1,1,1
Tykee Smith,99500,CB,TB,14,4,0.7,2,0,30,70.0,72.0,28.3,53.8,90.3,60.1,11.8,2,4,159,165,6.3,10,11
Jared Wayne,99691,WR,HST,1,0,,0,0,13,,60.1,60.0,,60.0,,,0,0,1,1,0.0,0,0
Garrett Williams,99723,CB,ARZ,16,9,5.6,0,0,1,83.7,82.0,84.4,64.0,65.1,58.9,21.9,7,1,248,254,2.4,6,16
Jarvis Brownlee Jr.,99734,CB,TEN,17,17,3.1,1,0,31,55.9,59.4,43.2,41.7,77.7,51.9,10.0,4,9,387,398,2.8,11,19
Andrew Booth Jr.,99744,CB,DAL,4,3,5.8,0,0,9,28.7,35.6,79.5,,79.5,75.7,0.0,0,2,55,56,3.6,2,4
SirVocea Dennis,99767,LB,TB,4,1,2.5,0,0,30,74.3,67.3,78.7,51.2,54.1,33.2,16.7,1,1,24,24,4.2,1,4
Ruke Orhorhoro,99768,DI,ATL,8,4,-0.7,0,0,2,60.6,56.2,81.5,55.0,56.7,55.6,12.5,1,0,40,43,7.5,3,3
Renardo Green,99773,CB,SF,15,6,7.3,1,0,28,74.3,69.2,58.1,,46.9,59.7,19.2,5,3,283,286,0.4,1,15
Amare Barno,99780,ED,CAR,5,1,,0,0,5,65.6,58.4,78.7,56.4,56.9,74.2,0.0,0,0,12,12,0.0,0,0
Calijah Kancey,99822,DI,TB,13,3,0.3,0,0,30,71.1,46.0,24.8,61.6,32.2,29.7,22.2,4,5,174,179,5.7,10,11
Kyu Blu Kelly,100375,CB,LV,1,0,10.0,0,0,23,46.6,49.4,70.4,58.7,62.3,74.9,0.0,0,1,5,5,0.0,0,1
Brandon Dorlus,100452,DI,ATL,2,0,2.3,0,0,2,,63.0,74.8,53.2,66.4,29.2,25.0,1,0,11,11,9.1,1,3
Laiatu Latu,100551,ED,IND,17,5,2.6,0,1,14,49.9,72.1,81.3,72.1,63.4,29.8,19.2,5,1,229,235,5.2,12,16
Jacob Cowing,100894,WR,SF,3,0,,0,0,28,,60.7,60.0,,60.0,,,0,2,3,3,0.0,0,0
Sauce Gardner,100903,CB,NYJ,15,2,7.8,1,0,22,73.1,70.2,63.5,78.5,53.6,48.6,23.1,6,10,371,385,1.9,7,18
Ja'Quan McMillian,100931,CB,DEN,18,4,3.3,0,0,10,62.2,60.8,69.8,55.0,55.3,66.5,20.8,5,7,240,246,3.8,9,15
Ray Davis,101072,HB,BUF,1,0,,1,0,4,,60.0,60.4,,60.0,,,0,2,1,1,0.0,0,0
Jacoby Windmon,101226,LB,CAR,4,4,2.6,0,0,5,52.7,50.5,0.0,64.0,55.5,60.1,18.2,2,1,58,61,1.7,1,5
Patrick McMorris,101309,S,MIA,1,0,35.0,0,0,17,61.2,61.7,76.8,57.2,60.0,70.8,0.0,0,0,1,1,0.0,0,1
JL Skinner,101311,S,DEN,4,0,6.0,0,0,10,61.7,66.6,97.3,60.0,64.2,77.3,0.0,0,0,15,15,0.0,0,1
Jerrick Reed II,101322,S,SEA,1,0,,0,0,29,62.0,62.8,71.8,,60.0,,,0,0,1,1,0.0,0,0
Joey Porter Jr.,101364,CB,PIT,17,7,7.0,5,0,25,57.1,55.3,14.0,60.0,55.4,59.3,18.5,5,17,381,392,1.0,4,15
DJ Turner II,101376,CB,CIN,9,0,16.7,0,0,7,68.4,67.8,85.7,,57.1,57.1,40.0,2,3,176,179,0.6,1,3
Deonte Banks,101384,CB,NYG,14,2,11.0,1,0,21,50.3,50.9,62.1,70.4,52.8,72.9,15.4,2,6,334,339,1.2,4,9
Devon Witherspoon,101388,CB,SEA,17,9,7.9,0,0,29,68.7,75.8,49.4,78.3,90.0,52.8,14.9,7,6,394,420,3.8,15,31
Dane Belton,101398,S,NYG,12,9,7.3,0,0,21,61.3,63.0,82.7,57.2,64.4,72.6,7.7,2,0,182,187,2.2,4,15
Adisa Isaac,101406,ED,BLT,3,2,1.7,0,0,3,62.0,66.2,77.1,53.8,73.0,75.2,0.0,0,0,8,8,12.5,1,3
Mazi Smith,101419,DI,DAL,17,10,2.7,1,0,9,61.4,34.8,48.6,49.6,35.9,54.0,7.7,3,3,281,290,6.0,17,26
David Ojabo,101420,ED,BLT,15,2,3.7,0,0,3,44.3,52.9,61.9,55.7,58.6,29.5,28.6,2,1,74,77,2.7,2,3
Mike Morris,101421,DI,SEA,7,1,1.0,0,0,29,60.0,54.4,79.1,51.9,57.6,71.4,0.0,0,0,33,35,3.0,1,1
Sam Okuayinonu,101425,ED,SF,16,6,2.2,0,1,28,56.0,52.8,45.4,61.6,49.3,52.9,10.0,3,3,193,198,8.8,17,21
Leo Chenal,101463,LB,KC,20,10,2.3,0,1,16,69.6,81.5,86.7,56.1,90.1,79.8,4.5,2,0,231,238,8.2,19,32
Maema Njongmeta,101465,LB,CIN,7,0,6.0,0,0,7,71.1,78.4,74.7,,72.7,80.3,0.0,0,0,14,14,7.1,1,1
Tommy Eichenberg,101488,LB,LV,5,1,6.5,1,0,23,27.5,29.8,79.0,53.8,69.4,38.0,25.0,1,1,40,40,0.0,0,2
Jack Campbell,101515,LB,DET,18,32,3.3,0,0,11,74.2,78.7,88.9,53.2,82.5,83.1,6.7,6,3,346,357,10.4,36,51
Keeanu Benton,101536,DI,PIT,18,10,2.7,0,0,25,76.1,69.5,76.9,76.8,47.4,38.6,13.5,5,1,288,294,5.9,17,22
Jaquan Brisker,101665,S,CHI,5,3,3.9,0,0,6,63.5,65.3,27.9,70.3,66.7,69.4,5.6,1,1,119,122,5.9,7,14
Jared Verse,101912,ED,LA,19,14,2.0,1,1,26,56.1,89.3,55.8,85.5,81.0,29.7,19.1,13,5,346,356,9.2,32,41
Isaiah Land,102108,ED,IND,9,0,-1.0,0,0,14,60.0,49.1,26.1,57.9,48.3,71.4,0.0,0,1,26,26,3.8,1,1
Kyle Hamilton,102684,S,BLT,19,14,4.8,0,0,3,88.4,90.0,71.6,88.1,89.2,52.3,11.3,6,2,370,380,5.1,19,33
Isaiah Foskey,102728,ED,NO,9,1,3.7,0,0,20,60.0,54.9,80.9,51.2,58.0,74.6,0.0,0,0,32,32,6.3,2,3
Andre Carter II,102780,ED,LV,2,0,,0,0,23,60.0,48.3,0.0,65.8,55.1,28.6,100.0,1,1,5,5,0.0,0,0
JD Bertrand,102787,LB,ATL,8,2,3.8,0,0,2,39.5,49.8,5.5,66.1,77.2,51.5,12.5,1,1,37,38,5.4,2,5
Marist Liufau,102789,LB,DAL,17,6,2.7,1,0,9,46.3,49.4,28.7,65.6,54.1,52.0,10.3,3,3,249,255,6.0,15,20
Cam Hart,102955,CB,LAC,11,2,6.5,1,0,27,58.1,58.6,14.5,75.3,65.9,77.5,11.1,1,6,138,143,0.7,1,6
Jarius Monroe,103580,S,NYJ,2,0,3.0,0,0,22,50.9,51.1,70.4,58.3,60.9,79.3,0.0,0,0,5,5,20.0,1,1
Omar Brown,103590,S,GB,1,0,,0,0,12,61.3,62.0,67.8,,60.0,,,0,0,1,1,0.0,0,0
Kei'Trel Clark,104163,CB,ARZ,10,0,0.0,0,0,1,65.7,71.7,79.7,77.2,81.5,69.3,0.0,0,0,34,34,5.9,2,2
Chris Edmonds,105737,S,CLV,1,0,,0,0,8,,61.3,66.3,,60.0,,,0,0,3,3,0.0,0,0
Jalyx Hunt,105989,ED,PHI,15,2,3.2,0,0,24,72.8,69.7,84.4,65.7,62.4,56.2,6.3,1,0,128,131,6.3,8,13
Brandon Codrington,106248,CB,BUF,5,0,11.0,0,0,4,50.5,50.1,77.5,,50.9,80.8,0.0,0,1,22,22,4.5,1,2
Kenny Dyson Jr.,106277,ED,CAR,1,1,,0,0,5,60.0,35.1,72.6,64.7,35.4,69.9,0.0,0,0,4,4,0.0,0,0
DJ Coleman,106310,ED,JAX,1,2,,0,0,15,61.3,54.7,91.3,54.4,53.9,73.0,0.0,0,0,6,6,0.0,0,0
Chris Smith,106524,DI,DET,6,1,4.0,0,0,11,60.0,60.6,79.6,60.4,58.2,26.4,33.3,1,0,25,26,0.0,0,1
Truman Jones,106527,ED,NE,1,0,0.0,0,0,19,68.8,69.6,73.8,53.8,65.8,72.8,0.0,0,0,3,3,33.3,1,1
Joe Andreessen,108177,LB,BUF,6,0,4.6,0,0,4,70.9,72.1,77.5,70.0,62.0,72.6,0.0,0,0,42,42,7.1,3,5
Rodney Thomas II,108389,S,IND,3,2,25.0,0,0,14,57.8,56.5,78.1,,56.1,70.0,20.0,1,0,52,53,0.0,0,2
Michael Hoecht,108840,ED,LA,19,18,2.9,0,0,26,40.9,64.7,89.0,63.7,74.7,57.7,10.6,5,1,287,295,6.3,18,24
E.J. Jenkins,109834,TE,PHI,1,0,,0,0,24,,60.0,60.0,,60.0,,,0,0,1,1,0.0,0,0
Dee Alford,110542,CB,ATL,16,4,6.5,0,1,2,55.9,58.2,85.1,61.0,64.5,52.1,20.0,5,0,203,209,3.0,6,16
D'Anthony Bell,111578,S,CLV,6,2,4.5,0,0,8,51.9,57.3,77.1,60.0,66.5,36.3,20.0,1,0,52,53,1.9,1,2
Darrell Luter Jr.,121428,CB,SF,1,0,,0,0,28,,60.0,68.0,,60.0,,,0,0,3,3,0.0,0,0
Jamie Sheriff,121433,ED,SEA,1,0,,0,0,29,,61.5,74.5,62.6,58.9,,,0,0,9,9,0.0,0,0
Natrone Brooks,121449,CB,ATL,3,0,,1,0,2,90.2,80.8,0.0,74.4,49.3,26.7,,0,1,12,13,0.0,0,0
Tyrice Knight,122025,LB,SEA,12,21,5.2,0,0,29,62.5,64.9,83.0,73.3,61.0,79.6,7.5,4,0,224,238,4.9,11,28
Bryan Bresee,122142,DI,NO,17,4,3.3,0,0,20,64.7,36.5,66.7,57.2,28.0,27.9,25.0,4,2,222,228,1.8,4,8
Myles Murphy,122154,ED,CIN,13,4,3.5,0,0,7,69.6,56.5,88.1,56.6,48.6,71.3,0.0,0,0,114,116,4.4,5,12
Trenton Simpson,122157,LB,BLT,15,18,3.5,0,0,3,55.3,58.7,57.4,60.6,63.2,75.5,4.2,2,2,244,253,6.1,15,28
T.J. Tampa,122537,CB,BLT,3,1,,0,0,3,55.3,47.4,71.7,,44.9,29.2,50.0,1,0,11,11,0.0,0,0
Felix Anudike-Uzomah,122582,ED,KC,20,4,0.8,1,0,16,58.1,61.2,72.6,60.3,61.1,48.5,13.0,3,2,153,156,9.8,15,16
Yaya Diaby,122705,ED,TB,18,6,0.6,0,0,30,53.5,78.0,52.1,79.4,74.8,57.9,4.4,2,4,264,270,11.7,31,37
Cedric Gray,122835,LB,TEN,2,1,3.1,0,0,31,45.0,36.8,72.7,,43.5,58.6,14.3,2,0,39,39,12.8,5,11
Caelen Carson,123377,CB,DAL,5,0,6.9,0,0,9,36.7,39.7,81.6,,53.4,41.8,25.0,3,3,111,115,1.8,2,9
Evan Anderson,123590,DI,SF,12,6,2.6,0,0,28,60.0,60.8,59.1,63.3,59.0,76.2,0.0,0,1,147,152,8.2,12,16
Art Green,123666,CB,NYG,3,1,8.0,0,0,21,49.7,48.1,80.6,56.2,48.1,49.8,33.3,1,0,20,20,0.0,0,1
Will Anderson Jr.,123903,ED,HST,16,6,0.1,0,0,13,85.9,87.8,80.3,78.3,78.8,61.8,10.7,3,2,213,217,7.5,16,19
Brian Branch,123907,S,DET,17,12,3.7,0,0,11,77.8,83.7,25.6,88.0,90.8,58.9,9.8,5,9,311,323,8.4,26,34
Chris Braswell,123908,ED,TB,17,5,3.0,0,0,30,51.0,62.1,65.2,67.0,57.3,65.3,8.3,1,1,112,116,3.6,4,6
Drew Sanders,123933,LB,DEN,2,0,4.0,0,0,10,42.0,43.3,73.6,68.7,54.8,38.9,0.0,0,0,5,5,20.0,1,1
Jalen Carter,124019,DI,PHI,20,7,1.0,1,3,24,55.6,73.3,46.1,84.4,55.8,27.4,22.2,10,6,346,352,7.2,25,28
Kelee Ringo,124035,CB,PHI,9,0,6.0,0,0,24,66.4,65.5,83.0,58.5,58.1,56.8,0.0,0,0,48,48,2.1,1,3
Andru Phillips,124075,CB,NYG,13,13,2.6,0,0,21,77.0,78.4,54.0,66.9,78.0,59.5,12.9,4,2,255,261,3.9,10,14
Ali Gaye,124095,ED,TEN,14,1,2.0,0,0,31,63.2,38.3,83.5,51.8,32.9,27.2,25.0,2,0,99,101,5.1,5,5
Dwight McGlothern,124103,CB,MIN,4,0,,0,0,18,82.3,80.5,81.5,,63.2,,,0,0,8,8,0.0,0,0
Eli Ricks,124109,CB,PHI,2,0,,0,0,24,67.1,67.8,89.9,,60.7,72.5,,0,0,6,6,0.0,0,0
Jaquelin Roy,124111,DI,NE,6,4,2.2,0,0,19,,57.7,40.9,61.4,58.5,43.8,10.5,2,1,88,91,11.4,10,13
Cedric Johnson,124136,ED,CIN,6,0,2.7,0,0,7,64.9,70.7,81.2,63.9,68.3,75.7,0.0,0,0,26,26,7.7,2,3
Deane Leonard,124140,CB,LAC,5,0,,0,0,27,76.4,72.8,79.2,,43.3,34.7,100.0,1,0,25,26,0.0,0,0
Tavius Robinson,124147,ED,BLT,19,9,2.9,0,0,3,85.2,62.0,89.9,54.0,58.3,73.7,3.7,1,0,242,251,4.5,11,17
Emmanuel Forbes,124166,CB,LA,7,1,8.0,0,0,26,39.9,39.0,81.0,,40.9,26.2,57.1,4,2,76,77,1.3,1,2
Decamerion Richardson,124183,CB,LV,10,6,11.3,1,0,23,42.2,45.6,86.2,,60.5,73.1,6.3,1,3,196,202,1.5,3,9
Tyrus Wheat,124191,ED,DAL,6,3,3.0,0,0,9,64.1,46.5,52.5,59.3,39.8,56.3,9.1,1,1,89,93,4.5,4,7
Kris Abrams-Draine,124194,CB,DEN,4,0,,0,0,10,74.7,75.1,80.8,,68.6,80.9,,0,1,30,32,0.0,0,0
Jaylon Carlies,124196,LB,IND,10,6,4.7,0,0,14,83.1,69.0,76.6,62.0,52.9,69.3,13.0,3,0,143,146,2.8,4,14
Ennis Rakestraw Jr.,124215,CB,DET,5,0,1.0,0,0,11,41.0,42.8,76.5,,53.3,48.2,50.0,1,0,23,23,4.3,1,1
Edgerrin Cooper,124311,LB,GB,15,13,2.5,0,0,12,77.3,85.6,53.2,90.0,77.2,57.2,12.0,6,1,213,219,10.8,23,31
McKinnley Jackson,124324,DI,CIN,13,5,1.8,0,1,7,65.5,53.0,83.6,51.2,53.1,50.9,0.0,0,0,114,115,7.0,8,10
Antonio Johnson,124326,S,JAX,15,7,8.9,0,0,15,35.1,43.8,55.5,59.2,75.2,76.8,4.5,1,3,220,229,1.8,4,14
Jaylon Jones,124328,CB,IND,17,10,4.7,1,0,14,67.9,67.4,72.0,,62.4,49.9,14.6,6,9,494,505,2.8,14,25
Gervon Dexter Sr.,124374,DI,CHI,15,13,3.7,0,0,6,69.3,69.7,88.1,66.7,60.3,54.9,4.5,2,0,249,255,6.4,16,29
Junior Colson,124827,LB,LAC,11,6,2.9,0,0,27,32.2,36.7,14.5,63.5,54.9,70.7,0.0,0,1,91,92,8.8,8,9
Mekhi Wingo,128050,DI,DET,11,3,2.0,0,0,11,60.7,52.6,82.5,58.9,46.4,72.5,0.0,0,0,67,68,0.0,0,1
Segun Olubi,128312,LB,IND,1,0,6.0,0,1,14,36.0,86.4,67.9,,92.6,76.4,0.0,0,0,17,17,0.0,0,2
Jer'Zhan Newton,129420,DI,WAS,19,15,2.8,0,1,32,67.2,52.7,49.9,62.7,46.3,59.9,2.3,1,3,285,291,5.3,15,27
Lukas Van Ness,129482,ED,GB,18,9,2.8,0,0,12,68.1,52.9,24.9,64.7,44.8,54.3,12.9,4,5,182,191,7.7,14,18
Jakorian Bennett,129496,CB,LV,10,0,5.3,3,0,23,58.9,56.7,85.7,,42.2,30.8,25.0,1,4,159,165,0.6,1,3
Beau Brade,129499,S,BLT,3,0,4.0,0,0,3,54.5,59.2,68.0,,64.9,49.4,0.0,0,0,7,7,14.3,1,2
Tarheeb Still,129537,CB,LAC,15,3,9.1,0,0,27,74.8,75.5,87.8,66.4,69.1,50.2,13.3,2,1,278,284,0.7,2,10
Jaylen Harrell,129579,ED,TEN,16,2,0.0,0,0,31,67.6,38.9,85.8,42.7,38.1,25.3,40.0,4,0,143,145,2.8,4,4
Kris Jenkins,129584,DI,CIN,15,10,2.9,0,0,7,52.4,45.4,86.2,53.5,46.6,41.8,7.1,2,0,232,235,3.9,9,16
Braiden McGregor,129586,ED,NYJ,7,0,3.8,0,0,22,60.0,51.1,29.1,55.3,55.5,74.2,0.0,0,1,42,44,4.8,2,4
Ji'Ayir Brown,129767,S,SF,17,11,4.6,2,0,28,69.5,64.8,89.0,48.0,53.6,48.8,20.0,9,2,382,391,3.9,15,25
Curtis Jacobs,129785,LB,NE,4,0,,0,0,19,50.0,39.8,76.2,54.0,44.2,75.8,,0,0,11,12,0.0,0,0
Sanoussi Kane,129820,S,BLT,4,0,3.0,0,0,3,64.6,71.2,72.8,,69.3,71.7,0.0,0,0,14,14,7.1,1,1
Max Melton,129889,CB,ARZ,17,3,7.4,1,0,1,56.1,54.5,86.0,,44.3,49.4,33.3,5,1,209,213,1.0,2,7
Nick Herbig,129920,ED,PIT,14,3,1.2,0,1,25,47.9,80.7,68.9,91.5,48.2,27.0,35.0,7,1,163,166,4.9,8,10
Quinyon Mitchell,130628,CB,PHI,20,6,10.9,2,0,24,78.8,78.2,71.2,,69.2,65.6,10.5,2,4,384,394,1.0,4,11
Byron Murphy II,131252,DI,SEA,14,12,2.3,0,0,29,55.5,57.8,71.5,64.5,53.6,70.3,0.0,0,1,197,211,7.6,15,20
Christian Gonzalez,131679,CB,NE,16,2,10.1,2,0,19,78.2,76.0,67.3,74.9,59.2,75.8,16.7,3,3,403,412,1.0,4,13
Noah Sewell,131722,LB,CHI,2,0,,1,0,6,,30.8,0.0,56.1,60.1,,,0,1,3,3,0.0,0,0
Mitchell Agude,131787,ED,DET,3,0,6.5,0,0,11,65.6,51.6,78.7,52.3,40.9,26.0,50.0,2,0,15,15,0.0,0,2
Tuli Tuipulotu,131840,ED,LAC,18,9,2.6,0,1,27,56.9,66.5,80.6,64.1,65.3,28.1,25.7,9,1,276,284,4.0,11,17
Clark Phillips III,131871,CB,ATL,13,3,2.4,0,0,2,76.0,76.5,83.7,55.8,72.5,43.6,20.0,2,0,148,152,2.7,4,5
Chau Smith-Wade,131956,CB,CAR,10,5,8.6,1,0,5,49.6,51.6,29.4,46.2,67.2,66.8,15.0,3,4,101,105,4.0,4,12
Jaylen Watson,131960,CB,KC,9,2,3.9,1,0,16,71.7,69.6,50.1,51.3,62.0,51.4,30.8,4,3,185,193,2.7,5,7
Sam Webb,134606,CB,LV,3,0,,0,0,23,63.8,66.6,71.6,,60.3,,,0,0,9,9,0.0,0,0
Jermaine Jackson,141559,WR,NO,1,0,,0,0,20,,59.9,60.0,,60.0,,,0,0,1,1,0.0,0,0
Myles Harden,141857,CB,CLV,4,1,,0,0,8,31.5,33.1,74.7,60.0,51.8,31.0,50.0,1,0,17,18,0.0,0,0
Malik Mustapha,142358,S,SF,15,19,7.9,0,0,28,60.1,63.9,86.1,72.1,66.3,63.2,10.2,6,0,329,338,2.4,8,34
Kamren Kinchens,143946,S,LA,17,4,9.1,0,0,26,73.7,71.5,16.9,67.3,65.1,62.1,16.7,4,2,190,193,1.1,2,16
Leonard Taylor III,143953,DI,NYJ,14,4,2.5,0,0,22,60.1,62.7,58.5,69.9,56.9,48.8,13.6,3,1,139,147,6.5,9,15
James Williams,143955,LB,TEN,3,1,6.6,0,0,31,51.5,55.0,78.1,54.7,60.7,71.7,0.0,0,0,64,64,3.1,2,10
Jeremiah Trotter Jr.,144142,LB,PHI,8,2,6.5,0,0,24,74.8,76.0,78.8,56.2,68.4,68.9,9.1,1,0,50,50,8.0,4,8
Nate Wiggins,144143,CB,BLT,17,2,8.8,2,0,3,69.0,72.6,86.5,76.1,84.5,56.5,0.0,0,8,210,213,1.0,2,8
Cooper DeJean,144867,CB,PHI,17,8,4.9,1,1,24,84.2,86.3,62.9,58.7,90.4,55.1,5.6,1,3,256,261,1.6,4,9
Chop Robinson,144901,ED,MIA,17,5,1.0,0,0,17,52.4,70.0,57.1,78.7,55.4,30.8,31.3,5,3,164,170,3.0,5,6
Austin Booker,144990,ED,CHI,17,1,1.9,0,0,6,70.8,52.5,66.7,59.4,43.1,29.9,21.4,3,1,116,120,8.6,10,10
Michael Hall Jr.,145076,DI,CLV,8,5,0.9,0,0,8,61.0,67.7,83.0,61.6,67.8,60.1,7.7,1,0,65,65,7.7,5,7
Tre Hawkins III,145387,CB,NYG,2,1,9.0,0,0,21,79.6,79.0,76.8,,70.0,59.9,22.2,2,0,40,41,5.0,2,6
Thomas Incoom,145694,ED,CAR,4,0,-0.5,0,0,5,91.7,77.9,79.8,50.0,65.6,79.2,0.0,0,0,17,17,11.8,2,2
Bo Richter,145962,ED,MIN,3,1,1.0,0,0,18,64.9,72.1,76.2,53.4,86.3,73.3,0.0,0,0,5,5,20.0,1,1
Morice Norris Jr.,146033,S,DET,2,0,,0,0,11,39.1,38.4,73.5,,62.4,80.2,,0,0,14,14,0.0,0,0
Calen Bullock,146424,S,HST,19,5,18.3,0,0,13,36.2,47.9,66.4,56.7,77.9,55.9,13.0,3,2,393,398,0.5,2,15
Cole Bishop,146454,S,BUF,11,6,7.3,0,0,4,48.7,52.0,81.9,82.7,56.7,44.2,21.4,6,1,175,181,2.9,5,16
Jonah Elliss,146458,ED,DEN,18,4,2.3,0,0,10,28.7,54.6,86.5,60.4,64.7,66.4,5.9,1,0,142,147,5.6,8,12
Jaden Hicks,146512,S,KC,17,5,6.3,0,0,16,75.7,75.1,43.9,51.2,71.5,88.4,5.6,1,1,163,166,3.1,5,12
Kool-Aid McKinstry,146602,CB,NO,14,2,9.3,0,0,20,67.1,66.1,87.7,57.6,55.9,44.4,28.6,4,0,237,244,1.7,4,8
Terrion Arnold,146603,CB,DET,17,7,5.6,0,0,11,50.2,50.8,68.7,59.1,54.8,76.3,0.0,0,10,309,321,1.6,5,10
Dallas Turner,146604,ED,MIN,17,3,4.2,1,0,18,77.5,64.1,64.0,55.3,62.7,58.4,18.2,2,1,98,104,4.1,4,6
Javon Bullard,146726,S,GB,16,7,7.1,0,0,12,49.0,54.2,86.5,58.0,67.7,71.1,14.8,4,1,303,309,2.6,8,16
Kamari Lassiter,146727,CB,HST,16,6,3.7,2,0,13,77.5,74.7,87.6,38.9,60.8,52.8,16.7,5,3,340,346,2.6,9,19
Trevin Wallace,146747,LB,CAR,11,9,5.5,0,0,5,64.2,56.0,84.1,61.5,46.9,63.1,12.5,5,0,275,285,3.3,9,26
Maason Smith,146774,DI,JAX,11,3,2.0,0,0,15,59.7,43.7,85.4,52.1,39.7,50.5,0.0,0,0,139,142,4.3,6,8
Marcellas Dial,146902,CB,NE,4,0,0.0,0,0,19,49.4,53.4,84.2,,67.6,78.8,0.0,0,0,30,30,3.3,1,1
Byron Young,146932,ED,LA,19,15,3.5,1,0,26,61.9,61.6,45.9,66.8,55.7,41.8,15.7,8,6,351,359,4.0,14,28
Julius Wood,151039,S,TEN,2,1,,0,0,31,60.5,64.4,67.9,,60.0,75.2,0.0,0,0,3,3,0.0,0,0
Sam Roberts,156069,DI,CAR,3,1,,0,0,5,,68.7,76.2,52.6,73.9,68.6,0.0,0,0,10,10,0.0,0,0
Kader Kohou,156070,CB,MIA,15,3,12.1,0,0,17,68.9,64.5,30.1,49.0,51.2,28.4,28.6,4,4,205,218,0.5,1,7
Joshua Williams,156083,CB,KC,12,1,4.1,1,0,16,68.3,64.3,0.0,75.9,62.0,33.1,20.0,2,6,123,126,1.6,2,7
Dallis Flowers,156091,CB,TB,4,0,6.5,1,0,30,65.7,60.4,0.0,,51.8,45.1,33.3,1,1,30,31,3.3,1,2
Jeremiah Pharms Jr.,156117,DI,NE,16,9,1.7,0,0,19,60.6,58.1,85.9,56.6,57.0,56.4,6.9,2,0,187,191,7.5,14,18
Dondrea Tillman,156124,ED,DEN,13,10,3.6,1,0,10,63.0,69.1,63.8,64.5,69.2,37.4,15.4,4,1,96,98,10.4,10,12
Dee Williams,157609,CB,NYG,1,0,,0,0,21,,60.0,69.0,,60.0,,,0,0,4,4,0.0,0,0
Levi Drake Rodriguez,165670,DI,MIN,1,0,0.0,0,0,18,,75.5,93.8,69.0,65.2,67.3,0.0,0,0,5,5,20.0,1,1
Caleb Murphy,169634,ED,LAC,3,0,3.0,0,0,27,58.9,56.4,77.8,54.0,66.1,71.1,0.0,0,0,10,10,10.0,1,1
Qwan'tez Stiggers,169764,CB,NYJ,3,0,4.0,0,0,22,54.8,58.3,75.5,,68.4,49.1,0.0,0,1,17,18,5.9,1,2
Trevor Nowaske,169859,ED,DET,13,2,4.0,0,0,11,45.1,51.0,86.2,54.8,55.5,54.9,11.1,1,0,110,113,3.6,4,6
