year,week,team,player,status,plays_probability,workload_if_active,note
2026,1,NE,A.J. Brown,out,,,
2026,1,ARI,Jeremiyah Love,questionable,0.85,,
2026,1,NYG,Malik Nabers,questionable,0.99,,
2026,1,LV,Brock Bowers,out,0.0,,
2026,1,CHI,Rome Odunze,questionable,0.95,,
2026,1,NE,TreVeyon Henderson,out,0.0,,
2026,1,NO,Jordyn Tyson,out,,,
2026,1,GB,Josh Jacobs,out,,,
2026,1,WAS,Jacory Croskey-Merritt,questionable,1.0,,
2026,1,SEA,Zach Charbonnet,out,,,
2026,1,TB,Jalen McMillan,doubtful,0.01,,
2026,1,NO,Alvin Kamara,questionable,0.25,,
2026,1,DET,Isiah Pacheco,out,,,
2026,1,HOU,Tank Dell,out,,,
2026,1,ARI,James Conner,out,,,
2026,1,PHI,Eli Stowers,out,0.45711,,
2026,1,SF,Jordan James,out,,,
2026,1,TB,Sean Tucker,doubtful,0.01,,
2026,1,SF,Christian Kirk,out,,,
2026,1,ATL,Tua Tagovailoa,out,0.05536,,
2026,1,ATL,Michael Penix Jr.,out,0.88552,,injured
2026,1,JAC,LeQuint Allen Jr.,questionable,0.25118,,
2026,1,BAL,Adam Randall,out,,,
2026,1,LAR,Max Klare,out,,,
2026,1,SEA,Tory Horton,out,0.45351,,
2026,1,LAR,Tutu Atwell,out,,,
2026,1,NO,Oscar Delp,out,0.0,,
2026,1,BUF,Ty Johnson,questionable,0.1774,,
2026,1,LAR,CJ Daniels,out,,,
2026,1,ARI,Trey Benson,out,,,
2026,1,CAR,Trevor Etienne,out,,,
2026,1,LV,Dont'e Thornton Jr.,out,,,
2026,1,GB,Luke Musgrave,out,,,
2026,1,NO,Audric Estime,out,0.0,,
2026,1,SF,Isaac Guerendo,out,,,
2026,1,GB,Savion Williams,out,,,
2026,1,SF,Brandon Aiyuk,out,,,
2026,1,CHI,Tyson Bagent,questionable,0.03172,,
2026,1,LAR,Ty Simpson,out,,,
2026,1,NO,Cameron Jordan,out,0.0,,
2026,1,FA,Brandon Graham,out,,,retired
2026,1,FA,Russell Wilson,out,,,retired
2026,1,FA,Teddy Bridgewater,out,,,retired
2026,1,LAR,Aaron Donald,out,0.0,,
2026,1,FA,Adam Thielen,out,,,retired
2026,1,LAC,Denzel Perryman,out,,,
2026,1,FA,C.J. Uzomah,out,,,retired
2026,1,NYG,Roy Robertson-Harris,out,,,
2026,1,MIN,Jamal Adams,out,,,
2026,1,WAS,Jeremy McNichols,out,,,
2026,1,WAS,Deatrich Wise Jr.,out,,,
2026,1,NYJ,Tim Patrick,out,0.0,,
2026,1,TEN,Tanoh Kpassagnon,out,,,
2026,1,CHI,Xavier Woods,questionable,0.47844,,
2026,1,FA,Nick Chubb,out,,,retired
2026,1,WAS,Daron Payne,questionable,1.0,,
2026,1,WAS,Dorance Armstrong Jr.,out,,,
2026,1,NE,Harold Landry III,out,,,
2026,1,PIT,DeShon Elliott,out,,,
2026,1,HOU,M.J. Stewart Jr.,out,,,
2026,1,FA,Parris Campbell,out,,,retired
2026,1,TB,David Sills V,out,,,
2026,1,NO,David Long Jr.,out,,,
2026,1,HOU,E.J. Speed,out,,,
2026,1,IND,D.J. Montgomery,out,,,
2026,1,NYG,Gunner Olszewski,out,,,
2026,1,WAS,K'Lavon Chaisson,questionable,1.0,,
2026,1,BAL,Nnamdi Madubuike,out,0.0,,
2026,1,PHI,Jonathan Greenard,out,0.0,,
2026,1,ATL,Trey Sermon,out,,,
2026,1,NO,Ty Chandler,out,,,
2026,1,CAR,Tershawn Wharton,out,,,
2026,1,TB,Christian Rozeboom,questionable,0.47844,,
2026,1,GB,Micah Parsons,out,,,
2026,1,LAR,Bill Murray,out,,,
2026,1,LV,Seth Williams,out,,,
2026,1,CLE,Jeremiah Owusu-Koramoah,out,,,
2026,1,NYJ,Joseph Ossai,out,0.0,,
2026,1,WAS,Odafe Oweh,questionable,1.0,,
2026,1,PIT,Israel Mukuamu,out,,,
2026,1,DET,Payton Turner,out,,,
2026,1,NYJ,Tre Brown,out,,,
2026,1,SEA,Jalen Milroe,out,,,
2026,1,ATL,Beaux Collins,out,,,
2026,1,NO,Moliki Matavao,out,,,
2026,1,NE,Behren Morton,out,,,
2026,1,CLE,Dillon Gabriel,out,,,
2026,1,HOU,Graham Mertz,out,,,
2026,1,NYJ,Kene Nwangwu,out,0.0,,
2026,1,CAR,Patrick Jones II,out,0.0,,
2026,1,SF,Darrick Forrest,out,,,
2026,1,SF,Nate Hobbs,out,,,
2026,1,CHI,Tony Fields II,out,,,
2026,1,TEN,Milo Eifler,out,,,
2026,1,MIA,Cole Turner,out,,,
2026,1,CHI,Coby Bryant,out,,,
2026,1,BUF,Phidarian Mathis,out,,,
2026,1,NYG,Calvin Austin III,out,,,
2026,1,CHI,Kyler Gordon,out,,,
2026,1,DET,Kerby Joseph,out,,,
2026,1,DET,Damone Clark,out,,,
2026,1,IND,Will Mallory,out,,,
2026,1,HOU,Ali Gaye,out,,,
2026,1,ARI,Garrett Williams,out,0.0,,
2026,1,ATL,DeAngelo Malone,out,,,
2026,1,CLE,Kalia Davis,out,,,
2026,1,ARI,Zach Carter,out,,,injured
2026,1,CHI,Nephi Sewell,out,,,
2026,1,TEN,Joshua Williams,out,,,injured
2026,1,NYG,Jarrick Bernard-Converse,out,,,
2026,1,DEN,Matt Henningsen,out,,,
2026,1,IND,Cam Taylor-Britt,out,,,
2026,1,LV,Justin Shorter,out,,,
2026,1,CIN,Ja'Sir Taylor,out,,,
2026,1,CHI,Nikola Kalinic,out,,,
2026,1,BAL,Skylar Thompson,out,,,
2026,1,PHI,Grant Calcaterra,out,,,
2026,1,DAL,Malik Davis,out,0.0,,
2026,1,MIA,Darrell Baker Jr.,out,,,
2026,1,CLE,Damarri Mathis,out,,,
2026,1,ARI,Joey Blount,out,,,
2026,1,CLE,Alex Wright,out,,,
2026,1,CHI,Brittain Brown,out,,,
2026,1,LAC,Deane Leonard,out,0.0,,
2026,1,TEN,Nazeeh Johnson,out,,,
2026,1,SF,Sam Okuayinonu,out,,,
2026,1,NO,Bryan Bresee,out,,,
2026,1,PIT,Joey Porter Jr.,questionable,0.47844,,
2026,1,CHI,Noah Sewell,out,,,
2026,1,NE,Brenden Schooler,out,,,
2026,1,LAR,Keir Thomas II,out,,,
2026,1,NYJ,Kingsley Jonathan,out,,,
2026,1,SEA,Irv Charles,out,,,
2026,1,HOU,Ja'Marcus Ingram,out,,,injured
2026,1,DET,Brian Branch,out,,,
2026,1,PHI,Jakorian Bennett,out,,,injured
2026,1,IND,Cameron Mitchell,out,,,
2026,1,PHI,Johnny Wilson,out,,,
2026,1,SEA,Jake Bobo,out,,,
2026,1,FA,Ben Sims,out,,,injured
2026,1,LAC,Tuli Tuipulotu,questionable,0.44178,,
2026,1,NO,Lorenzo Styles Jr.,out,,,
2026,1,SEA,Mike Morris,out,,,
2026,1,IND,Austin Ajiake,out,0.34697,,
2026,1,HOU,Dylan Horton,out,,,
2026,1,KC,Chamarri Conner,out,0.0,,
2026,1,GB,Jordon Riley,out,,,
2026,1,SF,Andrew Farmer II,out,,,
2026,1,LAC,Scott Matlock,out,,,injured
2026,1,TB,Josh Hayes,out,,,
2026,1,TEN,Kendell Brooks,out,,,
2026,1,SEA,Ty Okada,out,0.0,,
2026,1,GB,Trey Dean III,out,,,
2026,1,NO,Rejzohn Wright,out,,,
2026,1,BUF,Tyrell Shavers,out,,,
2026,1,NE,Julian Hill,out,,,
2026,1,DET,Christian Izien,questionable,0.47844,,
2026,1,DAL,Princeton Fant,out,,,
2026,1,BAL,Devontez Walker,questionable,0.45637,,
2026,1,DET,Kendrick Law,out,,,
2026,1,NO,Jaylan Ford,out,,,injured
2026,1,TEN,Cedric Gray,out,0.0,,
2026,1,GB,Ty'Ron Hopper,questionable,0.30916,,
2026,1,FA,Ja'Lynn Polk,out,,,retired
2026,1,SF,Ricky Pearsall,out,,,
2026,1,WAS,Jer'Zhan Newton,out,,,
2026,1,TB,Mohamed Kamara,out,,,
2026,1,DAL,Marist Liufau,out,,,injured
2026,1,LV,Brennan Jackson,out,,,
2026,1,ARI,Dadrion Taylor-Demerson,out,0.0,,
2026,1,ATL,JD Bertrand,out,,,
2026,1,MIA,Storm Duck,out,,,
2026,1,MIN,Jeshaun Jones,out,,,
2026,1,ARI,Tip Reiman,out,,,
2026,1,TEN,Dominique Hampton,out,,,
2026,1,PIT,Logan Lee,out,,,
2026,1,SF,Tatum Bethune,out,,,
2026,1,TEN,Jaylen Harrell,out,,,
2026,1,CHI,Beanie Bishop Jr.,out,,,
2026,1,NO,Mason Tipton,out,,,
2026,1,MIN,Taki Taimani,out,,,
2026,1,LV,Chigozie Anusiem,out,,,
2026,1,LV,Chris Collier,out,,,
2026,1,MIN,Jacob Roberts,out,,,
2026,1,PHI,Andre' Sam,out,,,
2026,1,DEN,Levelle Bailey,out,,,
2026,1,GB,Thomas Yassmin,out,,,
2026,1,MIN,Kenny Dyson Jr.,out,,,
2026,1,SF,Mykel Williams,out,,,
2026,1,ATL,James Pearce Jr.,out,,,
2026,1,CAR,Nic Scourton,out,,,
2026,1,MIA,Kenneth Grant,out,,,
2026,1,ATL,Jalon Walker,out,,,
2026,1,BUF,T.J. Sanders,questionable,0.38768,,
2026,1,SEA,Nick Emmanwori,out,0.48208,,
2026,1,CIN,Shemar Stewart,doubtful,0.01376,,
2026,1,GB,Collin Oliver,out,,,injured
2026,1,HOU,Jayden Higgins,out,,,
2026,1,SF,Alfred Collins,out,0.0,,
2026,1,BUF,Dorian Strong,out,,,
2026,1,BUF,Jordan Hancock,questionable,0.57663,,
2026,1,SF,Kurtis Rourke,out,,,
2026,1,SF,Nick Martin,out,,,
2026,1,BAL,Teddye Buchanan,out,0.0,,
2026,1,NYG,Thaddeus Dixon,out,,,
2026,1,WAS,Trey Amos,out,,,
2026,1,NYJ,Tyler Baron,out,,,
2026,1,CHI,Shemar Turner,out,,,
2026,1,KC,Omarr Norman-Lott,out,,,
2026,1,ATL,Billy Bowman Jr.,questionable,0.46794,,
2026,1,MIA,Trey Moore,out,,,
2026,1,MIN,Tyler Batty,out,,,
2026,1,NYG,Korie Black,out,,,injured
2026,1,BAL,Bilhal Kone,out,,,injured
2026,1,CLE,Joe Royer,out,,,
2026,1,FA,Le'Veon Moss,out,,,retired
2026,1,NE,Efton Chism III,out,,,
2026,1,SEA,Robbie Ouzts,out,,,
2026,1,SF,Jordan Watkins,out,,,
2026,1,GB,Warren Brinson,out,0.0,,
2026,1,PIT,Donte Kent,out,,,
2026,1,DEN,Caleb Lohner,out,,,
2026,1,SEA,Power Echols,out,,,
2026,1,KC,Ethan Downs,out,,,
2026,1,GB,Johnathan Baldwin II,out,,,
2026,1,CAR,Bam Martin-Scott,out,,,
2026,1,TEN,Dorian Mausi,out,,,injured
2026,1,MIN,Dontae Fleming,out,,,
2026,1,SEA,Brock Lampe,out,,,
2026,1,HOU,K.C. Ossai,out,,,
2026,1,MIN,Ben Yurosek,out,,,
2026,1,NE,Jeremiah Webb,out,,,
2026,1,JAC,Jared Bartlett,out,,,
2026,1,SEA,Nick Kallerup,out,,,
2026,1,JAC,Travis Hunter (CB),out,,,injury
2026,1,KC,Jimmy Holiday,out,,,
2026,1,BUF,Zane Durant,out,,,
2026,1,NYJ,D'Angelo Ponds,doubtful,0.03107,,
2026,1,SF,Mikail Kamara,out,,,
2026,1,CAR,Chris Brazzell II,out,,,
2026,1,HOU,Kayden McDonald,out,1.0,,
2026,1,NYJ,Chip Trayanum,out,,,
2026,1,KC,John Michael Gyllenborg,out,,,
2026,1,TEN,Jaren Kanak,out,,,
2026,1,FA,Trinidad Chambliss,out,,,other
2026,1,DAL,Devin Moore,out,,,injured
2026,1,SEA,Bud Clark,out,,,
2026,1,NYJ,VJ Payne,out,,,injured
2026,1,LV,Keyron Crawford,out,,,
2026,1,ARI,Jameson Geers,out,,,
2026,1,MIN,Tyreek Chappell,out,,,
2026,1,DAL,DJ Rogers,out,,,
2026,1,KC,Jeff Caldwell,out,,,
2026,1,ARI,Kaleb Proctor,out,,,
2026,1,IND,Carson Towt,out,,,
2026,1,NE,Myles Montgomery,out,,,
2026,1,SF,Ephesians Prysock,out,,,
2026,1,NE,Karon Prunty,out,,,
2026,1,JAC,Parker Hughes,out,,,
2026,1,JAC,Zach Durfee,out,,,injured
2026,1,ATL,Anterio Thompson,out,,,
2026,1,MIN,Marcus Allen,out,,,
2026,1,LAR,Matthew Caldwell,out,,,
2026,1,SF,James Thompson Jr.,questionable,0.63682,,
2026,1,CHI,Hayden Large,out,,,
2026,1,TB,Deshawn McKnight,out,,,
2026,1,DAL,Kelvin Gilliam Jr.,out,,,
2026,1,NE,Erick Hunter,out,,,
2026,1,MIA,Rene Konga,out,,,
2026,1,LAR,Eddie Walls III,out,,,
2026,1,PHI,Tucker Large,out,,,
2026,1,BAL,Jahquez Robinson,out,,,
2026,1,LV,Corey Rucker,out,,,
2026,1,NE,Khalil Jacobs,out,,,
2026,1,GB,Marlon Jones,out,,,
2026,2,LAR,Puka Nacua,questionable,0.68984,,
2026,2,HOU,Nico Collins,out,0.0,,
2026,2,NO,Chris Olave,questionable,0.95,,
2026,2,BAL,Zay Flowers,out,0.01376,,
2026,2,LV,Brock Bowers,doubtful,0.01458,,
2026,2,LAC,Ladd McConkey,questionable,0.64685,,
2026,2,NE,A.J. Brown,out,,,
2026,2,CIN,Joe Burrow,questionable,0.95,,
2026,2,JAC,Brian Thomas Jr.,questionable,1.0,,
2026,2,PIT,Michael Pittman Jr.,out,0.0,,
2026,2,JAC,Jakobi Meyers,questionable,1.0,,
2026,2,CHI,Kyle Monangai,questionable,1.0,,
2026,2,MIN,Jordan Mason,out,,,
2026,2,DEN,RJ Harvey,questionable,0.25,,
2026,2,NO,Jordyn Tyson,out,,,injured
2026,2,MIN,Kyler Murray,out,0.0,,
2026,2,SF,Kaelon Black,questionable,0.95,,
2026,2,SF,De'Zhaun Stribling,out,0.0,,
2026,2,WAS,Chig Okonkwo,out,0.0,,
2026,2,SEA,Zach Charbonnet,out,,,
2026,2,TB,Jalen McMillan,questionable,0.95,,
2026,2,SEA,Sam Darnold,out,0.0,,
2026,2,BAL,Ja'Kobi Lane,out,,,
2026,2,MIN,Jauan Jennings,out,0.0,,
2026,2,NYJ,Omar Cooper Jr.,out,0.0,,
2026,2,SF,Eddy Pineiro,questionable,0.16042,,
2026,2,CLE,Dylan Sampson,out,,,
2026,2,DEN,Marvin Mims Jr.,out,0.0,,
2026,2,ATL,Michael Penix Jr.,out,0.0,,
2026,2,DET,Isiah Pacheco,out,,,
2026,2,ARI,James Conner,out,,,injured
2026,2,PHI,Eli Stowers,out,,,
2026,2,JAC,LeQuint Allen Jr.,questionable,1.0,,
2026,2,BUF,Skyler Bell,out,,,
2026,2,BUF,Ty Johnson,out,0.55033,,
2026,2,ATL,Tua Tagovailoa,doubtful,0.0,,
2026,2,BAL,Adam Randall,out,,,injured
2026,2,HOU,Tank Dell,out,,,injured
2026,2,SF,Christian Kirk,out,,,
2026,2,IND,DJ Giddens,questionable,0.54139,,
2026,2,SF,Jake Tonges,out,,,
2026,2,SF,Brandon Aiyuk,out,,,
2026,2,NO,Audric Estime,out,,,
2026,2,CAR,Trevor Etienne,out,,,
2026,2,GB,Savion Williams,out,,,injured
2026,2,ARI,Trey Benson,out,,,
2026,2,TEN,Cedric Gray,questionable,0.53934,,
2026,2,LAR,Myles Garrett,out,,,
2026,2,SEA,Nick Emmanwori,questionable,0.3484,,
2026,2,KC,Chamarri Conner,out,0.0,,
2026,2,DAL,DeMarvion Overshown,out,0.0,,
2026,2,NYJ,Minkah Fitzpatrick,out,0.0,,
2026,2,WAS,Frankie Luvu,out,0.0,,
2026,2,HOU,Henry To'oTo'o,out,,,
2026,2,GB,Micah Parsons,out,,,
2026,2,BAL,Teddye Buchanan,out,0.0,,
2026,2,DET,Brian Branch,out,,,
2026,2,NO,Chase Young,questionable,0.80608,,
2026,2,BAL,Trey Hendrickson,questionable,0.79038,,
2026,2,BUF,Cole Bishop,questionable,0.76832,,
2026,2,NYG,Paulson Adebo,out,0.21508,,
2026,2,KC,Chris Jones,questionable,0.75726,,
2026,2,LAC,Denzel Perryman,out,,,
2026,2,BUF,Ed Oliver,out,,,
2026,2,FA,Brandon Graham,out,,,retired
2026,2,FA,Russell Wilson,out,,,retired
2026,2,FA,Teddy Bridgewater,out,,,injured
2026,2,HOU,Jadeveon Clowney,out,0.0,,
2026,2,FA,Adam Thielen,out,,,retired
2026,2,FA,C.J. Uzomah,out,,,retired
2026,2,ARI,Andrew Billings,questionable,0.47506,,
2026,2,TB,Miles Killebrew,questionable,0.77329,,
2026,2,GB,Javon Hargrave,out,0.0,,
2026,2,NYG,Roy Robertson-Harris,out,,,
2026,2,NO,Zach Wood,out,0.0,,
2026,2,DAL,Malik Hooker,out,0.0,,
2026,2,MIN,Jamal Adams,out,,,
2026,2,WAS,Jeremy McNichols,out,,,
2026,2,WAS,Deatrich Wise Jr.,out,,,
2026,2,NYJ,Tim Patrick,out,,,
2026,2,TEN,Tanoh Kpassagnon,out,,,
2026,2,FA,Nick Chubb,out,,,retired
2026,2,NE,Carlton Davis III,out,0.0,,
2026,2,MIA,Ronnie Harrison Jr.,out,0.0,,
2026,2,NE,Harold Landry III,out,,,
2026,2,PIT,DeShon Elliott,out,,,
2026,2,ATL,Da'Shawn Hand,out,,,
2026,2,DET,D.J. Reed Jr.,questionable,0.83358,,
2026,2,CIN,B.J. Hill,questionable,,,
2026,2,HOU,M.J. Stewart Jr.,out,,,
2026,2,NE,Dre'Mont Jones,questionable,0.74109,,
2026,2,FA,Parris Campbell,out,,,retired
2026,2,TB,David Sills V,out,,,
2026,2,NO,David Long Jr.,out,,,
2026,2,IND,Ashton Dulin,out,0.0,,
2026,2,HOU,E.J. Speed,out,,,
2026,2,IND,D.J. Montgomery,out,,,
2026,2,NYG,Gunner Olszewski,out,,,
2026,2,WAS,Javon Kinlaw,questionable,0.78673,,
2026,2,ATL,A.J. Terrell Jr.,questionable,0.63574,,
2026,2,BAL,Nnamdi Madubuike,out,0.0,,
2026,2,PHI,Jonathan Greenard,out,0.0,,
2026,2,ATL,Trey Sermon,out,,,
2026,2,NO,Ty Chandler,out,,,
2026,2,CLE,Noah Igbinoghene,questionable,,,
2026,2,CAR,Tershawn Wharton,out,,,
2026,2,LV,Seth Williams,out,,,
2026,2,CLE,Jeremiah Owusu-Koramoah,out,,,
2026,2,NYJ,Joseph Ossai,out,0.0,,
2026,2,CLE,Tyson Campbell,questionable,0.71517,,
2026,2,LAC,Elijah Molden,out,0.0,,
2026,2,PIT,Israel Mukuamu,out,,,
2026,2,CAR,Bobby Brown III,out,0.0,,
2026,2,DET,Payton Turner,out,,,
2026,2,GB,Benjamin St-Juste,questionable,0.63147,,
2026,2,NYJ,Tre Brown,out,,,
2026,2,ARI,Roy Lopez,questionable,0.65672,,
2026,2,ATL,Beaux Collins,out,,,injured
2026,2,NO,Moliki Matavao,out,,,
2026,2,LAR,Jordan Whittington,doubtful,0.01376,,
2026,2,CLE,Dillon Gabriel,out,,,
2026,2,HOU,Graham Mertz,out,,,
2026,2,NYJ,Kene Nwangwu,out,0.0,,
2026,2,CAR,Patrick Jones II,questionable,0.49267,,
2026,2,SF,Darrick Forrest,out,,,
2026,2,SF,Nate Hobbs,out,,,
2026,2,CHI,Tony Fields II,out,,,
2026,2,TEN,Milo Eifler,out,,,
2026,2,MIA,Cole Turner,out,,,
2026,2,CHI,Coby Bryant,out,,,
2026,2,BUF,Phidarian Mathis,out,,,
2026,2,NYG,Calvin Austin III,out,,,
2026,2,CHI,Kyler Gordon,out,,,
2026,2,DET,Kerby Joseph,out,,,
2026,2,DET,Damone Clark,out,,,
2026,2,IND,Will Mallory,out,,,injured
2026,2,HOU,Ali Gaye,out,,,
2026,2,ARI,Garrett Williams,out,0.0,,
2026,2,NYG,Micah McFadden,questionable,0.40723,,
2026,2,ATL,DeAngelo Malone,out,,,
2026,2,CLE,Kalia Davis,out,,,
2026,2,ARI,Zach Carter,out,,,injured
2026,2,CHI,Nephi Sewell,out,,,
2026,2,TEN,Joshua Williams,out,,,injured
2026,2,NYG,Jarrick Bernard-Converse,out,,,
2026,2,DEN,Matt Henningsen,out,,,
2026,2,LV,Justin Shorter,out,,,
2026,2,CIN,Ja'Sir Taylor,out,,,
2026,2,CHI,Nikola Kalinic,out,,,
2026,2,BAL,Skylar Thompson,out,,,
2026,2,PHI,Grant Calcaterra,out,,,injured
2026,2,DAL,Malik Davis,out,,,
2026,2,MIA,Darrell Baker Jr.,out,,,
2026,2,CLE,Damarri Mathis,out,,,
2026,2,ARI,Joey Blount,out,,,
2026,2,LV,Aidan O'Connell,out,,,injured
2026,2,LAC,KeAndre Lambert-Smith,out,,,
2026,2,CLE,Alex Wright,out,,,
2026,2,TEN,Cor'Dale Flott,questionable,0.53029,,
2026,2,CHI,Brittain Brown,out,,,
2026,2,LAC,Deane Leonard,questionable,0.50828,,
2026,2,TEN,Nazeeh Johnson,out,,,
2026,2,SF,Sam Okuayinonu,out,,,
2026,2,NO,Bryan Bresee,out,,,
2026,2,PIT,Joey Porter Jr.,out,0.0,,
2026,2,CHI,Noah Sewell,out,,,
2026,2,NE,Brenden Schooler,out,,,
2026,2,HOU,Jake Hummel,out,0.0,,
2026,2,LAR,Keir Thomas II,out,,,
2026,2,NYJ,Kingsley Jonathan,out,,,
2026,2,SEA,Irv Charles,out,,,
2026,2,HOU,Ja'Marcus Ingram,out,,,injured
2026,2,NYJ,Will McDonald IV,questionable,0.72604,,
2026,2,PHI,Jakorian Bennett,out,,,injured
2026,2,IND,Cameron Mitchell,out,,,
2026,2,GB,Luke Musgrave,out,,,
2026,2,GB,Lukas Van Ness,unknown,0.75726,,
2026,2,PHI,Johnny Wilson,out,,,
2026,2,SEA,Jake Bobo,out,,,
2026,2,FA,Ben Sims,out,,,injured
2026,2,NYG,Deonte Banks,questionable,0.3484,,
2026,2,ARI,Max Melton,questionable,0.72584,,
2026,2,NO,Lorenzo Styles Jr.,out,,,
2026,2,HOU,Dylan Horton,out,,,
2026,2,GB,Jordon Riley,out,,,
2026,2,SF,Andrew Farmer II,out,,,
2026,2,LAC,Scott Matlock,out,,,injured
2026,2,TB,Josh Hayes,out,,,
2026,2,TEN,Kendell Brooks,out,,,
2026,2,SEA,Ty Okada,out,0.0,,
2026,2,NO,Rejzohn Wright,out,,,
2026,2,BUF,Tyrell Shavers,out,,,
2026,2,NE,Julian Hill,out,,,
2026,2,DAL,Princeton Fant,out,,,
2026,2,DET,Kendrick Law,out,,,
2026,2,MIA,Chop Robinson,out,0.0,,
2026,2,LAR,Kamren Kinchens,out,0.0,,
2026,2,DET,Mekhi Wingo,out,,,
2026,2,BAL,T.J. Tampa Jr.,out,0.0,,
2026,2,NO,Jaylan Ford,out,,,injured
2026,2,FA,Ja'Lynn Polk,out,,,retired
2026,2,SF,Ricky Pearsall,out,,,
2026,2,WAS,Jer'Zhan Newton,out,,,
2026,2,DET,Ennis Rakestraw Jr.,out,,,
2026,2,TEN,James Williams Sr.,questionable,0.77918,,
2026,2,TB,Mohamed Kamara,out,,,
2026,2,DAL,Marist Liufau,out,,,injured
2026,2,LV,Brennan Jackson,out,,,
2026,2,ARI,Dadrion Taylor-Demerson,questionable,0.38336,,
2026,2,ATL,JD Bertrand,out,,,
2026,2,MIA,Storm Duck,out,,,
2026,2,SF,Isaac Guerendo,out,,,
2026,2,MIN,Jeshaun Jones,out,,,
2026,2,ARI,Tip Reiman,out,,,
2026,2,WAS,Jordan Magee,out,,,
2026,2,TEN,Dominique Hampton,out,,,
2026,2,PIT,Logan Lee,out,,,
2026,2,TEN,Jaylen Harrell,out,,,
2026,2,CHI,Beanie Bishop Jr.,out,,,
2026,2,NO,Isaiah Stalbird,doubtful,0.00272,,
2026,2,NO,Mason Tipton,out,,,
2026,2,MIN,Taki Taimani,out,,,
2026,2,LV,Chigozie Anusiem,out,,,
2026,2,LV,Chris Collier,out,,,
2026,2,MIN,Jacob Roberts,out,,,
2026,2,PHI,Andre' Sam,out,,,
2026,2,DEN,Levelle Bailey,out,,,
2026,2,GB,Thomas Yassmin,out,,,
2026,2,MIN,Kenny Dyson Jr.,out,,,
2026,2,SF,Mykel Williams,out,,,
2026,2,ATL,James Pearce Jr.,out,,,
2026,2,CAR,Nic Scourton,out,,,
2026,2,MIA,Kenneth Grant,out,,,
2026,2,ATL,Jalon Walker,out,,,
2026,2,BUF,T.J. Sanders,out,0.18823,,
2026,2,KC,Mansoor Delane,questionable,0.54316,,
2026,2,GB,Collin Oliver,out,,,injured
2026,2,HOU,Jayden Higgins,out,,,
2026,2,SF,Alfred Collins,out,,,
2026,2,PHI,Andrew Mukuba,questionable,0.69382,,
2026,2,BUF,Dorian Strong,out,,,
2026,2,SF,Nick Martin,out,,,
2026,2,NYG,Thaddeus Dixon,out,,,
2026,2,WAS,Trey Amos,out,,,
2026,2,NYJ,Tyler Baron,out,,,
2026,2,CHI,Shemar Turner,out,,,
2026,2,KC,Omarr Norman-Lott,out,,,
2026,2,ATL,Billy Bowman Jr.,out,0.0,,
2026,2,LV,Darien Porter,out,0.0,,
2026,2,MIA,Trey Moore,out,,,
2026,2,MIN,Tyler Batty,out,,,
2026,2,DET,Ahmed Hassanein,out,,,
2026,2,TB,Jacob Parrish,questionable,0.85123,,
2026,2,NYG,Korie Black,out,,,injured
2026,2,LV,Dont'e Thornton Jr.,out,,,
2026,2,BAL,Bilhal Kone,out,,,injured
2026,2,CLE,Joe Royer,out,,,
2026,2,FA,Le'Veon Moss,out,,,retired
2026,2,SEA,Robbie Ouzts,out,,,
2026,2,ARI,Kitan Crawford,out,,,
2026,2,GB,Warren Brinson,out,0.0,,
2026,2,PIT,Donte Kent,out,,,
2026,2,DEN,Caleb Lohner,out,,,injured
2026,2,SEA,Power Echols,out,,,
2026,2,KC,Ethan Downs,out,,,
2026,2,JAC,B.J. Green II,out,,,
2026,2,GB,Johnathan Baldwin II,out,,,
2026,2,CAR,Bam Martin-Scott,out,,,
2026,2,TEN,Dorian Mausi,out,,,injured
2026,2,MIN,Dontae Fleming,out,,,
2026,2,HOU,K.C. Ossai,out,,,
2026,2,MIN,Ben Yurosek,out,,,
2026,2,NE,Jeremiah Webb,out,,,
2026,2,JAC,Jared Bartlett,out,,,
2026,2,JAC,Travis Hunter (CB),out,,,injury
2026,2,KC,Jimmy Holiday,out,,,
2026,2,KC,Cooper McDonald,out,,,
2026,2,NO,Christen Miller,questionable,0.77321,,
2026,2,BUF,Jalon Kilgore,out,,,
2026,2,BUF,Zane Durant,out,,,
2026,2,SF,Mikail Kamara,out,,,
2026,2,CAR,Chris Brazzell II,out,,,
2026,2,HOU,Kayden McDonald,out,,,
2026,2,NYJ,Chip Trayanum,out,,,
2026,2,KC,John Michael Gyllenborg,out,,,
2026,2,TEN,Jaren Kanak,out,,,
2026,2,FA,Trinidad Chambliss,out,,,other
2026,2,DAL,Devin Moore,out,,,injured
2026,2,SEA,Bud Clark,out,,,
2026,2,NYJ,VJ Payne,out,,,injured
2026,2,LV,Keyron Crawford,out,,,
2026,2,MIA,Kyle Louis,out,,,
2026,2,ARI,Jameson Geers,out,,,
2026,2,MIN,Tyreek Chappell,out,,,
2026,2,DAL,DJ Rogers,out,,,
2026,2,DET,Jimmy Rolder,out,,,
2026,2,KC,Jeff Caldwell,out,,,
2026,2,FA,Zane Durant,out,,,injured
2026,2,ARI,Kaleb Proctor,out,,,
2026,2,IND,Carson Towt,out,,,
2026,2,NE,Myles Montgomery,out,,,
2026,2,DET,Keith Abney II,out,,,
2026,2,JAC,Parker Hughes,out,,,
2026,2,JAC,Zach Durfee,out,,,injured
2026,2,ATL,Anterio Thompson,out,,,
2026,2,MIN,Marcus Allen,out,,,
2026,2,LAR,Matthew Caldwell,out,,,
2026,2,CHI,Hayden Large,out,,,
2026,2,TB,Deshawn McKnight,out,,,
2026,2,DAL,Kelvin Gilliam Jr.,out,,,
2026,2,MIA,Rene Konga,out,,,
2026,2,LAR,Eddie Walls III,out,,,
2026,2,PHI,Tucker Large,out,,,
2026,2,BAL,Jahquez Robinson,out,,,
2026,2,LV,Corey Rucker,out,,,
2026,2,NE,Khalil Jacobs,out,,,
2026,2,GB,Marlon Jones,out,,,
2026,3,LAR,Puka Nacua,questionable,0.04825,,
2026,3,PHI,Saquon Barkley,questionable,0.8194,,
2026,3,BAL,Zay Flowers,questionable,0.04063,,
2026,3,PHI,DeVonta Smith,questionable,0.51892,,
2026,3,HOU,Nico Collins,questionable,0.03041,,
2026,3,LV,Brock Bowers,questionable,0.58781,,
2026,3,BUF,DJ Moore,questionable,0.55266,,
2026,3,NO,Travis Etienne Jr.,questionable,0.78581,,
2026,3,SF,Mike Evans,questionable,0.36386,,
2026,3,NE,A.J. Brown,out,,,
2026,3,SEA,Jadarian Price,questionable,0.81194,,
2026,3,CLE,Quinshon Judkins,questionable,,,
2026,3,CAR,Jalen Coker,questionable,0.67004,,
2026,3,PIT,Jaylen Warren,questionable,0.9144,,
2026,3,CHI,Caleb Williams,questionable,0.05,,
2026,3,MIN,Aaron Jones Sr.,questionable,0.89008,,
2026,3,JAC,Jakobi Meyers,questionable,0.97627,,
2026,3,PIT,Rico Dowdle,questionable,0.28624,,
2026,3,CHI,Kyle Monangai,questionable,0.48157,,
2026,3,NYJ,Adonai Mitchell,questionable,0.76907,,
2026,3,GB,Josh Jacobs,out,,,injured
2026,3,IND,Alec Pierce,out,0.02991,,
2026,3,PIT,Michael Pittman Jr.,questionable,0.77792,,
2026,3,TEN,Tony Pollard,questionable,0.94758,,
2026,3,NO,Jordyn Tyson,out,,,injured
2026,3,DEN,Jonah Coleman,questionable,0.13952,,
2026,3,CAR,Jonathon Brooks,out,,,
2026,3,MIA,Caleb Douglas,questionable,0.17055,,
2026,3,MIN,Jordan Mason,out,,,
2026,3,PHI,Dallas Goedert,out,0.06659,,injured
2026,3,WAS,Jayden Daniels,doubtful,0.0,,Likely to miss multiple weeks
2026,3,PHI,Tank Bigsby,questionable,0.34242,,
2026,3,TEN,Tyjae Spears,questionable,0.17153,,
2026,3,SF,De'Zhaun Stribling,out,,,
2026,3,SEA,Zach Charbonnet,out,,,
2026,3,WAS,Chig Okonkwo,questionable,0.0545,,
2026,3,GB,Jayden Reed,out,0.0,,
2026,3,MIA,Chris Bell,questionable,0.89217,,
2026,3,BAL,Ja'Kobi Lane,out,,,
2026,3,LAC,Charlie Kolar,out,0.01958,,
2026,3,NYJ,Omar Cooper Jr.,out,,,
2026,3,BUF,Keon Coleman,questionable,0.19619,,
2026,3,LAR,Colby Parkinson,questionable,0.42169,,
2026,3,CHI,Cairo Santos,questionable,0.1345,,
2026,3,CLE,Dylan Sampson,out,,,
2026,3,MIA,Jaylen Wright,questionable,0.67717,,
2026,3,NO,Kendre Miller,questionable,0.62659,,
2026,3,LAC,David Njoku,out,,,
2026,3,DEN,Marvin Mims Jr.,questionable,0.61074,,
2026,3,NE,Eli Raridon,questionable,0.18541,,
2026,3,CAR,Xavier Legette,questionable,0.57956,,
2026,3,NYJ,Mason Taylor,questionable,0.13914,,
2026,3,ARI,James Conner,out,,,injured
2026,3,PHI,Eli Stowers,out,,,
2026,3,CIN,Andrei Iosivas,out,0.02938,,
2026,3,BAL,Adam Randall,out,,,injured
2026,3,JAC,LeQuint Allen Jr.,questionable,0.88483,,
2026,3,HOU,Tank Dell,out,,,injured
2026,3,SF,Christian Kirk,out,,,
2026,3,CAR,Trevor Etienne,out,,,
2026,3,PHI,Will Shipley,questionable,0.22415,,
2026,3,SF,Jake Tonges,out,,,
2026,3,SF,Brandon Aiyuk,out,,,
2026,3,LAC,Brenen Thompson,questionable,0.08138,,
2026,3,CHI,Tyson Bagent,questionable,0.14244,,
2026,3,NO,Barion Brown,questionable,0.03388,,
2026,3,DET,Isiah Pacheco,out,,,
2026,3,LV,Dont'e Thornton Jr.,out,,,
2026,3,GB,Savion Williams,out,,,injured
2026,3,CAR,Devin Lloyd,questionable,0.1963,,
2026,3,LAR,Nate Landman,questionable,0.96303,,
2026,3,TB,Josiah Trotter,questionable,0.22624,,
2026,3,WAS,Nick Cross,questionable,0.69585,,
2026,3,CLE,Quincy Williams,questionable,0.93964,,
2026,3,KC,Chamarri Conner,questionable,0.48652,,
2026,3,SEA,Julian Love,questionable,0.5227,,
2026,3,LAR,Myles Garrett,out,,,
2026,3,NYJ,Minkah Fitzpatrick,questionable,0.01034,,
2026,3,BAL,Malaki Starks,questionable,0.81312,,
2026,3,DAL,DeMarvion Overshown,out,0.0,,
2026,3,DET,Brian Branch,out,,,
2026,3,PIT,DeShon Elliott,out,,,
2026,3,WAS,Frankie Luvu,questionable,0.12879,,
2026,3,GB,Micah Parsons,out,,,
2026,3,NYG,Brian Burns,questionable,0.46564,,
2026,3,FA,Brandon Graham,out,,,retired
2026,3,FA,Russell Wilson,out,,,retired
2026,3,FA,Teddy Bridgewater,out,,,retired
2026,3,HOU,Jadeveon Clowney,questionable,0.07,,
2026,3,NYG,Shelby Harris,questionable,0.92192,,
2026,3,FA,Adam Thielen,out,,,retired
2026,3,LAC,Denzel Perryman,out,,,
2026,3,FA,C.J. Uzomah,out,,,retired
2026,3,KC,Chris Jones,questionable,0.9468,,
2026,3,GB,Javon Hargrave,questionable,0.82806,,
2026,3,BAL,Chris Moore,questionable,0.94237,,
2026,3,NYJ,David Onyemata,out,,,
2026,3,SF,Demarcus Robinson,out,0.07953,,injured
2026,3,NYG,Roy Robertson-Harris,out,,,
2026,3,NO,Zach Wood,out,,,
2026,3,CIN,Jonathan Allen,questionable,,,
2026,3,TEN,Solomon Thomas,questionable,0.3477,,
2026,3,DAL,Malik Hooker,out,0.0,,
2026,3,MIN,Jamal Adams,out,,,
2026,3,WAS,Jeremy McNichols,out,,,
2026,3,ATL,Cooper Rush,out,,,
2026,3,WAS,Deatrich Wise Jr.,out,,,
2026,3,NYJ,Tim Patrick,out,,,
2026,3,TEN,Tanoh Kpassagnon,out,,,
2026,3,LAC,Dalvin Tomlinson,questionable,0.0967,,
2026,3,BAL,Trey Hendrickson,questionable,0.89165,,
2026,3,ATL,Samson Ebukam,out,0.0,,
2026,3,FA,Nick Chubb,out,,,retired
2026,3,WAS,Dorance Armstrong Jr.,questionable,0.91674,,
2026,3,MIA,Ronnie Harrison Jr.,out,,,
2026,3,NE,Harold Landry III,out,,,
2026,3,ATL,Da'Shawn Hand,out,,,
2026,3,CIN,B.J. Hill,questionable,0.21474,,
2026,3,HOU,M.J. Stewart Jr.,out,0.20381,,
2026,3,DET,Avonte Maddox,out,,,
2026,3,IND,Charvarius Ward,questionable,0.84578,,
2026,3,BUF,Ed Oliver,questionable,0.77354,,
2026,3,NE,Dre'Mont Jones,questionable,0.09894,,
2026,3,WAS,Charles Omenihu,questionable,0.9468,,
2026,3,FA,Parris Campbell,out,,,retired
2026,3,CAR,Nick Scott,questionable,0.06564,,
2026,3,TB,David Sills V,out,,,
2026,3,PIT,Jamel Dean,questionable,0.85386,,
2026,3,NO,David Long Jr.,out,,,
2026,3,TB,Anthony Nelson,questionable,0.73326,,
2026,3,IND,Ashton Dulin,questionable,0.0144,,
2026,3,HOU,E.J. Speed,out,,,
2026,3,PIT,Cole Holcomb,questionable,,,
2026,3,DAL,P.J. Locke,out,0.0,,
2026,3,IND,D.J. Montgomery,out,,,
2026,3,NYG,Gunner Olszewski,out,,,
2026,3,CLE,Grant Delpit,questionable,0.93066,,
2026,3,WAS,Javon Kinlaw,questionable,0.90058,,
2026,3,ATL,A.J. Terrell Jr.,out,0.11035,,
2026,3,NYG,Paulson Adebo,out,,,
2026,3,JAC,DaVon Hamilton,questionable,0.89512,,
2026,3,PHI,Jonathan Greenard,questionable,0.42111,,
2026,3,ATL,Trey Sermon,out,,,
2026,3,NO,Ty Chandler,out,,,
2026,3,MIN,DeeJay Dallas,questionable,0.89061,,
2026,3,CAR,Tershawn Wharton,out,,,
2026,3,KC,L'Jarius Sneed,questionable,0.9523,,
2026,3,NE,Reggie Gilliam,questionable,0.87924,,
2026,3,LV,Seth Williams,out,,,
2026,3,LV,Kwity Paye,questionable,0.86747,,
2026,3,CLE,Jeremiah Owusu-Koramoah,out,,,
2026,3,NYJ,Joseph Ossai,questionable,0.51637,,
2026,3,CLE,Tyson Campbell,questionable,0.94359,,
2026,3,LAC,Elijah Molden,questionable,0.0221,,
2026,3,PIT,Israel Mukuamu,out,,,
2026,3,DET,Payton Turner,out,,,
2026,3,NYJ,Tre Brown,out,,,
2026,3,ARI,Roy Lopez,questionable,0.50549,,
2026,3,ATL,Beaux Collins,out,,,injured
2026,3,NYJ,Arian Smith,out,,,
2026,3,NO,Moliki Matavao,out,,,
2026,3,LAR,Jordan Whittington,questionable,0.48652,,
2026,3,CLE,Dillon Gabriel,out,,,
2026,3,NYG,Jaxson Dart,out,0.00328,,injured
2026,3,HOU,Graham Mertz,out,,,
2026,3,NYJ,Kene Nwangwu,questionable,0.01034,,
2026,3,SF,Darrick Forrest,out,,,
2026,3,SF,Nate Hobbs,out,,,
2026,3,CHI,Tony Fields II,out,,,
2026,3,TEN,Milo Eifler,out,,,
2026,3,MIA,Cole Turner,out,,,
2026,3,CHI,Coby Bryant,out,,,
2026,3,BUF,Phidarian Mathis,out,,,
2026,3,NYG,Calvin Austin III,out,,,
2026,3,CHI,Kyler Gordon,out,,,injured
2026,3,HOU,Henry To'oTo'o,out,,,
2026,3,NO,Martin Emerson Jr.,questionable,0.07861,,
2026,3,DET,Kerby Joseph,out,,,
2026,3,DET,Damone Clark,out,,,
2026,3,WAS,Leo Chenal,questionable,0.92526,,
2026,3,IND,Will Mallory,out,,,injured
2026,3,HOU,Ali Gaye,out,,,
2026,3,ARI,Garrett Williams,questionable,0.46687,,
2026,3,ATL,DeAngelo Malone,out,,,
2026,3,CLE,Kalia Davis,out,,,
2026,3,ARI,Zach Carter,out,,,injured
2026,3,CHI,Nephi Sewell,out,,,
2026,3,TEN,Joshua Williams,out,,,injured
2026,3,LAR,Ronnie Rivers,out,,,
2026,3,NYG,Jarrick Bernard-Converse,out,,,
2026,3,DEN,Matt Henningsen,out,,,
2026,3,LV,Justin Shorter,out,,,
2026,3,CIN,Ja'Sir Taylor,out,,,
2026,3,CHI,Nikola Kalinic,out,,,
2026,3,BAL,Skylar Thompson,out,,,
2026,3,PHI,Grant Calcaterra,out,,,injured
2026,3,WAS,Percy Butler,questionable,0.56269,,
2026,3,DAL,Malik Davis,out,,,
2026,3,TEN,Daniel Bellinger,questionable,0.79591,,
2026,3,MIA,Darrell Baker Jr.,out,,,
2026,3,CLE,Damarri Mathis,out,,,
2026,3,ARI,Joey Blount,out,,,
2026,3,LV,Aidan O'Connell,questionable,,,
2026,3,LAC,KeAndre Lambert-Smith,out,,,
2026,3,CLE,Alex Wright,out,,,
2026,3,TEN,Cor'Dale Flott,questionable,0.63748,,
2026,3,DAL,Cobie Durant,out,0.0,,
2026,3,IND,Micheal Clemons,out,,,
2026,3,CHI,Brittain Brown,out,,,
2026,3,TEN,Nazeeh Johnson,out,,,
2026,3,SF,Sam Okuayinonu,out,,,
2026,3,NYJ,Marcelino McCrary-Ball,out,,,
2026,3,NO,Bryan Bresee,out,,,
2026,3,PHI,Jalen Carter,questionable,0.9535,,
2026,3,PIT,Joey Porter Jr.,questionable,0.45205,,
2026,3,CHI,Noah Sewell,out,0.58181,,injured
2026,3,MIA,Rob Beal Jr.,questionable,0.06405,,
2026,3,NE,Brenden Schooler,out,0.56919,,
2026,3,HOU,Jake Hummel,questionable,0.03457,,
2026,3,LAR,Keir Thomas II,out,,,
2026,3,NYJ,Kingsley Jonathan,out,,,
2026,3,SEA,Irv Charles,out,,,
2026,3,HOU,Ja'Marcus Ingram,out,,,injured
2026,3,CHI,Tyrique Stevenson Sr.,questionable,0.25109,,
2026,3,PHI,Jakorian Bennett,out,,,injured
2026,3,IND,Cameron Mitchell,out,,,
2026,3,GB,Luke Musgrave,out,,,
2026,3,MIA,JuJu Brents,questionable,0.82936,,
2026,3,PHI,Johnny Wilson,out,,,
2026,3,SEA,Jake Bobo,out,,,
2026,3,FA,Ben Sims,out,,,injured
2026,3,LAC,Tuli Tuipulotu,questionable,0.87433,,
2026,3,NYG,Deonte Banks,questionable,0.59699,,
2026,3,ARI,Max Melton,questionable,0.87324,,
2026,3,ARI,Trey Benson,out,,,
2026,3,NO,Lorenzo Styles Jr.,out,,,
2026,3,HOU,Dylan Horton,out,,,
2026,3,GB,Jordon Riley,out,,,
2026,3,SF,Andrew Farmer II,out,,,
2026,3,LAC,Scott Matlock,out,,,injured
2026,3,TB,Josh Hayes,out,,,
2026,3,TEN,Kendell Brooks,out,,,
2026,3,SEA,Ty Okada,questionable,0.01789,,
2026,3,CAR,Claudin Cherelus,questionable,0.03257,,
2026,3,MIN,Jalen Redmond,questionable,0.91639,,
2026,3,NO,Rejzohn Wright,out,,,
2026,3,BUF,Tyrell Shavers,out,,,
2026,3,NE,Julian Hill,out,,,
2026,3,SEA,Brandon Pili,questionable,0.34789,,
2026,3,MIA,Ryan Miller,questionable,0.29514,,
2026,3,DAL,Princeton Fant,out,,,
2026,3,DET,Kendrick Law,out,,,
2026,3,LAR,Kamren Kinchens,questionable,0.02721,,
2026,3,NYG,Tyler Nubin,questionable,0.88818,,
2026,3,BAL,T.J. Tampa Jr.,out,,,
2026,3,NO,Jaylan Ford,out,,,injured
2026,3,FA,Ja'Lynn Polk,out,,,retired
2026,3,SF,Ricky Pearsall,out,,,
2026,3,WAS,Jer'Zhan Newton,out,,,
2026,3,TB,Mohamed Kamara,out,,,
2026,3,DAL,Marist Liufau,out,,,injured
2026,3,LV,Brennan Jackson,out,,,
2026,3,ARI,Dadrion Taylor-Demerson,questionable,0.74667,,
2026,3,ATL,JD Bertrand,out,,,
2026,3,MIA,Storm Duck,out,,,
2026,3,SF,Isaac Guerendo,out,,,
2026,3,MIN,Jeshaun Jones,out,,,
2026,3,ARI,Tip Reiman,out,,,
2026,3,WAS,Jordan Magee,out,,,
2026,3,TEN,Dominique Hampton,out,,,
2026,3,PIT,Logan Lee,out,,,
2026,3,TEN,Jaylen Harrell,out,,,
2026,3,CHI,Beanie Bishop Jr.,out,,,
2026,3,DET,Thomas Harper,questionable,0.13763,,
2026,3,NO,Mason Tipton,out,,,
2026,3,LV,Chigozie Anusiem,out,,,
2026,3,LV,Chris Collier,out,,,
2026,3,MIN,Jacob Roberts,out,,,
2026,3,PHI,Andre' Sam,out,,,
2026,3,DEN,Levelle Bailey,out,,,
2026,3,GB,Thomas Yassmin,out,,,
2026,3,NE,Dell Pettus,out,,,
2026,3,MIN,Kenny Dyson Jr.,out,,,
2026,3,ARI,Will Johnson,out,,,
2026,3,SF,Mykel Williams,out,,,
2026,3,ATL,James Pearce Jr.,out,,,
2026,3,CAR,Nic Scourton,out,,,
2026,3,MIA,Kenneth Grant,out,,,
2026,3,ATL,Jalon Walker,out,,,
2026,3,BUF,T.J. Sanders,questionable,0.05769,,
2026,3,GB,Collin Oliver,out,,,injured
2026,3,HOU,Jayden Higgins,out,,,
2026,3,SF,Alfred Collins,out,,,
2026,3,PHI,Andrew Mukuba,questionable,0.95729,,
2026,3,BUF,Dorian Strong,out,,,
2026,3,BUF,Jordan Hancock,questionable,0.21916,,
2026,3,SF,Nick Martin,out,,,
2026,3,NYG,Thaddeus Dixon,out,,,
2026,3,WAS,Trey Amos,out,,,
2026,3,NYJ,Tyler Baron,out,,,
2026,3,CHI,Shemar Turner,out,0.48198,,injured
2026,3,KC,Omarr Norman-Lott,out,,,
2026,3,ATL,Billy Bowman Jr.,questionable,0.63464,,
2026,3,MIA,Trey Moore,out,,,
2026,3,MIN,Tyler Batty,out,,,
2026,3,NE,Craig Woodson,questionable,0.19097,,
2026,3,NYG,Korie Black,out,,,injured
2026,3,SF,C.J. West,out,,,
2026,3,NYJ,Kiko Mauigoa,questionable,0.04118,,
2026,3,BAL,Bilhal Kone,out,,,injured
2026,3,CLE,Joe Royer,out,,,
2026,3,FA,Le'Veon Moss,out,,,retired
2026,3,WAS,Jaylin Lane,questionable,0.9123,,
2026,3,SEA,Robbie Ouzts,out,,,
2026,3,ARI,Kitan Crawford,out,,,
2026,3,ATL,Robert Longerbeam,out,,,
2026,3,GB,Warren Brinson,out,0.0,,
2026,3,PIT,Donte Kent,out,,,
2026,3,DEN,Caleb Lohner,out,,,injured
2026,3,TEN,Micah Robinson,questionable,0.83286,,
2026,3,SEA,Power Echols,out,,,
2026,3,KC,Ethan Downs,out,,,
2026,3,JAC,B.J. Green II,out,,,
2026,3,JAC,Branson Combs,questionable,,,
2026,3,GB,Johnathan Baldwin II,out,,,
2026,3,CAR,Bam Martin-Scott,out,,,
2026,3,TEN,Dorian Mausi,out,,,injured
2026,3,MIN,Dontae Fleming,out,,,
2026,3,HOU,K.C. Ossai,out,,,
2026,3,MIN,Ben Yurosek,out,,,
2026,3,NE,Jeremiah Webb,out,,,
2026,3,JAC,Jared Bartlett,out,,,
2026,3,JAC,Travis Hunter (CB),out,,,injury
2026,3,KC,Jimmy Holiday,out,,,
2026,3,KC,Cooper McDonald,out,,,
2026,3,GB,Anthony Campbell,out,0.6189,,
2026,3,NO,Christen Miller,questionable,0.08558,,
2026,3,BUF,Zane Durant,out,,,
2026,3,SF,Mikail Kamara,out,,,
2026,3,CAR,Chris Brazzell II,out,,,
2026,3,SF,Romello Height,questionable,0.1115,,
2026,3,HOU,Kayden McDonald,out,,,
2026,3,NYJ,Chip Trayanum,out,,,
2026,3,KC,John Michael Gyllenborg,out,,,
2026,3,TEN,Jaren Kanak,out,,,
2026,3,MIN,Jake Golday,questionable,0.38257,,
2026,3,FA,Trinidad Chambliss,out,,,other
2026,3,DAL,Devin Moore,out,,,injured
2026,3,LV,Treydan Stukes,questionable,0.04689,,
2026,3,SEA,Bud Clark,out,,,
2026,3,NYJ,VJ Payne,out,,,injured
2026,3,LV,Keyron Crawford,out,,,
2026,3,MIA,Kyle Louis,out,,,
2026,3,ARI,Jameson Geers,out,,,
2026,3,JAC,Joey Aguilar,questionable,0.41795,,
2026,3,MIN,Tyreek Chappell,out,,,
2026,3,DAL,DJ Rogers,out,,,
2026,3,KC,Jeff Caldwell,out,,,
2026,3,ATL,Jack Strand,out,,,
2026,3,ARI,Kaleb Proctor,out,,,
2026,3,IND,Carson Towt,out,,,
2026,3,NE,Myles Montgomery,out,,,
2026,3,JAC,Parker Hughes,out,,,
2026,3,JAC,Zach Durfee,out,,,injured
2026,3,ATL,Anterio Thompson,out,,,
2026,3,NE,Quintayvious Hutchins,questionable,0.10115,,
2026,3,MIN,Marcus Allen,out,,,
2026,3,LAR,Matthew Caldwell,out,,,
2026,3,LAC,Rodney Shelley,questionable,0.1385,,
2026,3,SF,James Thompson Jr.,questionable,0.11502,,
2026,3,CHI,Hayden Large,out,,,
2026,3,DAL,Kelvin Gilliam Jr.,out,,,
2026,3,MIA,Rene Konga,out,,,
2026,3,LAR,Eddie Walls III,out,,,
2026,3,PHI,Tucker Large,out,,,
2026,3,BAL,Jahquez Robinson,out,,,
2026,3,LV,Corey Rucker,out,,,
2026,3,NE,Khalil Jacobs,out,,,
2026,3,TB,Rueben Bain Jr.,questionable,0.13914,,
2026,3,ATL,Malcolm DeWalt IV,out,,,
2026,3,GB,Marlon Jones,out,,,
2026,4,NE,A.J. Brown,out,,,
2026,4,PIT,Rico Dowdle,questionable,0.22619,,
2026,4,NO,Jordyn Tyson,out,,,injured
2026,4,DEN,Jonah Coleman,out,0.19334,,
2026,4,IND,Alec Pierce,out,0.18933,,
2026,4,MIN,Jordan Mason,out,,,
2026,4,CAR,Jonathon Brooks,out,,,
2026,4,SF,De'Zhaun Stribling,out,,,
2026,4,SEA,Zach Charbonnet,out,,,
2026,4,BAL,Ja'Kobi Lane,out,,,
2026,4,NYJ,Omar Cooper Jr.,out,,,
2026,4,LAC,Charlie Kolar,out,0.30895,,
2026,4,LAC,David Njoku,out,,,
2026,4,CLE,Dylan Sampson,out,,,
2026,4,LV,Jack Bech,out,0.13447,,
2026,4,PHI,Eli Stowers,out,,,
2026,4,ARI,James Conner,out,,,injured
2026,4,BAL,Adam Randall,out,,,injured
2026,4,CIN,Andrei Iosivas,out,0.23193,,
2026,4,HOU,Tank Dell,out,,,injured
2026,4,SF,Christian Kirk,out,,,
2026,4,SF,Jake Tonges,out,,,
2026,4,DET,Isiah Pacheco,out,,,
2026,4,CAR,Trevor Etienne,out,,,
2026,4,LV,Dont'e Thornton Jr.,out,,,
2026,4,ARI,Trey Benson,out,,,
2026,4,GB,Savion Williams,out,,,injured
2026,4,SF,Brandon Aiyuk,out,,,
2026,4,LAR,Myles Garrett,out,,,
2026,4,GB,Micah Parsons,out,,,
2026,4,DET,Brian Branch,out,,,
2026,4,PIT,DeShon Elliott,out,,,
2026,4,HOU,Henry To'oTo'o,out,,,
2026,4,NYG,Paulson Adebo,out,,,
2026,4,LAC,Denzel Perryman,out,,,
2026,4,FA,Brandon Graham,out,,,retired
2026,4,FA,Russell Wilson,out,,,retired
2026,4,FA,Teddy Bridgewater,out,,,retired
2026,4,FA,Adam Thielen,out,,,retired
2026,4,FA,C.J. Uzomah,out,,,retired
2026,4,PIT,Jalen Ramsey,questionable,0.97991,,
2026,4,NYJ,David Onyemata,out,,,
2026,4,SF,Demarcus Robinson,out,0.2207,,
2026,4,NYG,Roy Robertson-Harris,out,,,
2026,4,NO,Zach Wood,out,,,
2026,4,MIN,Jamal Adams,out,,,
2026,4,WAS,Jeremy McNichols,out,,,
2026,4,WAS,Deatrich Wise Jr.,out,,,
2026,4,NYJ,Tim Patrick,out,,,
2026,4,TEN,Tanoh Kpassagnon,out,,,
2026,4,FA,Nick Chubb,out,,,retired
2026,4,MIA,Ronnie Harrison Jr.,out,,,
2026,4,NE,Harold Landry III,out,,,
2026,4,ATL,Da'Shawn Hand,out,,,
2026,4,HOU,M.J. Stewart Jr.,out,0.02,,
2026,4,DET,Avonte Maddox,out,,,
2026,4,FA,Parris Campbell,out,,,retired
2026,4,TB,David Sills V,out,,,
2026,4,NO,David Long Jr.,out,,,
2026,4,HOU,E.J. Speed,out,,,
2026,4,DAL,P.J. Locke,out,0.02,,
2026,4,IND,D.J. Montgomery,out,,,
2026,4,NYG,Gunner Olszewski,out,,,
2026,4,CLE,Grant Delpit,questionable,0.97678,,
2026,4,ATL,A.J. Terrell Jr.,out,0.02,,
2026,4,ATL,Trey Sermon,out,,,
2026,4,NO,Ty Chandler,out,,,
2026,4,CAR,Tershawn Wharton,out,,,
2026,4,CLE,Tylan Wallace,questionable,0.34812,,
2026,4,LV,Seth Williams,out,,,
2026,4,CLE,Jeremiah Owusu-Koramoah,out,,,
2026,4,CLE,Tyson Campbell,questionable,0.73326,,
2026,4,PIT,Israel Mukuamu,out,,,
2026,4,DET,Payton Turner,out,,,
2026,4,NYJ,Tre Brown,out,,,
2026,4,ATL,Beaux Collins,out,,,injured
2026,4,NYJ,Arian Smith,out,,,
2026,4,NO,Moliki Matavao,out,,,
2026,4,MIA,De'Von Achane,out,,,
2026,4,CLE,Dillon Gabriel,out,,,
2026,4,NYG,Jaxson Dart,out,0.383,,
2026,4,HOU,Graham Mertz,out,,,
2026,4,SF,Darrick Forrest,out,,,
2026,4,PIT,Brandin Echols,questionable,0.72149,,
2026,4,SF,Nate Hobbs,out,,,
2026,4,CHI,Tony Fields II,out,,,
2026,4,TEN,Milo Eifler,out,,,
2026,4,MIA,Cole Turner,out,,,
2026,4,CHI,Coby Bryant,out,,,
2026,4,NYG,Calvin Austin III,out,,,
2026,4,CHI,Kyler Gordon,out,,,injured
2026,4,DET,Kerby Joseph,out,,,
2026,4,DET,Damone Clark,out,,,
2026,4,IND,Will Mallory,out,,,injured
2026,4,HOU,Ali Gaye,out,,,
2026,4,ATL,DeAngelo Malone,out,,,
2026,4,CLE,Kalia Davis,out,,,
2026,4,ARI,Zach Carter,out,,,injured
2026,4,CHI,Nephi Sewell,out,,,
2026,4,TEN,Joshua Williams,out,,,injured
2026,4,LAR,Ronnie Rivers,out,,,
2026,4,NYG,Jarrick Bernard-Converse,out,,,
2026,4,DEN,Matt Henningsen,out,,,
2026,4,LV,Justin Shorter,out,,,
2026,4,CIN,Ja'Sir Taylor,out,,,
2026,4,CHI,Nikola Kalinic,out,,,
2026,4,BAL,Skylar Thompson,out,,,
2026,4,PHI,Grant Calcaterra,out,,,injured
2026,4,DAL,Malik Davis,out,,,
2026,4,MIA,Darrell Baker Jr.,out,,,
2026,4,CLE,Damarri Mathis,out,,,
2026,4,ARI,Joey Blount,out,,,
2026,4,LAC,KeAndre Lambert-Smith,out,,,
2026,4,CLE,Alex Wright,out,,,
2026,4,IND,Micheal Clemons,out,,,
2026,4,CHI,Brittain Brown,out,,,
2026,4,TEN,Nazeeh Johnson,out,,,
2026,4,SF,Sam Okuayinonu,out,,,
2026,4,NYJ,Marcelino McCrary-Ball,out,,,
2026,4,NO,Bryan Bresee,out,,,
2026,4,CHI,Noah Sewell,out,0.45606,,injured
2026,4,NE,Brenden Schooler,out,0.02,,
2026,4,HOU,Jake Hummel,out,0.02,,
2026,4,LAR,Keir Thomas II,out,,,
2026,4,NYJ,Kingsley Jonathan,out,,,
2026,4,SEA,Irv Charles,out,,,
2026,4,HOU,Ja'Marcus Ingram,out,,,injured
2026,4,PHI,Jakorian Bennett,out,,,injured
2026,4,IND,Cameron Mitchell,out,,,
2026,4,GB,Luke Musgrave,out,,,
2026,4,PHI,Johnny Wilson,out,,,
2026,4,SEA,Jake Bobo,out,,,
2026,4,FA,Ben Sims,out,,,injured
2026,4,NO,Lorenzo Styles Jr.,out,,,
2026,4,HOU,Dylan Horton,out,,,
2026,4,GB,Jordon Riley,out,,,
2026,4,SF,Andrew Farmer II,out,,,
2026,4,LAC,Scott Matlock,out,,,injured
2026,4,TB,Josh Hayes,out,,,
2026,4,TEN,Kendell Brooks,out,,,
2026,4,CAR,Claudin Cherelus,out,0.02,,
2026,4,NO,Rejzohn Wright,out,,,
2026,4,BUF,Tyrell Shavers,out,,,
2026,4,NE,Julian Hill,out,,,
2026,4,DAL,Princeton Fant,out,,,
2026,4,DET,Kendrick Law,out,,,
2026,4,BAL,T.J. Tampa Jr.,out,,,
2026,4,NO,Jaylan Ford,out,,,injured
2026,4,FA,Ja'Lynn Polk,out,,,retired
2026,4,SF,Ricky Pearsall,out,,,
2026,4,WAS,Jer'Zhan Newton,out,,,
2026,4,TB,Mohamed Kamara,out,,,
2026,4,DAL,Marist Liufau,out,,,injured
2026,4,LV,Brennan Jackson,out,,,
2026,4,ATL,JD Bertrand,out,,,
2026,4,MIA,Storm Duck,out,,,
2026,4,SF,Isaac Guerendo,out,,,
2026,4,ARI,Tip Reiman,out,,,
2026,4,WAS,Jordan Magee,out,,,
2026,4,TEN,Dominique Hampton,out,,,
2026,4,PIT,Logan Lee,out,,,
2026,4,TEN,Jaylen Harrell,out,,,
2026,4,HOU,Solomon Byrd,out,,,
2026,4,CHI,Beanie Bishop Jr.,out,,,
2026,4,DET,Thomas Harper,out,0.02,,
2026,4,NO,Mason Tipton,out,,,
2026,4,LV,Chigozie Anusiem,out,,,
2026,4,LV,Chris Collier,out,,,
2026,4,PHI,Andre' Sam,out,,,
2026,4,DEN,Levelle Bailey,out,,,
2026,4,GB,Thomas Yassmin,out,,,
2026,4,NE,Dell Pettus,out,,,
2026,4,ARI,Will Johnson,out,,,
2026,4,SF,Mykel Williams,out,,,
2026,4,ATL,James Pearce Jr.,out,,,
2026,4,CAR,Nic Scourton,out,,,
2026,4,MIA,Kenneth Grant,out,,,
2026,4,ATL,Jalon Walker,out,,,
2026,4,GB,Collin Oliver,out,,,injured
2026,4,HOU,Jayden Higgins,out,,,
2026,4,SF,Alfred Collins,out,,,
2026,4,BUF,Dorian Strong,out,,,
2026,4,BUF,Jordan Hancock,out,0.02,,
2026,4,SF,Nick Martin,out,,,
2026,4,NYG,Thaddeus Dixon,out,,,
2026,4,WAS,Trey Amos,out,,,
2026,4,NYJ,Tyler Baron,out,,,
2026,4,CHI,Shemar Turner,out,0.26102,,injured
2026,4,KC,Omarr Norman-Lott,out,,,
2026,4,MIA,Trey Moore,out,,,
2026,4,MIN,Tyler Batty,out,,,
2026,4,NYG,Korie Black,out,,,injured
2026,4,SF,C.J. West,out,,,
2026,4,BAL,Bilhal Kone,out,,,injured
2026,4,CLE,Joe Royer,out,,,
2026,4,FA,Le'Veon Moss,out,,,retired
2026,4,SEA,Robbie Ouzts,out,,,
2026,4,ARI,Kitan Crawford,out,,,
2026,4,PIT,Donte Kent,out,,,
2026,4,DEN,Caleb Lohner,out,,,injured
2026,4,KC,Ethan Downs,out,,,
2026,4,JAC,B.J. Green II,out,,,
2026,4,GB,Johnathan Baldwin II,out,,,
2026,4,CAR,Bam Martin-Scott,out,,,
2026,4,TEN,Dorian Mausi,out,,,injured
2026,4,HOU,K.C. Ossai,out,,,
2026,4,MIN,Ben Yurosek,out,,,
2026,4,NE,Jeremiah Webb,out,,,
2026,4,JAC,Jared Bartlett,out,,,
2026,4,JAC,Travis Hunter (CB),out,,,injury
2026,4,KC,Jimmy Holiday,out,,,
2026,4,KC,Cooper McDonald,out,,,
2026,4,BUF,Zane Durant,out,,,
2026,4,SF,Mikail Kamara,out,,,
2026,4,CAR,Chris Brazzell II,out,,,
2026,4,HOU,Kayden McDonald,out,,,
2026,4,NYJ,Chip Trayanum,out,,,
2026,4,KC,John Michael Gyllenborg,out,,,
2026,4,TEN,Jaren Kanak,out,,,
2026,4,FA,Trinidad Chambliss,out,,,other
2026,4,DAL,Devin Moore,out,,,injured
2026,4,SEA,Bud Clark,out,,,
2026,4,NYJ,VJ Payne,out,,,injured
2026,4,LV,Keyron Crawford,out,,,
2026,4,MIA,Kyle Louis,out,,,
2026,4,ARI,Jameson Geers,out,,,
2026,4,MIN,Tyreek Chappell,out,,,
2026,4,DAL,DJ Rogers,out,,,
2026,4,KC,Jeff Caldwell,out,,,
2026,4,ARI,Kaleb Proctor,out,,,
2026,4,IND,Carson Towt,out,,,
2026,4,NE,Myles Montgomery,out,,,
2026,4,JAC,Parker Hughes,out,,,
2026,4,JAC,Zach Durfee,out,,,injured
2026,4,ATL,Anterio Thompson,out,,,
2026,4,NE,Quintayvious Hutchins,out,0.02,,
2026,4,LAR,Matthew Caldwell,out,,,
2026,4,CHI,Hayden Large,out,,,
2026,4,DAL,Kelvin Gilliam Jr.,out,,,
2026,4,MIA,Rene Konga,out,,,
2026,4,LAR,Eddie Walls III,out,,,
2026,4,PHI,Tucker Large,out,,,
2026,4,BAL,Jahquez Robinson,out,,,
2026,4,LV,Corey Rucker,out,,,
2026,4,NE,Khalil Jacobs,out,,,
2026,4,GB,Marlon Jones,out,,,
