player,player_id,position,team_name,player_game_count,block_percent,declined_penalties,franchise_id,grades_offense,grades_pass_block,grades_run_block,hits_allowed,hurries_allowed,non_spike_pass_block,non_spike_pass_block_percentage,pass_block_percent,pbe,penalties,pressures_allowed,sacks_allowed,snap_counts_block,snap_counts_ce,snap_counts_lg,snap_counts_lt,snap_counts_offense,snap_counts_pass_block,snap_counts_pass_play,snap_counts_rg,snap_counts_rt,snap_counts_run_block,snap_counts_te
Cesar Ruiz,59857,G,NO,1,100.0,0,20,52.5,61.1,45.4,0,2,62,100.0,100.0,98.4,0,2,0,90,0,0,0,90,67,67,90,0,23,0
David Edwards,35941,G,NO,1,100.0,0,20,59.6,67.0,53.4,1,1,62,100.0,100.0,98.4,0,2,0,90,0,90,0,90,67,67,0,0,23,0
Taliese Fuaga,131732,T,NO,1,100.0,0,20,41.2,34.3,45.1,0,5,62,100.0,100.0,94.4,0,6,1,90,0,0,0,90,67,67,0,90,23,0
Erik McCoy,37347,C,NO,1,100.0,0,20,61.7,67.8,57.5,2,2,62,100.0,100.0,96.8,0,4,0,90,90,0,0,90,67,67,0,0,23,0
Kelvin Banks Jr.,163839,T,NO,1,100.0,0,20,72.0,78.8,59.5,0,1,62,100.0,100.0,97.6,0,2,1,90,0,0,90,90,67,67,0,0,23,0
Evan Brown,38709,G,HST,1,100.0,0,13,64.5,74.5,60.1,0,0,42,100.0,100.0,100.0,0,0,0,79,79,0,0,79,48,48,0,0,31,0
Trent Brown,9677,T,HST,1,100.0,0,13,56.1,74.3,47.9,1,1,42,100.0,100.0,95.2,1,3,1,79,0,0,0,79,48,48,0,79,31,0
Aireontae Ersery,129649,T,HST,1,100.0,0,13,67.1,78.1,62.9,1,1,42,100.0,100.0,97.6,2,2,0,79,0,0,79,79,48,48,0,0,31,0
Ed Ingram,59819,G,HST,1,100.0,0,13,67.8,25.9,79.9,2,3,42,100.0,100.0,91.7,0,6,1,79,0,0,0,79,48,48,79,0,31,0
Keylan Rutledge,156597,C,HST,1,100.0,0,13,70.3,62.6,69.9,0,2,42,100.0,100.0,97.6,0,2,0,79,0,79,0,79,48,48,0,0,31,0
Tate Ratledge,124034,G,DET,1,100.0,0,11,63.9,76.9,57.9,0,0,41,100.0,100.0,100.0,1,0,0,77,0,0,0,77,41,41,77,0,36,0
Penei Sewell,81788,T,DET,1,100.0,0,11,67.5,51.8,79.1,0,1,41,100.0,100.0,98.8,1,1,0,77,0,0,71,77,41,41,0,2,36,4
Juice Scruggs,81800,G,DET,1,100.0,0,11,77.5,79.6,75.0,1,0,41,100.0,100.0,98.8,0,1,0,77,77,0,0,77,41,41,0,0,36,0
Blake Miller,156248,T,DET,1,100.0,0,11,74.7,78.4,69.3,0,1,41,100.0,100.0,98.8,0,1,0,77,0,0,2,77,41,41,0,74,36,1
Joe Thuney,10712,G,CHI,1,100.0,0,6,60.2,63.8,57.7,1,3,38,100.0,100.0,94.7,0,4,0,75,0,75,0,75,40,40,0,0,35,0
Hjalte Froholdt,44959,C,ARZ,1,100.0,0,1,56.5,42.1,59.5,0,1,39,100.0,100.0,98.7,1,1,0,75,75,0,0,75,42,42,0,0,33,0
Paris Johnson Jr.,129749,T,ARZ,1,100.0,0,1,74.9,81.7,82.0,1,0,39,100.0,100.0,98.7,2,1,0,75,0,0,75,75,42,42,0,0,33,0
Jon Gaines II,81879,G,ARZ,1,100.0,0,1,69.6,76.5,64.2,1,0,39,100.0,100.0,98.7,0,1,0,75,0,0,0,75,42,42,75,0,33,0
Elijah Wilkinson,46238,T,ARZ,1,100.0,0,1,50.3,65.6,44.9,1,0,39,100.0,100.0,98.7,1,1,0,75,0,0,0,75,42,42,0,75,33,0
Garrett Bradbury,46013,C,CHI,1,100.0,0,6,49.9,43.5,51.3,0,2,38,100.0,100.0,97.4,1,2,0,75,75,0,0,75,40,40,0,0,35,0
Darnell Wright,98480,T,CHI,1,100.0,0,6,84.0,69.5,88.5,0,2,38,100.0,100.0,97.4,0,2,0,75,0,0,0,75,40,40,0,75,35,0
Jonah Jackson,37070,G,CHI,1,100.0,0,6,85.7,88.7,79.1,0,0,38,100.0,100.0,100.0,0,0,0,75,0,0,0,75,40,40,75,0,35,0
Isaac Seumalo,10713,G,ARZ,1,100.0,0,1,51.4,38.6,55.5,1,1,39,100.0,100.0,97.4,0,2,0,72,0,72,0,72,42,42,0,0,30,0
Morgan Moses,8701,T,NE,1,100.0,0,19,71.4,82.3,68.1,0,0,42,100.0,100.0,100.0,1,0,0,71,0,0,0,71,44,44,0,71,27,0
Mike Onwenu,27357,G,NE,1,100.0,0,19,75.7,88.9,66.8,0,0,42,100.0,100.0,100.0,0,0,0,71,0,0,0,71,44,44,71,0,27,0
Will Campbell,157106,T,NE,1,100.0,0,19,70.7,84.4,55.7,0,1,42,100.0,100.0,96.4,2,2,1,71,0,0,71,71,44,44,0,0,27,0
Alijah Vera-Tucker,57107,G,NE,1,100.0,0,19,60.7,54.1,61.5,0,4,42,100.0,100.0,95.2,1,4,0,71,0,71,0,71,44,44,0,0,27,0
Jared Wilson,146717,G,NE,1,100.0,0,19,67.9,70.5,65.8,0,1,42,100.0,100.0,98.8,0,1,0,71,71,0,0,71,44,44,0,0,27,0
Chris Paul,77579,G,WAS,1,100.0,0,32,50.6,32.1,56.6,0,1,38,100.0,100.0,98.7,0,1,0,70,0,70,0,70,41,41,0,0,29,0
Nick Allegretti,39268,G,WAS,1,100.0,0,32,42.9,47.3,42.1,0,1,38,100.0,100.0,98.7,0,1,0,70,70,0,0,70,41,41,0,0,29,0
Brandon Coleman,123068,T,WAS,1,100.0,0,32,59.9,59.7,64.3,0,3,38,100.0,100.0,93.4,1,4,1,70,0,0,69,70,41,41,0,1,29,0
Sam Cosmi,60114,G,WAS,1,100.0,0,32,76.7,79.5,71.6,0,1,38,100.0,100.0,98.7,0,1,0,70,0,0,0,70,41,41,70,0,29,0
Jermaine Eluemunor,11914,T,NYG,1,100.0,0,21,68.4,83.4,65.1,0,0,34,100.0,100.0,100.0,1,0,0,69,0,1,1,69,34,34,0,67,35,0
Creed Humphrey,59996,C,KC,1,100.0,0,16,80.3,39.0,88.0,0,0,33,100.0,100.0,100.0,0,0,0,69,69,0,0,69,34,34,0,0,35,0
Kingsley Suamataia,146558,G,KC,1,100.0,0,16,46.3,69.1,42.0,1,0,33,100.0,100.0,98.5,0,1,0,69,0,69,0,69,34,34,0,0,35,0
Josh Conerly Jr.,163291,T,WAS,1,98.6,0,32,70.7,78.4,71.5,0,4,37,97.4,97.6,94.6,1,4,0,69,0,0,0,70,40,41,0,69,29,1
Francis Mauigoa,170088,T,NYG,1,100.0,0,21,46.9,56.7,44.5,0,0,34,100.0,100.0,100.0,0,0,0,69,0,1,1,69,34,34,67,0,35,0
John Michael Schmitz Jr.,55238,C,NYG,1,100.0,0,21,58.5,71.8,54.9,0,2,34,100.0,100.0,97.1,0,2,0,69,69,0,0,69,34,34,0,0,35,0
Trey Smith,62960,G,KC,1,100.0,0,16,80.6,69.0,78.8,0,0,33,100.0,100.0,100.0,1,0,0,69,0,0,0,69,34,34,69,0,35,0
Kahlil Benson,129434,T,KC,1,100.0,0,16,61.5,72.2,53.8,0,0,33,100.0,100.0,100.0,1,0,0,69,0,0,69,69,34,34,0,0,35,0
Jon Runyan,36661,G,NYG,1,100.0,0,21,43.8,64.5,46.1,2,1,34,100.0,100.0,95.6,2,3,0,69,0,67,0,69,34,34,2,0,35,0
Andrew Thomas,59701,T,NYG,1,100.0,0,21,73.0,51.3,80.6,0,2,34,100.0,100.0,97.1,0,2,0,69,0,0,66,69,34,34,0,2,35,1
Mason McCormick,78326,G,PIT,1,100.0,0,25,59.2,59.8,57.3,0,4,43,100.0,100.0,95.3,0,4,0,68,0,67,0,68,47,47,0,0,21,0
Rasheed Walker,81798,T,CAR,1,100.0,0,5,82.1,88.6,81.8,0,1,43,100.0,100.0,98.8,1,1,0,68,0,0,68,68,46,46,0,0,22,0
Jackson Powers-Johnson,146550,G,LV,1,100.0,0,23,51.9,75.9,45.8,0,2,31,100.0,100.0,96.8,0,2,0,68,0,0,0,68,32,32,68,0,36,0
Jacob Monk,98058,G,GB,1,100.0,0,12,54.9,48.2,56.1,2,1,46,100.0,100.0,94.6,0,4,1,68,0,0,0,68,46,46,68,0,22,0
Ronnie Stanley,10640,T,BLT,1,100.0,0,3,56.3,69.6,53.9,1,0,29,100.0,100.0,94.8,2,2,1,68,0,0,67,68,33,33,0,0,35,1
Dylan Cook,91689,T,PIT,1,100.0,0,25,73.5,71.3,83.6,0,2,43,100.0,100.0,95.3,1,3,1,68,0,0,1,68,47,47,0,66,21,0
Jordan Morgan,98652,T,GB,1,100.0,0,12,47.2,48.8,51.3,3,2,46,100.0,100.0,94.6,1,5,0,68,0,0,68,68,46,46,0,0,22,0
Spencer Burford,81920,G,LV,1,100.0,0,23,52.7,64.8,50.2,1,3,31,100.0,100.0,93.5,0,4,0,68,0,68,0,68,32,32,0,0,36,0
Roger Rosengarten,131912,T,BLT,1,100.0,0,3,69.2,61.1,70.7,0,2,29,100.0,100.0,96.6,0,2,0,68,0,0,0,68,33,33,0,68,35,0
Tyler Linderbaum,82291,C,LV,1,100.0,0,23,68.7,71.2,66.6,0,0,31,100.0,100.0,100.0,0,0,0,68,68,0,0,68,32,32,0,0,36,0
Sean Rhyan,72009,C,GB,1,100.0,0,12,57.3,32.8,64.8,1,1,46,100.0,100.0,95.7,1,3,1,68,68,0,0,68,46,46,0,0,22,0
Vega Ioane,164174,G,BLT,1,100.0,0,3,73.0,44.2,76.0,0,1,29,100.0,100.0,94.8,2,2,1,68,0,0,0,68,33,33,68,0,35,0
John Simpson,41715,G,BLT,1,100.0,1,3,67.8,47.1,70.0,0,1,29,100.0,100.0,98.3,1,1,0,68,0,68,0,68,33,33,0,0,35,0
Donovan Jennings,86861,G,GB,1,100.0,0,12,39.3,40.0,47.7,0,2,46,100.0,100.0,97.8,1,2,0,68,0,68,0,68,46,46,0,0,22,0
Jovaughn Gwyn,81839,G,BLT,1,100.0,0,3,66.4,0.0,88.2,0,2,29,100.0,100.0,96.6,1,2,0,68,68,0,0,68,33,33,0,0,35,0
DJ Glaze,129511,T,LV,1,100.0,0,23,70.9,70.7,68.5,0,0,31,100.0,100.0,100.0,0,0,0,68,0,0,0,68,32,32,0,68,36,0
Zach Bako-Bewele,55443,T,GB,1,100.0,0,12,59.9,58.7,57.6,1,1,46,100.0,100.0,95.7,0,3,1,68,0,0,0,68,46,46,0,68,22,0
Kolton Miller,47013,T,LV,1,100.0,0,23,83.1,85.4,78.8,0,0,31,100.0,100.0,100.0,0,0,0,68,0,0,68,68,32,32,0,0,36,0
Armand Membou,125008,T,NYJ,1,100.0,0,22,58.5,84.0,46.0,0,0,26,100.0,100.0,100.0,0,0,0,67,0,0,0,67,28,28,0,67,39,0
Spencer Anderson,81719,G,PIT,1,100.0,0,25,55.2,44.1,58.7,0,1,42,100.0,100.0,98.8,0,1,0,67,0,0,0,67,46,46,67,0,21,0
Dylan Parham,60953,G,NYJ,1,100.0,0,22,93.5,58.8,92.9,0,4,26,100.0,100.0,92.3,0,4,0,67,0,67,0,67,28,28,0,0,39,0
Josh Myers,59992,C,NYJ,1,100.0,0,22,68.2,63.7,67.4,0,2,26,100.0,100.0,96.2,1,2,0,67,67,0,0,67,28,28,0,0,39,0
Joe Tippmann,101568,G,NYJ,1,100.0,0,22,69.3,67.6,66.5,0,0,26,100.0,100.0,100.0,0,0,0,67,0,0,0,67,28,28,67,0,39,0
Zach Frazier,123419,C,PIT,1,100.0,0,25,62.7,76.9,55.8,0,1,42,100.0,100.0,98.8,0,1,0,67,67,0,0,67,46,46,0,0,21,0
Olumuyiwa Fashanu,129777,T,NYJ,1,100.0,0,22,68.1,76.3,68.5,0,2,26,100.0,100.0,96.2,1,2,0,67,0,0,67,67,28,28,0,0,39,0
Jaylon Moore,43678,T,KC,1,98.5,1,16,63.5,65.3,61.3,1,1,32,97.0,97.1,93.7,1,3,1,67,0,0,0,68,33,34,0,67,34,1
Ben Bartch,84236,G,DET,1,100.0,0,11,65.6,53.4,66.7,1,0,36,100.0,100.0,98.6,1,1,0,66,0,66,0,66,36,36,0,0,30,0
Damien Lewis,81532,G,CAR,1,100.0,0,5,82.3,80.7,78.7,1,0,42,100.0,100.0,98.8,0,1,0,66,0,66,0,66,45,45,0,0,21,0
Troy Fautanu,100521,T,PIT,1,100.0,0,25,44.4,47.1,37.4,1,2,41,100.0,100.0,96.3,0,3,0,66,0,0,66,66,45,45,0,0,21,0
Blake Brandel,46282,C,MIN,1,100.0,0,18,52.6,78.4,52.0,0,1,30,100.0,100.0,98.3,1,1,0,65,65,0,0,65,34,34,0,0,31,0
Will Fries,41530,G,MIN,1,100.0,0,18,48.1,30.0,52.9,1,1,30,100.0,100.0,93.3,0,3,1,65,0,0,0,65,34,34,65,0,31,0
Trent Williams,5529,T,SF,1,100.0,0,28,72.2,75.1,67.1,0,2,36,100.0,100.0,97.2,0,2,0,65,0,0,65,65,37,37,0,0,28,0
Dominick Puni,163815,G,SF,1,100.0,0,28,69.3,82.7,62.5,0,1,36,100.0,100.0,98.6,0,1,0,65,0,0,0,65,37,37,65,0,28,0
Christian Darrisaw,77373,T,MIN,1,100.0,0,18,68.6,65.2,67.3,0,1,30,100.0,100.0,95.0,0,2,1,65,0,0,65,65,34,34,0,0,31,0
Brian O'Neill,46854,T,MIN,1,100.0,0,18,59.4,56.9,66.9,0,2,30,100.0,100.0,96.7,1,2,0,65,0,0,0,65,34,34,0,65,31,0
Connor Colby,144862,G,SF,1,100.0,0,28,59.5,60.8,58.1,1,1,36,100.0,100.0,97.2,0,2,0,65,0,65,0,65,37,37,0,0,28,0
Donovan Jackson,145064,G,MIN,1,100.0,0,18,62.0,88.4,53.3,0,0,30,100.0,100.0,100.0,0,0,0,65,0,65,0,65,34,34,0,0,31,0
Jake Brendel,11117,C,SF,1,100.0,0,28,69.0,64.6,67.2,0,1,36,100.0,100.0,98.6,0,1,0,65,65,0,0,65,37,37,0,0,28,0
Colton McKivitz,29314,T,SF,1,100.0,0,28,75.1,65.6,77.8,0,1,36,100.0,100.0,98.6,0,1,0,65,0,0,0,65,37,37,0,65,28,0
Amarius Mims,146719,T,CIN,1,100.0,0,7,65.9,84.1,49.8,0,0,37,100.0,100.0,100.0,0,0,0,64,0,0,0,64,38,38,0,64,26,0
Dalton Risner,47008,G,CIN,1,100.0,0,7,59.1,83.9,49.5,0,0,37,100.0,100.0,100.0,0,0,0,64,0,0,0,64,38,38,64,0,26,0
Ted Karras,10855,C,CIN,1,100.0,0,7,59.4,60.9,58.1,0,1,37,100.0,100.0,98.6,0,1,0,64,64,0,0,64,38,38,0,0,26,0
Orlando Brown Jr.,46227,T,CIN,1,100.0,0,7,59.4,68.4,48.8,2,0,37,100.0,100.0,97.3,0,2,0,64,0,0,64,64,38,38,0,0,26,0
Dylan Fairchild,146716,G,CIN,1,100.0,0,7,52.7,28.9,61.0,0,3,37,100.0,100.0,95.9,0,3,0,64,0,64,0,64,38,38,0,0,26,0
Alaric Jackson,40972,T,LA,1,100.0,0,26,67.9,66.2,65.9,1,2,29,100.0,100.0,94.8,1,3,0,61,0,0,61,61,33,33,0,0,28,0
Monroe Freeling,173548,T,CAR,1,100.0,0,5,65.8,62.0,77.5,0,3,41,100.0,100.0,93.9,1,4,1,61,0,0,0,61,44,44,0,61,17,0
Coleman Shelton,39316,C,LA,1,100.0,0,26,83.2,57.7,88.2,1,0,29,100.0,100.0,98.3,0,1,0,61,61,0,0,61,33,33,0,0,28,0
Luke Fortner,42028,C,CAR,1,100.0,0,5,68.6,65.7,69.1,1,2,41,100.0,100.0,96.3,0,3,0,61,61,0,0,61,44,44,0,0,17,0
Robert Hunt,46139,G,CAR,1,100.0,0,5,54.3,78.4,50.3,0,1,41,100.0,100.0,98.8,1,1,0,61,0,0,0,61,44,44,61,0,17,0
Warren McClendon Jr.,99081,T,LA,1,100.0,0,26,62.6,60.3,61.7,2,0,29,100.0,100.0,96.6,1,2,0,61,0,0,0,61,33,33,0,61,28,0
Steve Avila,77319,G,LA,1,100.0,0,26,84.9,48.2,90.3,1,1,29,100.0,100.0,96.6,0,2,0,61,0,61,0,61,33,33,0,0,28,0
Ryan Neuzil,41123,C,ATL,1,100.0,0,2,51.2,59.6,49.8,0,0,26,100.0,100.0,100.0,0,0,0,60,60,0,0,60,28,28,0,0,32,0
Jake Matthews,8641,T,ATL,1,100.0,0,2,40.9,40.3,40.0,1,0,26,100.0,100.0,90.4,1,3,2,60,0,0,60,60,28,28,0,0,32,0
Jawaan Taylor,41665,T,ATL,1,100.0,1,2,43.3,67.6,29.7,0,2,26,100.0,100.0,96.2,1,2,0,60,0,0,0,60,28,28,0,60,32,0
Matthew Bergeron,99658,G,ATL,1,100.0,1,2,63.6,59.0,68.8,0,1,26,100.0,100.0,98.1,2,1,0,60,0,60,0,60,28,28,0,0,32,0
Kevin Dotson,46735,G,LA,1,100.0,0,26,65.4,26.7,84.2,2,3,29,100.0,100.0,91.4,1,5,0,59,0,0,0,59,33,33,59,0,26,0
Terence Steele,39461,T,DAL,1,100.0,0,9,50.1,45.2,62.7,0,1,36,100.0,100.0,98.6,1,1,0,58,0,0,0,58,41,41,0,58,17,0
Tyler Booker,157001,G,DAL,1,100.0,0,9,78.4,68.4,79.5,0,1,36,100.0,100.0,98.6,0,1,0,58,0,0,0,58,41,41,58,0,17,0
T.J. Bass,131703,G,DAL,1,100.0,0,9,54.4,53.2,54.1,0,3,36,100.0,100.0,95.8,0,3,0,58,0,58,0,58,41,41,0,0,17,0
Tyler Guyton,123076,T,DAL,1,100.0,0,9,68.7,49.2,84.8,0,2,36,100.0,100.0,97.2,0,2,0,58,0,0,58,58,41,41,0,0,17,0
Cooper Beebe,99434,C,DAL,1,100.0,0,9,68.6,74.1,66.0,0,0,36,100.0,100.0,100.0,0,0,0,58,58,0,0,58,41,41,0,0,17,0
Spencer Brown,42296,T,BUF,1,100.0,0,4,56.5,49.3,59.6,0,2,32,100.0,100.0,96.9,0,2,0,57,0,0,0,57,37,37,0,57,20,0
Cody Mauch,66637,G,TB,1,100.0,1,30,57.1,68.0,51.1,0,3,36,100.0,100.0,95.8,1,3,0,57,0,0,0,57,39,39,57,0,18,0
Tristan Wirfs,64818,T,TB,1,100.0,0,30,46.6,80.6,33.4,0,1,36,100.0,100.0,95.8,2,2,1,57,0,0,57,57,39,39,0,0,18,0
Alec Anderson,81882,G,BUF,1,100.0,0,4,52.4,44.2,54.9,1,1,32,100.0,100.0,93.7,1,3,1,57,0,57,0,57,37,37,0,0,20,0
Ben Bredeson,27305,G,TB,1,100.0,0,30,61.4,38.9,69.2,1,1,36,100.0,100.0,94.4,0,3,1,57,0,57,0,57,39,39,0,0,18,0
Dion Dawkins,11818,T,BUF,1,100.0,1,4,53.1,76.4,39.9,0,1,32,100.0,100.0,98.4,1,1,0,57,0,0,57,57,37,37,0,0,20,0
Graham Barton,122367,C,TB,1,100.0,0,30,52.4,85.4,40.4,0,0,36,100.0,100.0,100.0,0,0,0,57,57,0,0,57,39,39,0,0,18,0
Luke Goedeke,77548,T,TB,1,100.0,0,30,66.8,63.8,66.7,0,2,36,100.0,100.0,97.2,0,2,0,57,0,0,0,57,39,39,0,57,18,0
Anton Harrison,122929,T,JAX,1,100.0,0,15,74.1,79.6,68.9,0,1,25,100.0,100.0,98.0,0,1,0,57,0,0,57,57,25,25,0,0,32,0
Emmanuel Pregnon,128427,G,JAX,1,100.0,0,15,50.3,73.5,45.5,0,1,25,100.0,100.0,98.0,0,1,0,57,0,57,0,57,25,25,0,0,32,0
Connor McGovern,41714,C,BUF,1,100.0,1,4,64.4,73.7,60.6,0,1,32,100.0,100.0,98.4,1,1,0,57,57,0,0,57,37,37,0,0,20,0
O'Cyrus Torrence,102821,G,BUF,1,100.0,0,4,45.4,76.3,43.3,0,1,32,100.0,100.0,98.4,1,1,0,57,0,0,0,57,37,37,57,0,20,0
Braxton Jones,60092,T,CHI,1,100.0,0,6,63.3,51.9,67.9,0,2,33,100.0,100.0,97.0,0,2,0,56,0,0,56,56,34,34,0,0,22,0
Jordan Mailata,66916,T,PHI,1,100.0,0,24,72.6,90.0,66.4,0,0,34,100.0,100.0,100.0,1,0,0,55,0,0,55,55,35,35,0,0,20,0
Rashawn Slater,59971,T,LAC,1,100.0,0,27,76.3,73.1,87.4,0,2,35,100.0,100.0,97.1,1,2,0,55,0,0,55,55,39,39,0,0,16,0
Aaron Brewer,46014,C,MIA,1,100.0,1,17,52.4,79.2,49.9,0,0,37,100.0,100.0,100.0,2,0,0,55,55,0,0,55,40,40,0,0,15,0
Cam Jurgens,84014,C,PHI,1,100.0,0,24,60.5,84.6,67.6,0,0,34,100.0,100.0,100.0,2,0,0,55,55,0,0,55,35,35,0,0,20,0
Cole Strange,22976,G,LAC,1,100.0,1,27,41.0,10.6,55.7,0,5,35,100.0,100.0,92.9,1,5,0,55,0,0,0,55,39,39,55,0,16,0
Kadyn Proctor,172392,G,MIA,1,100.0,0,17,71.2,63.4,79.0,0,2,37,100.0,100.0,97.3,1,2,0,55,0,55,0,55,40,40,0,0,15,0
Austin Jackson,60816,T,MIA,1,100.0,0,17,38.0,26.9,60.2,0,4,37,100.0,100.0,91.9,1,5,1,55,0,0,0,55,40,40,0,55,15,0
Jonah Savaiinaea,158742,G,MIA,1,100.0,0,17,47.6,38.2,50.9,1,3,37,100.0,100.0,94.6,0,4,0,55,0,0,0,55,40,40,55,0,15,0
Joe Alt,147481,T,LAC,1,100.0,0,27,67.3,82.8,62.9,0,0,35,100.0,100.0,100.0,1,0,0,55,0,0,0,55,39,39,0,55,16,0
Lane Johnson,7786,T,PHI,1,100.0,0,24,75.9,76.9,72.6,0,0,34,100.0,100.0,100.0,0,0,0,55,0,0,0,55,35,35,0,55,20,0
Landon Dickerson,41712,G,PHI,1,100.0,0,24,37.6,20.8,47.0,0,3,34,100.0,100.0,92.6,1,4,1,55,0,55,0,55,35,35,0,0,20,0
Tyler Steen,81921,G,PHI,1,100.0,0,24,62.8,58.6,62.2,0,0,34,100.0,100.0,100.0,0,0,0,55,0,0,0,55,35,35,55,0,20,0
Patrick Paul,101019,T,MIA,1,100.0,0,17,66.6,76.4,64.6,0,3,37,100.0,100.0,93.2,1,4,1,55,0,0,55,55,40,40,0,0,15,0
Jake Slaughter,146693,C,LAC,1,100.0,0,27,42.5,69.8,39.0,0,0,35,100.0,100.0,100.0,2,0,0,55,55,0,0,55,39,39,0,0,16,0
Jalen Travis,155412,T,IND,1,100.0,0,14,78.8,78.1,75.9,0,1,34,100.0,100.0,98.5,0,1,0,54,0,0,0,54,35,35,0,54,19,0
Tanor Bortolini,129915,C,IND,1,100.0,0,14,42.8,51.2,40.7,0,1,34,100.0,100.0,98.5,0,1,0,54,54,0,0,54,35,35,0,0,19,0
Matt Goncalves,99680,G,IND,1,100.0,0,14,91.2,88.8,87.6,0,0,34,100.0,100.0,100.0,0,0,0,54,0,0,0,54,35,35,54,0,19,0
Bernhard Raimann,77948,T,IND,1,100.0,0,14,70.7,70.6,67.4,0,3,34,100.0,100.0,95.6,0,3,0,54,0,0,54,54,35,35,0,0,19,0
Quenton Nelson,12954,G,IND,1,100.0,0,14,83.3,55.6,87.9,1,1,34,100.0,100.0,97.1,0,2,0,54,0,54,0,54,35,35,0,0,19,0
Quinn Meinerz,112915,G,DEN,1,100.0,0,10,79.9,76.7,78.1,0,1,33,100.0,100.0,98.5,0,1,0,51,0,0,0,51,35,35,51,0,16,0
Luke Wattenberg,41024,C,DEN,1,100.0,0,10,50.2,20.2,63.9,0,2,33,100.0,100.0,93.9,0,3,1,51,51,0,0,51,35,35,0,0,16,0
Ben Powers,41482,G,DEN,1,100.0,0,10,47.1,49.6,45.2,1,1,33,100.0,100.0,97.0,0,2,0,51,0,51,0,51,35,35,0,0,16,0
Tytus Howard,25472,T,CLV,1,100.0,0,8,60.8,56.2,73.4,1,2,31,100.0,100.0,95.2,1,3,0,51,0,0,0,51,33,33,0,51,18,0
Mike McGlinchey,46275,T,DEN,1,100.0,0,10,69.2,66.5,69.7,0,3,33,100.0,100.0,92.4,0,4,1,51,0,0,0,51,35,35,0,50,16,1
Elgton Jenkins,46298,C,CLV,1,100.0,0,8,65.2,84.6,58.7,0,0,31,100.0,100.0,100.0,0,0,0,51,51,0,0,51,33,33,0,0,18,0
Chris Lindstrom,46692,G,ATL,1,100.0,0,2,70.6,49.3,72.3,0,1,24,100.0,100.0,97.9,1,1,0,51,0,0,0,51,26,26,51,0,25,0
Austin Barber,146692,T,CLV,1,100.0,0,8,82.6,83.2,78.2,1,0,31,100.0,100.0,98.4,0,1,0,51,0,0,0,51,33,33,51,0,18,0
Spencer Fano,174217,T,CLV,1,100.0,0,8,58.8,59.8,54.9,0,3,31,100.0,100.0,95.2,0,3,0,51,0,0,51,51,33,33,0,0,18,0
Garett Bolles,11775,T,DEN,1,100.0,1,10,70.1,84.9,52.9,0,0,33,100.0,100.0,100.0,1,0,0,51,0,0,51,51,35,35,0,0,16,0
Peter Skoronski,129737,G,TEN,1,100.0,0,31,65.0,67.1,61.5,0,2,39,100.0,100.0,97.4,0,2,0,50,0,50,0,50,40,40,0,0,10,0
Zion Johnson,99681,G,CLV,1,100.0,0,8,62.1,69.9,66.9,0,1,30,100.0,100.0,98.3,2,1,0,50,0,50,0,50,32,32,0,0,18,0
JC Latham,146596,T,TEN,1,100.0,0,31,52.2,55.5,58.2,0,2,39,100.0,100.0,97.4,2,2,0,50,0,0,0,50,40,40,0,50,10,0
Abraham Lucas,60218,T,SEA,1,100.0,0,29,71.7,45.8,84.2,1,1,27,100.0,100.0,92.6,1,3,1,50,0,0,0,50,28,28,0,50,22,0
Dan Moore Jr.,60120,T,TEN,1,100.0,0,31,67.8,55.1,81.7,0,1,39,100.0,100.0,96.2,0,2,1,50,0,0,50,50,40,40,0,0,10,0
Anthony Bradford,99103,G,SEA,1,100.0,0,29,50.5,3.1,75.1,0,3,27,100.0,100.0,94.4,2,3,0,50,0,0,0,50,28,28,50,0,22,0
Grey Zabel,125314,G,SEA,1,100.0,0,29,64.2,60.7,63.3,0,2,27,100.0,100.0,96.3,0,2,0,50,0,50,0,50,28,28,0,0,22,0
Fernando Carmona,146185,G,TEN,1,100.0,0,31,61.4,57.4,61.4,1,2,39,100.0,100.0,96.2,0,3,0,50,0,0,0,50,40,40,50,0,10,0
Charles Cross,98401,T,SEA,1,100.0,0,29,55.4,59.2,49.7,1,0,27,100.0,100.0,98.1,0,1,0,50,0,0,49,50,28,28,0,0,22,0
Robert Hainsey,59980,C,JAX,1,100.0,0,15,60.7,75.8,63.5,1,0,25,100.0,100.0,94.0,1,2,1,50,50,0,0,50,25,25,0,0,25,0
Ezra Cleveland,41973,G,JAX,1,100.0,0,15,63.1,63.7,61.0,0,2,25,100.0,100.0,96.0,0,2,0,50,0,0,0,50,25,25,50,0,25,0
Austin Schlottmann,30097,C,TEN,1,100.0,0,31,62.1,72.0,56.1,1,0,39,100.0,100.0,98.7,0,1,0,50,50,0,0,50,40,40,0,0,10,0
Jalen Sundell,91396,C,SEA,1,100.0,0,29,58.9,63.8,71.4,1,2,27,100.0,100.0,94.4,2,3,0,50,50,0,0,50,28,28,0,0,22,0
Cole Van Lanen,41583,T,JAX,1,100.0,0,15,75.5,81.6,70.8,0,0,20,100.0,100.0,100.0,0,0,0,36,0,0,0,36,20,20,0,36,16,0
Kayode Awosika,44909,G,LAC,1,100.0,0,27,71.1,85.1,63.4,0,0,23,100.0,100.0,100.0,0,0,0,35,0,35,0,35,25,25,0,0,10,0
Geno Smith,7820,QB,NYJ,1,52.2,0,22,84.6,,60.0,0,0,0,0.0,0.0,,2,0,0,35,0,0,0,67,0,28,0,0,35,0
Jared Goff,10635,QB,DET,1,45.5,0,11,65.9,,60.0,0,0,0,0.0,0.0,,1,0,0,35,0,0,0,77,0,41,0,0,35,0
Durham Smythe,47257,TE,BLT,1,78.6,0,3,67.4,77.3,71.7,0,0,3,25.0,30.8,100.0,0,0,0,33,0,0,0,42,4,13,0,0,29,28
Josh Oliver,47083,TE,MIN,1,78.6,0,18,76.5,23.3,62.7,0,1,3,25.0,25.0,83.3,0,1,0,33,0,0,0,42,3,12,0,0,30,41
Brock Wright,60994,TE,DET,1,82.1,0,11,56.6,45.0,60.8,0,0,7,50.0,50.0,100.0,0,0,0,32,0,0,0,39,7,14,0,0,25,35
Patrick Mahomes,11765,QB,KC,1,46.4,0,16,62.3,,60.0,0,0,0,0.0,0.0,,0,0,0,32,0,0,0,69,0,34,0,0,32,0
Caleb Williams,144622,QB,CHI,1,42.7,0,6,64.6,,60.3,0,0,0,0.0,0.0,,1,0,0,32,0,0,0,75,0,40,0,0,32,0
Kirk Cousins,7102,QB,LV,1,47.1,0,23,46.3,,60.1,0,0,0,0.0,0.0,,0,0,0,32,0,0,0,68,0,32,0,0,32,0
Patrick Ricard,48862,FB,NYG,1,86.5,0,21,61.1,73.8,62.0,1,0,5,50.0,50.0,90.0,0,1,0,32,0,0,0,37,5,10,0,0,27,7
Cooper Rush,12324,QB,ATL,1,53.3,0,2,43.7,,60.0,0,0,0,0.0,0.0,,0,0,0,32,0,0,0,60,0,28,0,0,32,0
Drake London,86519,WR,ATL,1,52.5,0,2,71.5,,61.4,0,0,0,0.0,0.0,,0,0,0,31,0,0,0,59,0,27,0,0,31,0
Lamar Jackson,46416,QB,BLT,1,45.6,0,3,83.1,,60.0,0,0,0,0.0,0.0,,0,0,0,31,0,0,0,68,0,33,0,0,31,0
Amon-Ra St. Brown,84470,WR,DET,1,43.5,0,11,65.2,,53.2,0,0,0,0.0,0.0,,0,0,0,30,0,0,0,69,0,39,0,0,30,0
C.J. Stroud,129759,QB,HST,1,38.0,0,13,67.6,,60.0,0,0,0,0.0,0.0,,0,0,0,30,0,0,0,79,0,48,0,0,30,0
Michael Mayer,122906,TE,LV,1,54.5,0,23,76.3,42.9,74.1,0,0,3,11.1,10.7,100.0,0,0,0,30,0,0,0,55,3,28,0,0,27,49
Colston Loveland,158540,TE,CHI,1,44.6,0,6,51.6,23.7,66.5,0,1,2,5.6,5.3,75.0,1,1,0,29,0,0,0,65,2,38,0,0,27,36
Hunter Henry,10669,TE,NE,1,53.7,0,19,61.7,77.8,57.2,0,0,10,28.6,30.6,100.0,0,0,0,29,0,0,0,54,11,36,0,0,18,24
Ian Thomas,42130,TE,LV,1,93.5,0,23,72.2,77.5,69.1,0,0,7,77.8,77.8,100.0,0,0,0,29,0,0,0,31,7,9,0,0,22,26
Malachi Fields,151069,WR,NYG,1,58.0,0,21,63.2,,73.2,0,0,0,0.0,0.0,,0,0,0,29,0,0,0,50,0,21,0,0,29,0
Jacoby Brissett,10725,QB,ARZ,1,37.3,0,1,86.1,,60.0,0,0,0,0.0,0.0,,0,0,0,28,0,0,0,75,0,42,0,0,28,0
Sam LaPorta,101690,TE,DET,1,45.2,0,11,65.4,70.2,56.6,0,0,1,2.9,2.9,100.0,0,0,0,28,0,0,0,62,1,35,0,0,27,39
Drew Sample,47259,TE,CIN,1,66.7,0,7,61.0,31.4,58.0,0,0,6,31.6,30.0,83.3,0,1,1,28,0,0,0,42,6,20,0,0,22,29
Nate Boerkircher,129676,TE,JAX,1,73.7,0,15,60.3,71.9,54.9,0,0,2,16.7,16.7,100.0,1,0,0,28,0,0,0,38,2,12,0,0,26,33
Noah Gray,60878,TE,KC,1,71.1,0,16,47.2,76.9,43.8,0,0,5,31.3,31.3,100.0,0,0,0,27,0,0,0,38,5,16,0,1,22,20
Jaxson Dart,146409,QB,NYG,1,39.1,0,21,71.9,,60.0,0,0,0,0.0,0.0,,1,0,0,27,0,0,0,69,0,34,0,0,27,0
Eli Raridon,156970,TE,NE,1,71.1,0,19,57.1,76.4,49.5,0,0,6,37.5,35.3,100.0,0,0,0,27,0,0,0,38,6,17,0,0,21,33
Jayden Daniels,97993,QB,WAS,1,38.6,0,32,73.5,,60.0,0,0,0,0.0,0.0,,2,0,0,27,0,0,0,70,0,41,0,0,27,0
Mason Taylor,157122,TE,NYJ,1,61.4,0,22,54.3,69.6,76.2,0,0,1,5.9,5.6,100.0,1,0,0,27,0,0,0,44,1,18,0,0,26,31
Rashee Rice,97605,WR,KC,1,47.4,0,16,60.2,66.4,77.0,0,0,1,3.3,3.2,100.0,0,0,0,27,0,0,0,57,1,31,0,0,26,4
Garrett Wilson,97405,WR,NYJ,1,54.0,0,22,72.2,,59.4,0,0,0,0.0,0.0,,1,0,0,27,0,0,0,50,0,23,0,0,27,1
Jameson Williams,101701,WR,DET,1,40.0,0,11,54.7,,60.4,0,0,0,0.0,0.0,,0,0,0,26,0,0,0,65,0,39,0,0,26,0
Luke Farrell,42353,TE,SF,1,56.5,0,28,63.6,74.3,63.5,0,0,3,13.6,13.0,100.0,0,0,0,26,0,0,0,46,3,23,0,0,23,41
Drake Maye,143969,QB,NE,1,36.6,0,19,55.1,,60.0,0,0,0,0.0,0.0,,0,0,0,26,0,0,0,71,0,44,0,0,26,0
Darnell Washington,124044,TE,PIT,1,59.1,0,25,65.6,78.8,63.3,0,0,7,30.4,28.0,100.0,0,0,0,26,0,0,0,44,7,25,0,0,19,37
Foster Moreau,47043,TE,HST,1,74.3,0,13,64.0,51.1,56.9,0,1,2,18.2,25.0,75.0,0,1,0,26,0,0,0,35,3,12,0,0,23,26
Justin Jefferson,61398,WR,MIN,1,43.3,0,18,90.3,,62.6,0,0,0,0.0,0.0,,0,0,0,26,0,0,0,60,0,34,0,0,26,0
Brock Purdy,77672,QB,SF,1,38.5,0,28,63.3,,60.0,0,0,0,0.0,0.0,,0,0,0,25,0,0,0,65,0,37,0,0,25,0
Michael Wilson,84423,WR,ARZ,1,39.1,0,1,69.3,,59.5,0,0,0,0.0,0.0,,0,0,0,25,0,0,0,64,0,39,0,0,25,0
Charlie Woerner,42257,TE,ATL,1,67.6,0,2,52.7,76.8,54.5,0,0,3,23.1,20.0,100.0,0,0,0,25,0,0,0,37,3,15,0,0,22,24
Luther Burden III,157170,WR,CHI,1,45.5,0,6,62.3,,54.9,0,0,0,0.0,0.0,,0,0,0,25,0,0,0,55,0,29,0,0,25,0
Colby Parkinson,52266,TE,LA,1,53.2,0,26,49.0,65.9,52.5,0,0,1,5.3,4.3,100.0,1,0,0,25,0,0,0,47,1,23,0,0,24,41
Cole Kmet,60995,TE,CHI,1,55.8,0,6,84.6,39.5,75.4,0,0,1,5.0,9.5,100.0,0,0,0,24,0,0,0,43,2,21,0,0,22,31
Trevor Lawrence,77632,QB,JAX,1,48.0,0,15,86.0,,60.3,0,0,0,0.0,0.0,,1,0,0,24,0,0,0,50,0,25,0,0,24,0
Mack Hollins,11873,WR,NE,1,48.0,0,19,72.9,,76.8,0,0,0,0.0,0.0,,0,0,0,24,0,0,0,50,0,26,0,0,24,2
Connor Heyward,57301,FB,LV,1,75.0,0,23,61.5,61.1,57.2,1,0,6,46.2,46.2,91.7,0,1,0,24,0,0,0,32,6,13,0,0,18,4
Rashod Bateman,84296,WR,BLT,1,45.3,0,3,58.7,,56.9,0,0,0,0.0,0.0,,0,0,0,24,0,0,0,53,0,29,0,0,24,0
Dallas Goedert,47272,TE,PHI,1,46.2,0,24,81.1,74.6,68.0,0,0,4,12.9,12.5,100.0,0,0,0,24,0,0,0,52,4,32,0,0,20,36
AJ Barner,129433,TE,SEA,1,54.5,0,29,62.8,51.4,72.5,0,1,4,17.4,20.8,87.5,1,1,0,24,0,0,0,44,5,24,0,0,19,33
Ja'Marr Chase,84270,WR,CIN,1,38.3,0,7,55.7,,60.7,0,0,0,0.0,0.0,,0,0,0,23,0,0,0,60,0,37,0,0,23,0
Tucker Kraft,104034,TE,GB,1,51.1,0,12,76.6,46.1,66.0,0,0,5,18.5,18.5,100.0,0,0,0,23,0,0,0,45,5,27,0,0,18,31
Brenton Strange,101694,TE,JAX,1,59.0,0,15,63.9,72.4,57.5,0,0,2,11.1,11.1,100.0,1,0,0,23,0,0,0,39,2,18,0,0,21,23
Terry McLaurin,48229,WR,WAS,1,37.7,0,32,49.5,,60.7,0,0,0,0.0,0.0,,0,0,0,23,0,0,0,61,0,38,0,0,23,0
Mark Andrews,47436,TE,BLT,1,46.9,0,3,69.0,73.1,75.0,0,0,2,8.3,7.1,100.0,1,0,0,23,0,0,0,49,2,28,0,0,21,23
Adonai Mitchell,146712,WR,NYJ,1,50.0,0,22,68.8,,36.3,0,0,0,0.0,0.0,,0,0,0,23,0,0,0,46,0,23,0,0,23,0
Cade Otton,61071,TE,TB,1,41.1,0,30,53.0,45.8,65.4,0,0,4,11.4,13.2,100.0,1,0,0,23,0,0,0,56,5,38,0,0,18,36
Jeremy Ruckert,84029,TE,NYJ,1,79.3,0,22,57.7,70.6,59.5,0,0,1,14.3,25.0,100.0,0,0,0,23,0,0,0,29,2,8,0,0,21,27
Dawson Knox,35883,TE,BUF,1,60.5,0,4,55.4,62.0,60.8,0,0,5,29.4,31.8,100.0,0,0,0,23,0,0,0,38,7,22,0,0,16,27
Carson Wentz,10636,QB,MIN,1,42.6,0,18,63.4,,60.0,0,0,0,0.0,0.0,,0,0,0,23,0,0,0,54,0,27,0,0,23,0
John Bates,42275,TE,WAS,1,67.6,0,32,55.9,77.0,55.4,0,0,4,28.6,31.3,100.0,0,0,0,23,0,0,1,34,5,16,0,0,18,23
Trey McBride,75916,TE,ARZ,1,38.3,0,1,81.6,69.8,57.3,0,0,1,2.9,2.6,100.0,0,0,0,23,0,0,0,60,1,38,0,0,22,27
Kalif Raymond,11028,WR,CHI,1,48.9,0,6,90.2,,84.2,0,0,0,0.0,0.0,,0,0,0,22,0,0,0,45,0,23,0,0,22,1
Xavier Worthy,144718,WR,KC,1,41.5,0,16,57.3,,59.6,0,0,0,0.0,0.0,,0,0,0,22,0,0,0,53,0,31,0,0,22,3
Tyquan Thornton,78092,WR,KC,1,46.8,0,16,50.1,,53.4,0,0,0,0.0,0.0,,0,0,0,22,0,0,0,47,0,25,0,0,22,5
Marvin Harrison Jr.,145056,WR,ARZ,1,37.3,0,1,54.6,,60.3,0,0,0,0.0,0.0,,0,0,0,22,0,0,0,59,0,37,0,0,22,0
Jordan Addison,123000,WR,MIN,1,40.7,0,18,49.9,,49.0,0,0,0,0.0,0.0,,0,0,0,22,0,0,0,54,0,32,0,0,22,0
Tyler Shough,83537,QB,NO,1,24.4,0,20,75.0,,60.0,0,0,0,0.0,0.0,,2,0,0,22,0,0,0,90,0,67,0,0,22,0
Joe Burrow,28022,QB,CIN,1,34.4,0,7,66.2,,60.0,0,0,0,0.0,0.0,,0,0,0,22,0,0,0,64,0,38,0,0,22,0
Mike Evans,8642,WR,SF,1,44.9,0,28,81.7,,60.3,0,0,0,0.0,0.0,,0,0,0,22,0,0,0,49,0,27,0,0,22,0
Kyle Juszczyk,7912,FB,SF,1,66.7,0,28,48.7,69.1,51.5,0,0,2,15.4,15.4,100.0,0,0,0,22,0,0,0,33,2,13,0,0,20,13
Travis Kelce,7844,TE,KC,1,44.9,0,16,73.8,62.0,65.6,0,0,1,3.7,3.6,100.0,0,0,0,22,0,0,0,49,1,28,0,0,21,32
Max Bredeson,144930,FB,MIN,1,91.7,0,18,59.7,77.1,58.7,0,0,4,66.7,66.7,100.0,0,0,0,22,0,0,0,24,4,6,0,0,18,3
Chris Manhertz,10211,TE,NYG,1,87.5,0,21,68.0,45.5,69.8,0,0,2,40.0,40.0,100.0,0,0,0,21,0,0,0,24,2,5,0,0,19,23
Hunter Long,60859,TE,ARZ,1,80.8,0,1,65.8,71.8,76.4,0,0,3,37.5,37.5,100.0,1,0,0,21,0,0,0,26,3,8,0,0,18,24
Isaiah Williams,97156,WR,NYJ,1,52.5,0,22,51.7,,53.2,0,0,0,0.0,0.0,,0,0,0,21,0,0,0,40,0,19,0,0,21,0
Jordan Love,40306,QB,GB,1,30.9,0,12,50.9,,60.0,0,0,0,0.0,0.0,,1,0,0,21,0,0,0,68,0,46,0,0,21,0
Walker Little,52287,T,JAX,1,100.0,0,15,68.4,76.6,65.6,0,0,5,100.0,100.0,100.0,0,0,0,21,0,0,0,21,5,5,0,20,16,1
Jackson Hawes,109374,TE,BUF,1,87.5,0,4,66.1,58.5,68.0,0,0,5,62.5,62.5,100.0,0,0,0,21,0,0,0,24,5,8,0,0,16,21
Jalen Nailor,84292,WR,LV,1,51.2,0,23,74.0,,63.1,0,0,0,0.0,0.0,,0,0,0,21,0,0,0,41,0,20,0,0,21,0
Juwan Johnson,28305,TE,NO,1,27.6,0,20,73.4,60.0,75.1,0,1,5,9.1,8.3,90.0,0,1,0,21,0,0,0,76,5,60,0,0,16,30
Tre Tucker,101106,WR,LV,1,41.7,0,23,56.5,,52.6,0,0,0,0.0,0.0,,0,0,0,20,0,0,0,48,0,28,0,0,20,0
Devaughn Vele,100637,WR,NO,1,24.4,0,20,66.3,66.3,56.8,0,0,1,1.7,1.6,100.0,0,0,0,20,0,0,0,82,1,63,0,0,19,0
Matthew Stafford,4924,QB,LA,1,39.2,0,26,41.5,,60.0,0,0,0,0.0,0.0,,0,0,0,20,0,0,0,51,0,29,0,0,20,0
Isaac TeSlaa,172430,WR,DET,1,38.5,0,11,49.1,,51.7,0,0,0,0.0,0.0,,0,0,0,20,0,0,0,52,0,32,0,0,20,0
Trey Pipkins III,91462,T,LAC,1,100.0,0,27,37.1,41.4,38.9,0,0,12,100.0,100.0,91.7,0,1,1,20,0,20,0,20,14,14,0,0,6,0
Chris Brooks,83644,HB,GB,1,52.6,0,12,54.8,38.2,,1,1,20,66.7,66.7,95.0,0,2,0,20,0,0,0,38,20,30,0,0,0,1
Puka Nacua,100632,WR,LA,1,44.2,0,26,76.0,,57.4,0,0,0,0.0,0.0,,0,0,0,19,0,0,0,43,0,24,0,0,19,1
Mark Redman,131911,TE,GB,1,90.5,0,12,54.6,47.4,58.5,0,0,7,77.8,77.8,85.7,0,1,1,19,0,0,0,21,7,9,0,0,12,17
Tyler Warren,129798,TE,IND,1,38.0,1,14,55.2,20.2,62.0,1,0,3,9.1,8.8,83.3,1,1,0,19,0,0,0,50,3,34,0,0,16,23
Tommy Tremble,84025,TE,CAR,1,50.0,0,5,75.8,70.2,71.7,0,0,2,10.0,9.5,100.0,0,0,0,19,0,0,0,38,2,21,0,0,17,28
Noah Fant,42388,TE,NO,1,51.4,0,20,79.6,54.6,64.4,0,1,5,21.7,21.7,90.0,0,1,0,19,0,0,0,37,5,23,0,0,14,30
Cade Stover,101486,TE,HST,1,79.2,0,13,68.8,,68.9,0,0,0,0.0,0.0,,0,0,0,19,0,0,0,24,0,5,0,0,19,19
Demarcus Robinson,10760,WR,SF,1,46.3,1,28,68.2,,75.9,0,0,0,0.0,0.0,,1,0,0,19,0,0,0,41,0,22,0,0,19,0
Theo Benedet,169632,T,CHI,1,100.0,0,6,69.1,81.4,64.7,0,0,5,100.0,100.0,100.0,0,0,0,19,0,0,19,19,6,6,0,0,13,0
Daniel Jones,39395,QB,IND,1,35.2,0,14,53.4,,60.0,0,0,0,0.0,0.0,,1,0,0,19,0,0,0,54,0,35,0,0,19,0
Drew Lock,39517,QB,SEA,1,42.2,0,29,84.1,,60.0,0,0,0,0.0,0.0,,1,0,0,19,0,0,0,45,0,25,0,0,19,0
Dalton Kincaid,91791,TE,BUF,1,42.9,0,4,91.5,69.8,57.5,0,0,1,4.3,4.0,100.0,0,0,0,18,0,0,0,42,1,25,0,0,17,19
Aaron Rodgers,2241,QB,PIT,1,26.9,0,25,80.5,,60.0,0,0,0,0.0,0.0,,1,0,0,18,0,0,0,67,0,46,0,0,18,0
DeVonta Smith,61100,WR,PHI,1,34.6,0,24,75.8,,61.0,0,0,0,0.0,0.0,,0,0,0,18,0,0,0,52,0,34,0,0,18,0
Dontayvion Wicks,99711,WR,PHI,1,36.0,0,24,62.1,,38.6,0,0,0,0.0,0.0,,0,0,0,18,0,0,0,50,0,32,0,0,18,1
Jalen Hurts,40291,QB,PHI,1,32.7,0,24,79.7,,60.0,0,0,0,0.0,0.0,,0,0,0,18,0,0,0,55,0,35,0,0,18,0
Jaxon Smith-Njigba,129758,WR,SEA,1,40.0,0,29,91.2,,58.6,0,0,0,0.0,0.0,,0,0,0,18,0,0,0,45,0,27,0,0,18,0
D.K. Metcalf,47864,WR,PIT,1,28.1,1,25,49.8,,60.4,0,0,0,0.0,0.0,,2,0,0,18,0,0,0,64,0,46,0,0,18,0
Chris Olave,84355,WR,NO,1,23.4,0,20,82.6,,55.7,0,0,0,0.0,0.0,,0,0,0,18,0,0,0,77,0,59,0,0,18,0
Jahan Dotson,84375,WR,ATL,1,47.4,0,2,60.2,,55.5,0,0,0,0.0,0.0,,0,0,0,18,0,0,0,38,0,20,0,0,18,0
Quintin Morris,61182,TE,JAX,1,70.8,0,15,73.2,,79.6,0,0,0,0.0,0.0,,0,0,0,17,0,0,0,24,0,7,0,0,17,22
Chris Moore,10741,WR,BLT,1,68.0,0,3,81.8,,69.4,0,0,0,0.0,0.0,,0,0,0,17,0,0,0,25,0,8,0,0,17,0
Dak Prescott,10769,QB,DAL,1,29.3,0,9,79.7,,60.0,0,0,0,0.0,0.0,,1,0,0,17,0,0,0,58,0,41,0,0,17,0
Cooper Kupp,11824,WR,SEA,1,43.6,0,29,84.0,,51.1,0,0,0,0.0,0.0,,0,0,0,17,0,0,0,39,0,22,0,0,17,1
Kendrick Bourne,12270,WR,ARZ,1,34.0,0,1,83.7,,71.9,0,0,0,0.0,0.0,,0,0,0,17,0,0,0,50,0,33,0,0,17,3
Michael Pittman Jr.,29049,WR,PIT,1,28.8,0,25,60.3,,52.8,0,0,0,0.0,0.0,,1,0,0,17,0,0,0,59,0,42,0,0,17,0
Baker Mayfield,46518,QB,TB,1,29.8,0,30,50.2,,60.0,0,0,0,0.0,0.0,,1,0,0,17,0,0,0,57,0,39,0,0,17,0
Bryce Young,123943,QB,CAR,1,27.9,0,5,80.7,,60.0,0,0,0,0.0,0.0,,0,0,0,17,0,0,0,61,0,44,0,0,17,0
Matthew Hibner,129581,TE,BLT,1,73.9,0,3,81.0,,70.5,0,0,0,0.0,0.0,,0,0,0,17,0,0,1,23,0,6,0,0,17,19
Theo Johnson,129787,TE,NYG,1,53.1,0,21,54.9,69.6,44.3,0,0,1,6.3,6.3,100.0,0,0,0,17,0,0,0,32,1,16,0,0,16,21
Parker Washington,129799,WR,JAX,1,48.6,0,15,90.9,,76.8,0,0,0,0.0,0.0,,0,0,0,17,0,0,0,35,0,18,0,0,17,0
Terrance Ferguson,146563,TE,LA,1,54.8,0,26,56.5,65.9,65.4,0,0,1,7.1,6.7,100.0,0,0,0,17,0,0,0,31,1,15,0,0,16,22
Jahdae Walker,175944,WR,CHI,1,50.0,0,6,62.8,,66.9,0,0,0,0.0,0.0,,0,0,0,17,0,0,0,34,0,17,0,0,17,0
Mitchell Evans,147486,TE,CAR,1,59.3,0,5,64.7,76.8,57.0,0,0,4,33.3,26.7,100.0,0,0,0,16,0,0,0,27,4,15,0,0,12,20
Justin Herbert,28237,QB,LAC,1,29.1,0,27,53.5,,60.0,0,0,0,0.0,0.0,,0,0,0,16,0,0,0,55,0,39,0,0,16,0
T.J. Hockenson,40912,TE,MIN,1,37.2,0,18,66.3,68.1,61.9,0,0,2,8.0,6.9,100.0,0,0,0,16,0,0,0,43,2,29,0,0,14,24
Travis Etienne Jr.,57185,HB,NO,1,30.2,0,20,68.8,23.9,60.0,1,0,15,39.5,35.7,96.7,0,1,0,16,0,0,0,53,15,42,0,0,1,1
Emeka Egbuka,145055,WR,TB,1,32.7,0,30,73.3,71.9,49.7,0,0,2,5.9,5.7,100.0,0,0,0,16,0,0,0,49,2,35,0,0,14,1
Chigoziem Okonkwo,84000,TE,WAS,1,41.0,0,32,63.4,,63.3,0,0,0,0.0,0.0,,0,0,0,16,0,0,0,39,0,23,0,0,16,22
Denzel Boston,162481,WR,CLV,1,34.0,0,8,67.6,,52.2,0,0,0,0.0,0.0,,0,0,0,16,0,0,0,47,0,31,0,0,16,0
Charlie Kolar,60917,TE,LAC,1,53.3,0,27,54.6,74.0,68.8,0,0,3,20.0,17.6,100.0,1,0,0,16,0,0,0,30,3,17,0,0,13,22
Matthew Golden,156165,WR,GB,1,28.6,0,12,72.6,,80.8,0,0,0,0.0,0.0,,0,0,0,16,0,0,0,56,0,40,0,0,16,0
Johnny Mundt,12206,TE,PHI,1,80.0,0,24,75.2,75.3,74.1,0,0,3,42.9,50.0,100.0,0,0,0,16,0,0,0,20,4,8,0,0,12,19
Jakobi Meyers,47468,WR,JAX,1,43.2,0,15,66.0,,49.6,0,0,0,0.0,0.0,,0,0,0,16,0,0,0,37,0,20,0,0,16,0
Dalton Schultz,47304,TE,HST,1,30.8,0,13,62.5,78.5,59.7,0,0,2,5.9,7.7,100.0,0,0,0,16,0,0,0,52,3,39,0,0,13,22
Deshaun Watson,11767,QB,CLV,1,31.4,0,8,37.0,,60.0,0,0,0,0.0,0.0,,2,0,0,16,0,0,0,51,0,33,0,0,16,0
Elijah Higgins,98027,TE,ARZ,1,80.0,0,1,49.1,70.2,51.5,0,0,1,20.0,20.0,100.0,0,0,0,16,0,0,0,20,1,5,0,0,15,18
Harold Fannin Jr.,163104,TE,CLV,1,38.1,0,8,63.9,66.9,53.5,0,0,1,4.0,3.7,100.0,0,0,0,16,0,0,0,42,1,27,0,0,15,25
Stefon Diggs,9579,WR,WAS,1,36.4,0,32,61.0,,59.0,0,0,0,0.0,0.0,,1,0,0,16,0,0,0,44,0,28,0,0,16,0
Kyle Pitts,83964,TE,ATL,1,42.1,0,2,41.0,,31.3,0,0,0,0.0,0.0,,0,0,0,16,0,0,0,38,0,22,0,0,16,19
Alec Ingold,34934,FB,LAC,1,71.4,0,27,47.0,69.0,36.6,0,1,6,50.0,53.8,91.7,0,1,0,15,0,0,0,21,7,13,0,0,8,0
Caleb Douglas,157740,WR,MIA,1,30.0,0,17,76.1,,59.7,0,0,0,0.0,0.0,,0,0,0,15,0,0,0,50,0,35,0,0,15,0
Josh Downs,122832,WR,IND,1,31.3,0,14,66.0,,55.0,0,0,0,0.0,0.0,,0,0,0,15,0,0,0,48,0,33,0,0,15,0
Gunnar Helm,144726,TE,TEN,1,39.5,0,31,62.3,61.6,59.4,0,0,7,24.1,23.3,100.0,0,0,0,15,0,0,0,38,7,30,0,0,8,17
Kenyon Sadiq,174132,TE,NYJ,1,53.6,0,22,56.2,65.9,62.8,0,0,0,0.0,7.7,,1,0,0,15,0,0,0,28,1,13,0,0,14,21
Josh Allen,46601,QB,BUF,1,26.3,0,4,69.7,,60.0,0,0,0,0.0,0.0,,0,0,0,15,0,0,0,57,0,37,0,0,15,0
Tee Higgins,61211,WR,CIN,1,32.6,0,7,76.8,,77.6,0,0,0,0.0,0.0,,0,0,0,15,0,0,0,46,0,31,0,0,15,0
Jalen Coker,143068,WR,CAR,1,26.3,0,5,89.3,,74.4,0,0,0,0.0,0.0,,1,0,0,15,0,0,0,57,0,42,0,0,15,0
Davis Allen,99697,TE,LA,1,71.4,0,26,64.9,,56.4,0,0,0,0.0,0.0,,0,0,0,15,0,0,0,21,0,6,0,0,15,17
Jonnu Smith,11855,TE,GB,1,46.9,0,12,73.8,58.2,66.7,0,1,7,29.2,29.2,92.9,0,1,0,15,0,0,0,32,7,24,0,0,8,17
Tetairoa McMillan,158735,WR,CAR,1,26.8,0,5,60.8,,62.5,0,0,0,0.0,0.0,,0,0,0,15,0,0,0,56,0,41,0,0,15,0
Jake Ferguson,61081,TE,DAL,1,31.8,0,9,49.8,72.1,57.6,0,0,2,6.9,9.1,100.0,0,0,0,14,0,0,0,44,3,33,0,0,11,24
A.J. Brown,48327,WR,NE,1,45.2,0,19,69.2,,58.8,0,0,0,0.0,0.0,,0,0,0,14,0,0,0,31,0,17,0,0,14,0
Jared Wayne,99691,WR,HST,1,56.0,0,13,65.1,,53.2,0,0,0,0.0,0.0,,0,0,0,14,0,0,0,25,0,11,0,0,14,0
Christian Watson,66581,WR,GB,1,26.9,0,12,87.1,,58.3,0,0,0,0.0,0.0,,0,0,0,14,0,0,0,52,0,38,0,0,14,1
Malik Washington,97108,WR,MIA,1,25.9,0,17,49.7,,53.7,0,0,0,0.0,0.0,,0,0,0,14,0,0,0,54,0,40,0,0,14,0
Jack Bech,146771,WR,LV,1,51.9,0,23,70.4,,57.4,0,0,0,0.0,0.0,,0,0,0,14,0,0,0,27,0,13,0,0,14,1
Bo Nix,97790,QB,DEN,1,27.5,0,10,33.4,,60.0,0,0,0,0.0,0.0,,1,0,0,14,0,0,0,51,0,35,0,0,14,0
Erick All,52595,TE,CIN,1,70.0,0,7,48.3,69.6,45.1,0,0,1,14.3,14.3,100.0,0,0,0,14,0,0,0,20,1,7,0,0,13,10
Nico Collins,61441,WR,HST,1,24.6,0,13,70.9,,35.9,0,0,0,0.0,0.0,,0,0,0,14,0,0,0,57,0,42,0,0,14,0
Pat Freiermuth,84085,TE,PIT,1,28.6,0,25,71.0,66.6,67.2,0,0,1,3.1,2.8,100.0,0,0,0,14,0,0,0,49,1,36,0,0,13,22
Jelani Woods,60509,TE,NYJ,1,87.5,0,22,55.7,74.2,66.7,0,0,3,60.0,60.0,100.0,1,0,0,14,0,0,0,16,3,5,0,0,11,14
Antonio Williams,156241,WR,WAS,1,53.8,0,32,91.2,,60.5,0,0,0,0.0,0.0,,0,0,0,14,0,0,0,26,0,12,0,0,14,0
George Kittle,11901,TE,SF,1,43.3,0,28,47.0,42.2,49.8,0,1,2,10.5,10.5,75.0,0,1,0,13,0,0,0,30,2,19,0,0,11,19
Woody Marks,124179,HB,HST,1,32.5,0,13,74.7,74.5,60.0,0,1,11,44.0,37.9,95.5,0,1,0,13,0,0,0,40,11,29,0,0,2,0
Chris Godwin,11839,WR,TB,1,26.5,0,30,63.0,,45.9,0,0,0,0.0,0.0,,0,0,0,13,0,0,0,49,0,35,0,0,13,1
Quentin Johnston,123085,WR,LAC,1,30.2,0,27,53.1,,37.6,0,0,0,0.0,0.0,,1,0,0,13,0,0,0,43,0,30,0,0,13,0
Rome Odunze,73774,WR,CHI,1,36.1,0,6,59.2,,30.3,0,0,0,0.0,0.0,,1,0,0,13,0,0,0,36,0,23,0,0,13,0
Bryce Lance,148151,WR,NO,1,21.0,0,20,62.5,,61.9,0,0,0,0.0,0.0,,0,0,0,13,0,0,0,62,0,49,0,0,13,0
Ryan Flournoy,159617,WR,DAL,1,31.7,0,9,46.0,,48.4,0,0,0,0.0,0.0,,0,0,0,13,0,0,0,41,0,28,0,0,13,0
Darnell Mooney,48236,WR,NYG,1,33.3,0,21,64.4,,59.4,0,0,0,0.0,0.0,,0,0,0,13,0,0,0,39,0,26,0,0,13,0
Malik Willis,60341,QB,MIA,1,23.6,0,17,55.4,,60.0,0,0,0,0.0,0.0,,2,0,0,13,0,0,0,55,0,40,0,0,13,0
Xavier Hutchinson,122518,WR,HST,1,29.5,0,13,64.3,,74.0,0,0,0,0.0,0.0,,0,0,0,13,0,0,0,44,0,31,0,0,13,0
Saquon Barkley,45791,HB,PHI,1,33.3,0,24,72.0,47.1,,0,0,13,56.5,54.2,92.3,0,1,1,13,0,0,0,39,13,24,0,0,0,0
DJ Moore,48267,WR,BUF,1,30.2,0,4,79.0,,61.6,0,0,0,0.0,0.0,,0,0,0,13,0,0,0,43,0,30,0,0,13,0
David Njoku,11784,TE,LAC,1,40.0,1,27,71.9,82.4,58.1,0,0,3,15.0,14.3,100.0,1,0,0,12,0,0,0,30,3,21,0,0,9,14
Rashid Shaheed,63707,WR,SEA,1,36.4,0,29,49.0,,58.0,0,0,0,0.0,0.0,,0,0,0,12,0,0,0,33,0,21,0,0,12,0
D'Andre Swift,57212,HB,CHI,1,27.9,0,6,90.7,22.0,60.0,0,3,9,50.0,47.4,83.3,0,3,0,12,0,0,0,43,9,19,0,0,3,0
Malik Nabers,146759,WR,NYG,1,33.3,0,21,74.6,,61.9,0,0,0,0.0,0.0,,0,0,0,12,0,0,0,36,0,24,0,0,12,0
George Pickens,99229,WR,DAL,1,24.5,0,9,51.3,,61.2,0,0,0,0.0,0.0,,0,0,0,12,0,0,0,49,0,37,0,0,12,0
Josh Cameron,144513,WR,JAX,1,63.2,0,15,87.1,,53.6,0,0,0,0.0,0.0,,0,0,0,12,0,0,0,19,0,7,0,0,12,0
Reggie Gilliam,40951,FB,NE,1,92.3,0,19,58.8,64.2,60.1,0,0,1,50.0,50.0,100.0,0,0,0,12,0,0,0,13,1,2,0,0,11,1
Brady Russell,60876,FB,SEA,1,70.6,0,29,62.0,43.0,58.0,0,1,3,37.5,37.5,83.3,0,1,0,12,0,0,0,17,3,8,0,0,9,6
CeeDee Lamb,61570,WR,DAL,1,25.5,0,9,66.1,,60.0,0,0,0,0.0,0.0,,0,0,0,12,0,0,0,47,0,34,0,0,12,0
Andrei Iosivas,109811,WR,CIN,1,30.8,0,7,57.2,,60.6,0,0,0,0.0,0.0,,0,0,0,12,0,0,0,39,0,27,0,0,12,0
Kendre Miller,123091,HB,NO,1,46.2,0,20,44.1,25.3,60.0,0,0,9,64.3,64.3,88.9,0,1,1,12,0,0,0,26,9,14,0,0,3,0
Dyami Brown,77986,WR,WAS,1,32.4,0,32,47.6,,53.9,0,0,0,0.0,0.0,,0,0,0,12,0,0,0,37,0,25,0,0,12,0
Ted Hurst,187922,WR,TB,1,27.9,0,30,61.4,,58.8,0,0,0,0.0,0.0,,0,0,0,12,0,0,0,43,0,31,0,0,12,0
Zachariah Branch,174142,WR,ATL,1,61.1,0,2,54.5,,58.4,0,0,0,0.0,0.0,,0,0,0,11,0,0,0,18,0,7,0,0,11,0
KC Concepcion,170362,WR,CLV,1,31.4,0,8,68.1,,79.3,0,0,0,0.0,0.0,,0,0,0,11,0,0,0,35,0,21,0,0,11,0
Blake Whiteheart,77881,TE,CLV,1,55.0,0,8,59.9,72.9,59.8,0,0,3,25.0,25.0,100.0,1,0,0,11,0,0,0,20,3,12,0,0,8,19
Jordan Whittington,97623,WR,LA,1,44.0,0,26,54.9,,58.7,0,0,0,0.0,0.0,,0,0,0,11,0,0,0,25,0,14,0,0,11,1
Christian Mahogany,98261,G,DET,1,100.0,0,11,76.8,77.5,72.6,0,0,5,100.0,100.0,100.0,0,0,0,11,0,11,0,11,5,5,0,0,6,0
Rhamondre Stevenson,98689,HB,NE,1,18.3,0,19,63.8,57.0,60.0,1,0,9,23.7,25.6,94.4,0,1,0,11,0,0,0,60,10,39,0,0,1,0
Greg Dulcich,84068,TE,MIA,1,26.2,0,17,57.2,72.5,55.2,0,0,2,6.7,6.1,100.0,0,0,0,11,0,0,0,42,2,33,0,0,9,31
Tyler Allgeier,83639,HB,ARZ,1,25.0,0,1,56.2,75.4,60.0,0,0,9,39.1,38.5,100.0,0,0,0,11,0,0,0,44,10,26,0,0,1,0
Tony Pollard,27126,HB,TEN,1,42.3,0,31,66.4,77.6,,0,1,11,61.1,57.9,95.5,0,1,0,11,0,0,0,26,11,19,0,0,0,0
Isaiah Likely,83955,TE,NYG,1,32.4,0,21,88.7,66.1,85.7,0,0,1,4.2,4.2,100.0,0,0,0,11,0,0,1,34,1,24,0,0,10,3
Josh Whyle,54037,TE,GB,1,90.9,0,12,50.7,25.4,61.0,0,0,4,80.0,80.0,100.0,0,0,0,10,0,0,0,11,4,5,0,0,6,7
Tylan Wallace,61577,WR,CLV,1,66.7,0,8,61.2,,72.8,0,0,0,0.0,0.0,,0,0,0,10,0,0,0,15,0,5,0,0,10,1
Tre Harris,122676,WR,LAC,1,24.4,0,27,58.3,,53.7,0,0,0,0.0,0.0,,0,0,0,10,0,0,0,41,0,31,0,0,10,0
Laquon Treadwell,10657,WR,IND,1,52.6,0,14,59.0,,81.3,0,0,0,0.0,0.0,,0,0,0,10,0,0,0,19,0,9,0,0,10,0
Cam Skattebo,147787,HB,NYG,1,23.8,0,21,67.1,77.6,60.0,0,0,2,13.3,13.3,100.0,0,0,0,10,0,0,0,42,2,15,0,0,8,0
Cam Ward,133244,QB,TEN,1,20.0,0,31,54.8,,60.0,0,0,0,0.0,0.0,,0,0,0,10,0,0,0,50,0,40,0,0,10,0
Davante Adams,8688,WR,LA,1,30.3,0,26,67.1,,61.3,0,0,0,0.0,0.0,,0,0,0,10,0,0,0,33,0,23,0,0,10,0
Keenan Allen,7857,WR,IND,1,27.8,0,14,60.9,,58.9,0,0,0,0.0,0.0,,0,0,0,10,0,0,0,36,0,26,0,0,10,0
Mo Alie-Cox,12078,TE,IND,1,71.4,0,14,49.7,71.5,53.1,0,0,2,40.0,33.3,100.0,0,0,0,10,0,0,0,14,2,6,0,0,8,14
Blake Fisher,147479,T,HST,1,100.0,0,13,60.3,70.2,59.0,0,0,1,100.0,100.0,100.0,0,0,0,10,0,0,0,10,1,1,0,0,9,10
Chase Brown,77787,HB,CIN,1,21.7,0,7,71.9,80.2,60.0,0,0,6,23.1,23.1,100.0,0,0,0,10,0,0,0,46,6,26,0,0,4,0
Stone Forsythe,41795,T,CAR,1,100.0,0,5,59.4,44.7,60.9,0,1,2,100.0,100.0,75.0,0,1,0,10,0,0,0,10,3,3,0,7,7,3
Jayden Reed,78171,WR,GB,1,25.6,0,12,59.4,66.1,58.7,0,0,1,3.3,3.3,100.0,0,0,0,10,0,0,0,39,1,30,0,0,9,0
MarShawn Lloyd,124247,HB,GB,1,33.3,0,12,61.1,47.4,60.0,0,1,9,56.3,56.3,94.4,0,1,0,10,0,0,0,30,9,16,0,0,1,1
Adam Trautman,109795,TE,DEN,1,52.6,0,10,43.1,70.6,57.5,0,0,0,0.0,10.0,,0,0,0,10,0,0,0,19,1,10,0,1,9,14
Jake Briningstool,124831,TE,KC,1,76.9,0,16,74.6,,56.3,0,0,0,0.0,0.0,,0,0,0,10,0,0,0,13,0,3,0,0,10,11
Demario Douglas,104155,WR,NE,1,20.5,0,19,62.1,,60.8,0,0,0,0.0,0.0,,0,0,0,9,0,0,0,44,0,35,0,0,9,0
Will Kacmarek,145896,TE,MIA,1,64.3,0,17,52.0,44.0,57.6,0,0,2,28.6,28.6,100.0,0,0,0,9,0,0,0,14,2,7,0,0,7,12
Wyatt Milum,144785,G,JAX,1,100.0,0,15,58.2,,57.8,0,0,0,,,,0,0,0,9,0,0,0,9,0,0,7,1,9,1
Alec Pierce,78038,WR,IND,1,28.1,0,14,78.6,,60.5,0,0,0,0.0,0.0,,0,0,0,9,0,0,0,32,0,23,0,0,9,0
Kyle Hinton,83163,G,ATL,1,100.0,0,2,56.9,75.1,55.6,0,0,2,100.0,100.0,100.0,0,0,0,9,0,0,0,9,2,2,9,0,7,0
Chris Rodriguez Jr.,83689,HB,JAX,1,39.1,0,15,68.7,59.4,60.0,0,0,4,33.3,33.3,100.0,0,0,0,9,0,0,0,23,4,12,0,0,5,0
Nate Adkins,87625,TE,DEN,1,69.2,0,10,46.9,16.8,55.6,0,0,2,33.3,33.3,50.0,0,1,1,9,0,0,0,13,2,6,0,0,7,9
Zay Flowers,97268,WR,BLT,1,45.0,0,3,93.7,,58.6,0,0,0,0.0,0.0,,0,0,0,9,0,0,0,20,0,11,0,0,9,0
Daniel Bellinger,84041,TE,TEN,1,64.3,0,31,56.4,70.0,53.4,0,0,2,28.6,28.6,100.0,0,0,0,9,0,0,0,14,2,7,0,0,7,6
Larry Borom,59879,T,DET,1,100.0,0,11,59.2,70.8,57.3,0,0,1,100.0,100.0,100.0,0,0,0,9,0,0,4,9,1,1,0,1,8,4
Chuba Hubbard,57373,HB,CAR,1,18.8,0,5,65.9,83.0,,0,0,8,24.2,25.0,100.0,0,0,0,9,0,0,0,48,9,36,0,0,0,0
Corey Bullock,108855,C,CAR,1,100.0,0,5,71.9,74.2,68.8,0,0,3,100.0,100.0,100.0,0,0,0,9,0,2,0,9,3,3,7,0,6,0
CJ Williams,158471,WR,JAX,1,90.0,0,15,59.5,,60.1,0,0,0,0.0,0.0,,0,0,0,9,0,0,0,10,0,1,0,0,9,0
Jaylen Waddle,84088,WR,DEN,1,23.7,0,10,46.9,,58.7,0,0,0,0.0,0.0,,0,0,0,9,0,0,0,38,0,29,0,0,9,0
Jaylin Lane,121811,WR,WAS,1,50.0,0,32,56.0,,58.9,0,0,0,0.0,0.0,,0,0,0,9,0,0,0,18,0,9,0,0,9,0
Courtland Sutton,48164,WR,DEN,1,23.1,0,10,52.1,,51.5,0,0,0,0.0,0.0,,0,0,0,9,0,0,0,39,0,30,0,0,9,0
Ja'Kobi Lane,176638,WR,BLT,1,33.3,0,3,61.7,,57.6,0,0,0,0.0,0.0,,0,0,0,9,0,0,0,27,0,18,0,0,9,0
Rico Dowdle,40693,HB,PIT,1,23.1,0,25,45.5,58.3,,0,1,8,27.6,29.0,93.7,0,1,0,9,0,0,0,39,9,31,0,0,0,0
Olamide Zaccheaus,44920,WR,ATL,1,44.4,0,2,56.3,62.3,57.9,0,0,1,10.0,9.1,100.0,0,0,0,8,0,0,0,18,1,11,0,0,7,0
Jauan Jennings,48027,WR,MIN,1,25.8,0,18,46.4,,36.1,0,0,0,0.0,0.0,,0,0,0,8,0,0,0,31,0,23,0,0,8,1
Tyjae Spears,97195,HB,TEN,1,32.0,0,31,57.1,83.6,,0,0,8,36.4,36.4,100.0,0,0,0,8,0,0,0,25,8,22,0,0,0,0
Andrew Beck,47121,FB,NYJ,1,88.9,0,22,55.4,,55.9,0,0,0,0.0,0.0,,0,0,0,8,0,0,0,9,0,1,0,0,8,1
Tyler Conklin,47124,TE,DET,1,80.0,0,11,49.9,,50.9,0,0,0,0.0,0.0,,0,0,0,8,0,0,0,10,0,2,0,0,8,5
Xavier Legette,99197,WR,CAR,1,22.2,0,5,41.6,,33.0,0,0,0,0.0,0.0,,0,0,0,8,0,0,0,36,0,28,0,0,8,0
Roman Wilson,129604,WR,PIT,1,21.6,0,25,54.6,,60.6,0,0,0,0.0,0.0,,0,0,0,8,0,0,0,37,0,29,0,0,8,0
Braxton Berrios,47961,WR,NYG,1,66.7,0,21,53.7,,53.6,0,0,0,0.0,0.0,,0,0,0,8,0,0,0,12,0,4,0,0,8,0
Kaden Davis,156151,WR,CHI,1,80.0,0,6,57.7,,60.3,0,0,0,0.0,0.0,,0,0,0,8,0,0,0,10,0,2,0,0,8,0
Evan Engram,11778,TE,DEN,1,25.0,0,10,75.8,23.3,66.9,0,1,1,4.2,4.0,50.0,0,1,0,8,0,0,0,32,1,25,0,0,7,21
Keon Coleman,144949,WR,BUF,1,27.6,0,4,52.9,,59.4,0,0,0,0.0,0.0,,0,0,0,8,0,0,0,29,0,21,0,0,8,0
Dareke Young,111900,WR,LV,1,80.0,0,23,43.6,,59.7,0,0,0,0.0,0.0,,1,0,0,8,0,0,0,10,0,2,0,0,8,1
James Cook,83666,HB,BUF,1,19.5,0,4,50.2,82.6,59.0,0,0,4,20.0,20.0,100.0,0,0,0,8,0,0,0,41,5,25,0,0,3,2
Quinshon Judkins,157128,HB,CLV,1,24.2,0,8,55.9,55.3,59.7,0,1,4,23.5,23.5,87.5,0,1,0,8,0,0,0,33,4,17,0,0,4,0
Jonathan Taylor,57488,HB,IND,1,16.7,0,14,67.7,68.0,,0,0,8,28.6,27.6,100.0,0,0,0,8,0,0,0,48,8,29,0,0,0,0
Ben Sinnott,122616,TE,WAS,1,44.4,0,32,52.4,73.4,59.1,0,0,1,9.1,9.1,100.0,0,0,0,8,0,0,0,18,1,11,0,0,7,12
George Holani,72154,HB,SEA,1,34.8,0,29,45.7,56.6,60.0,0,1,5,41.7,46.2,90.0,0,1,0,8,0,0,0,23,6,13,0,0,2,0
DJ Herman,146162,FB,MIA,1,53.3,0,17,46.4,65.8,43.7,0,0,1,12.5,12.5,100.0,0,0,0,8,0,0,0,15,1,8,0,0,7,3
Austin Hooper,10715,TE,ATL,1,57.1,0,2,63.7,,67.5,0,0,0,0.0,0.0,,0,0,0,8,0,0,0,14,0,6,0,0,8,12
Pat Bryant,144800,WR,DEN,1,26.7,0,10,62.2,,30.0,0,0,0,0.0,0.0,,2,0,0,8,0,0,0,30,0,22,0,0,8,0
Ashton Jeanty,157196,HB,LV,1,14.0,0,23,71.0,54.9,60.0,0,0,4,17.4,16.7,100.0,0,0,0,7,0,0,0,50,4,24,0,0,3,3
Tyler Higbee,10744,TE,LA,1,58.3,0,26,29.2,65.9,59.8,0,0,1,20.0,16.7,100.0,0,0,0,7,0,0,0,12,1,6,0,0,6,10
Sam Roush,157270,TE,CHI,1,58.3,0,6,53.8,39.5,61.0,0,1,2,28.6,28.6,75.0,0,1,0,7,0,0,0,12,2,7,0,0,5,8
Derrick Henry,10679,HB,BLT,1,18.9,0,3,71.7,78.6,60.0,0,0,5,50.0,54.5,100.0,0,0,0,7,0,0,0,37,6,11,0,0,1,0
Chris Blair,84096,WR,ATL,1,70.0,0,2,62.8,,71.6,0,0,0,0.0,0.0,,0,0,0,7,0,0,0,10,0,3,0,0,7,0
Emmett Johnson,156473,HB,KC,1,28.0,0,16,68.2,55.2,60.0,0,1,4,30.8,30.8,87.5,0,1,0,7,0,0,0,25,4,13,0,0,3,0
Chris Bell,156321,WR,MIA,1,25.0,0,17,53.7,,59.4,0,0,0,0.0,0.0,,0,0,0,7,0,0,0,28,0,21,0,0,7,0
Ladd McConkey,124030,WR,LAC,1,25.9,0,27,90.7,,60.1,0,0,0,0.0,0.0,,0,0,0,7,0,0,0,27,0,20,0,0,7,0
Sam Hecht,144601,C,CAR,1,100.0,0,5,59.4,70.0,58.4,0,0,2,100.0,100.0,100.0,0,0,0,7,7,0,0,7,2,2,0,0,5,0
Omarion Hampton,162750,HB,LAC,1,21.9,0,27,60.1,76.9,,0,0,6,35.3,35.0,100.0,0,0,0,7,0,0,0,32,7,20,0,0,0,0
Breece Hall,97636,HB,NYJ,1,17.9,0,22,67.4,79.7,60.0,0,0,5,38.5,35.7,100.0,0,0,0,7,0,0,0,39,5,14,0,0,2,0
Jordan Mason,62946,HB,MIN,1,24.1,0,18,66.4,75.8,60.0,0,0,4,36.4,36.4,100.0,0,0,0,7,0,0,0,29,4,11,0,0,3,0
Carnell Tate,170273,WR,TEN,1,15.9,0,31,61.5,,60.3,0,0,0,0.0,0.0,,0,0,0,7,0,0,0,44,0,37,0,0,7,0
Eric Saubert,11929,TE,SEA,1,70.0,0,29,60.0,,73.8,0,0,0,0.0,0.0,,1,0,0,7,0,0,0,10,0,3,0,0,7,9
Justice Hill,45865,HB,BLT,1,22.6,1,3,52.3,32.7,60.0,0,1,3,15.8,18.2,83.3,2,1,0,7,0,0,0,31,4,22,0,0,3,0
Khalil Shakir,84140,WR,BUF,1,23.3,0,4,74.3,69.6,58.5,0,0,1,4.8,4.2,100.0,0,0,0,7,0,0,0,30,1,24,0,0,6,7
De'Zhaun Stribling,146508,WR,SF,1,33.3,0,28,46.8,,34.3,0,0,0,0.0,0.0,,0,0,0,7,0,0,0,21,0,14,0,0,7,0
Hunter Luepke,91319,FB,DAL,1,46.7,0,9,53.4,84.0,57.0,0,0,4,40.0,41.7,100.0,0,0,0,7,0,0,0,15,5,12,0,0,2,0
Jayden Williams,146815,T,ARZ,1,100.0,0,1,53.4,73.6,51.4,0,0,4,100.0,100.0,100.0,0,0,0,7,0,0,0,7,4,4,0,0,3,7
Riley Nowakowski,129928,FB,PIT,1,87.5,0,25,55.3,69.2,54.3,0,0,1,50.0,50.0,100.0,0,0,0,7,0,0,0,8,1,2,0,0,6,0
Jonah Monheim,86461,C,JAX,1,100.0,0,15,55.1,,51.4,0,0,0,,,,0,0,0,7,7,0,0,7,0,0,0,0,7,0
Kenneth Gainwell,77737,HB,TB,1,26.9,0,30,60.0,72.7,60.0,0,0,2,13.3,17.6,100.0,0,0,0,7,0,0,0,26,3,17,0,0,4,0
Romeo Doubs,84329,WR,NE,1,17.5,0,19,42.5,,34.4,0,0,0,0.0,0.0,,0,0,0,7,0,0,0,40,0,33,0,0,7,0
Aaron Jones,11937,HB,MIN,1,23.3,0,18,67.0,78.8,60.0,0,0,6,46.2,35.3,100.0,0,0,0,7,0,0,0,30,6,17,0,0,1,0
Carson Vinson,142734,T,BLT,1,100.0,0,3,74.2,71.0,69.0,0,0,2,100.0,100.0,100.0,0,0,0,7,0,0,0,7,2,2,0,0,5,7
Jimmy Horn Jr.,144483,WR,CAR,1,50.0,0,5,52.9,,59.0,0,0,0,0.0,0.0,,0,0,0,7,0,0,0,14,0,7,0,0,7,0
Jahmyr Gibbs,122474,HB,DET,1,12.3,0,11,72.8,78.6,60.0,0,0,6,26.1,26.1,100.0,0,0,0,7,0,0,0,57,6,23,0,0,1,0
Jeremiyah Love,171090,HB,ARZ,1,18.8,0,1,60.6,51.2,60.0,1,0,3,16.7,16.7,83.3,0,1,0,6,0,0,0,32,3,18,0,0,3,0
Makai Lemon,174150,WR,PHI,1,17.1,0,24,54.9,,74.7,0,0,0,0.0,0.0,,0,0,0,6,0,0,0,35,0,29,0,0,6,0
Wan'Dale Robinson,101735,WR,TEN,1,14.6,0,31,67.8,,31.6,0,0,0,0.0,0.0,,0,0,0,6,0,0,0,41,0,35,0,0,6,0
Kyle Monangai,129891,HB,CHI,1,18.8,0,6,74.1,46.2,60.0,0,0,5,25.0,23.8,100.0,0,0,0,6,0,0,0,32,5,21,0,0,1,3
Troy Franklin,146567,WR,DEN,1,35.3,0,10,44.7,,60.2,0,0,0,0.0,0.0,,1,0,0,6,0,0,0,17,0,10,0,0,6,0
Calvin Ridley,48262,WR,TEN,1,18.8,0,31,50.3,,54.4,0,0,0,0.0,0.0,,0,0,0,6,0,0,0,32,0,26,0,0,6,0
Xavier Smith,102585,WR,LA,1,37.5,0,26,51.0,,53.4,0,0,0,0.0,0.0,,0,0,0,6,0,0,0,16,0,10,0,0,6,1
Rachaad White,131633,HB,WAS,1,20.7,0,32,55.3,66.0,60.0,0,0,5,26.3,23.8,100.0,0,0,0,6,0,0,0,29,5,21,0,0,1,0
Jaylin Noel,125155,WR,HST,1,25.0,0,13,69.3,,59.1,0,0,0,0.0,0.0,,0,0,0,6,0,0,0,24,0,18,0,0,6,0
Cody White,61448,WR,LV,1,54.5,0,23,55.2,,59.5,0,0,0,0.0,0.0,,0,0,0,6,0,0,0,11,0,5,0,0,6,0
Samaje Perine,11869,HB,CIN,1,33.3,0,7,66.6,26.0,60.0,0,0,3,30.0,30.0,100.0,0,0,0,6,0,0,0,18,3,10,0,0,3,0
Marlin Klein,162818,TE,HST,1,66.7,0,13,72.4,,51.7,0,0,0,0.0,0.0,,0,0,0,6,0,0,0,9,0,3,0,0,6,8
Payne Durham,84037,TE,TB,1,85.7,0,30,72.2,72.9,70.3,0,0,1,100.0,66.7,100.0,0,0,0,6,0,0,0,7,2,3,0,0,4,7
LaJohntay Wester,123616,WR,BLT,1,30.0,0,3,55.9,,58.6,0,0,0,0.0,0.0,,0,0,0,6,0,0,0,20,0,14,0,0,6,0
Brian Thomas Jr.,146760,WR,JAX,1,30.0,0,15,71.9,,59.7,0,0,0,0.0,0.0,,0,0,0,6,0,0,0,20,0,14,0,0,6,0
Braelon Allen,145159,HB,NYJ,1,22.2,0,22,70.8,78.1,60.0,0,0,2,16.7,23.1,100.0,0,0,0,6,0,0,0,27,3,13,0,0,3,0
Jerry Jeudy,61103,WR,CLV,1,18.8,0,8,59.0,,58.0,0,0,0,0.0,0.0,,0,0,0,6,0,0,0,32,0,26,0,0,6,0
CJ Donaldson,157372,HB,NO,1,40.0,0,20,66.4,36.4,60.0,0,1,4,36.4,41.7,87.5,0,1,0,6,0,0,0,15,5,12,0,0,1,2
RJ Harvey,99622,HB,DEN,1,23.1,0,10,59.9,12.5,60.0,0,3,4,20.0,20.0,62.5,0,3,0,6,0,0,0,26,4,20,0,0,2,0
Colbie Young,162739,WR,CIN,1,66.7,0,7,53.7,,55.4,0,0,0,0.0,0.0,,0,0,0,6,0,0,0,9,0,3,0,0,6,2
Kayshon Boutte,124087,WR,HST,1,16.7,0,13,56.8,,52.9,0,0,0,0.0,0.0,,0,0,0,6,0,0,0,36,0,30,0,0,6,0
Javonte Williams,77803,HB,DAL,1,14.6,0,9,78.9,79.8,60.0,0,0,5,20.0,18.5,100.0,1,0,0,6,0,0,0,41,5,27,0,0,1,0
Luke Schoonmaker,84005,TE,DAL,1,46.2,0,9,57.1,70.2,39.5,0,0,1,16.7,12.5,100.0,1,0,0,6,0,0,0,13,1,8,0,0,5,10
Deebo Samuel,48274,WR,SF,1,22.2,0,28,69.6,,59.6,0,0,0,0.0,0.0,,0,0,0,6,0,0,0,27,0,20,0,0,6,0
Stetson Bennett,60387,QB,LA,1,60.0,0,26,58.6,,60.0,0,0,0,0.0,0.0,,0,0,0,6,0,0,0,10,0,4,0,0,6,0
Brevyn Spann-Ford,84006,TE,DAL,1,38.5,0,9,56.3,70.2,57.0,0,0,1,11.1,11.1,100.0,0,0,0,5,0,0,0,13,1,9,0,0,4,5
Simi Fehoko,84424,WR,ARZ,1,83.3,0,1,69.6,,66.7,0,0,0,0.0,0.0,,0,0,0,5,0,0,0,6,0,1,0,0,5,0
Brycen Tremayne,84425,WR,CAR,1,41.7,0,5,54.6,,60.8,0,0,0,0.0,0.0,,0,0,0,5,0,0,0,12,0,7,0,0,5,0
Kyren Williams,97118,HB,LA,1,12.8,0,26,65.5,19.3,60.0,1,0,3,13.0,11.5,83.3,0,1,0,5,0,0,0,39,3,26,0,0,2,1
Treyton Welch,98097,TE,NO,1,50.0,0,20,51.5,39.1,60.3,0,1,2,28.6,28.6,75.0,0,1,0,5,0,0,0,10,2,7,0,0,3,8
Nick Muse,61079,TE,ATL,1,100.0,0,2,54.3,70.2,54.0,0,0,1,100.0,100.0,100.0,0,0,0,5,0,0,0,5,1,1,0,0,4,4
Kenny Pickett,60515,QB,CAR,1,71.4,0,5,68.9,,60.0,0,0,0,0.0,0.0,,0,0,0,5,0,0,0,7,0,2,0,0,5,0
Jacory Croskey-Merritt,102382,HB,WAS,1,14.7,0,32,46.3,26.3,60.0,0,0,3,18.8,23.5,100.0,1,0,0,5,0,0,0,34,4,17,0,0,1,0
Frank Gore Jr.,121457,HB,BUF,1,50.0,0,4,59.5,83.4,60.0,0,0,4,50.0,50.0,100.0,0,0,0,5,0,0,0,10,4,8,0,0,1,1
Tez Johnson,123709,WR,TB,1,38.5,0,30,41.1,,58.5,0,0,0,0.0,0.0,,0,0,0,5,0,0,0,13,0,7,0,0,5,0
David Montgomery,45719,HB,HST,1,12.8,0,13,72.6,78.4,,0,0,3,17.6,26.3,100.0,1,0,0,5,0,0,0,39,5,19,0,0,0,0
Drew Ogletree,138351,TE,IND,1,83.3,0,14,29.4,66.3,56.1,0,0,1,50.0,50.0,100.0,0,0,0,5,0,0,0,6,1,2,0,0,4,5
Adam Prentice,35639,FB,DEN,1,83.3,0,10,68.8,78.7,65.8,0,0,1,50.0,66.7,100.0,0,0,0,5,0,0,0,6,2,3,0,0,3,0
Konata Mumpfield,145598,WR,LA,1,31.3,0,26,53.1,,60.0,0,0,0,0.0,0.0,,0,0,0,5,0,0,0,16,0,11,0,0,5,0
Elic Ayomanor,157263,WR,TEN,1,19.2,0,31,59.3,,60.7,0,0,0,0.0,0.0,,0,0,0,5,0,0,0,26,0,21,0,0,5,0
Darren Waller,9637,TE,CAR,1,20.8,0,5,78.5,68.4,59.9,0,0,1,5.3,5.0,100.0,1,0,0,5,0,0,0,24,1,20,0,0,4,7
Michael Burton,9601,FB,CLV,1,83.3,0,8,57.8,73.2,54.0,0,0,2,66.7,66.7,100.0,0,0,0,5,0,0,0,6,2,3,0,0,3,0
Odell Beckham Jr.,8647,WR,NYG,1,45.5,0,21,54.0,,60.9,0,0,0,0.0,0.0,,0,0,0,5,0,0,0,11,0,6,0,0,5,0
Tank Bigsby,123974,HB,PHI,1,66.7,0,24,55.8,46.2,60.0,0,1,2,66.7,66.7,75.0,0,1,0,4,0,0,0,6,2,3,0,0,2,0
Kyler Murray,38334,QB,MIN,1,36.4,0,18,35.2,,60.0,0,0,0,0.0,0.0,,0,0,0,4,0,0,0,11,0,7,0,0,4,0
De'Von Achane,124305,HB,MIA,1,8.5,0,17,70.2,13.9,,0,1,4,12.1,11.4,62.5,0,2,1,4,0,0,0,47,4,35,0,0,0,0
Darius Cooper,136866,WR,PHI,1,50.0,0,24,46.0,,32.6,0,0,0,0.0,0.0,,0,0,0,4,0,0,0,8,0,4,0,0,4,0
Kyle Williams,128374,WR,NE,1,33.3,0,19,54.3,,60.0,0,0,0,0.0,0.0,,0,0,0,4,0,0,0,12,0,8,0,0,4,0
Chris Myarick,47358,TE,LV,1,80.0,0,23,58.6,,60.1,0,0,0,0.0,0.0,,0,0,0,4,0,0,0,5,0,1,0,0,4,4
Bhayshul Tuten,150568,HB,JAX,1,14.3,0,15,87.2,78.7,60.0,0,0,3,27.3,27.3,100.0,0,0,0,4,0,0,0,28,3,11,0,0,1,0
Mike Gesicki,47153,TE,CIN,1,19.0,0,7,90.1,,60.5,0,0,0,0.0,0.0,,0,0,0,4,0,0,0,21,0,17,0,0,4,0
Ashton Dulin,91479,WR,IND,1,40.0,0,14,56.5,,60.0,0,0,0,0.0,0.0,,0,0,0,4,0,0,0,10,0,6,0,0,4,0
Hunter Nourzad,91674,G,KC,1,100.0,0,16,70.7,,67.1,0,0,0,,,,0,0,0,4,0,0,0,4,0,0,0,0,4,4
Dylan Laube,88664,HB,LV,1,40.0,0,23,59.7,75.0,60.0,0,0,1,16.7,14.3,100.0,0,0,0,4,0,0,0,10,1,7,0,0,3,0
Kenneth Walker III,97199,HB,KC,1,8.5,0,16,86.8,73.1,60.0,0,0,1,5.0,4.8,100.0,0,0,0,4,0,0,0,47,1,21,0,0,3,1
Barion Brown,163779,WR,NO,1,57.1,0,20,50.6,,59.2,0,0,0,0.0,0.0,,0,0,0,4,0,0,0,7,0,2,0,0,4,0
Anthony Belton,143985,T,GB,1,100.0,0,12,58.4,69.0,57.5,0,0,2,100.0,100.0,100.0,0,0,0,4,0,0,0,4,2,2,0,0,2,4
Jonathan Mingo,97774,WR,DAL,1,36.4,0,9,69.7,,60.3,0,0,0,0.0,0.0,,0,0,0,4,0,0,0,11,0,7,0,0,4,0
Khyiris Tonga,52000,DI,KC,1,100.0,0,16,58.2,,58.1,0,0,0,,,,0,0,0,4,0,0,0,4,0,0,0,0,4,0
Christian McCaffrey,11763,HB,SF,1,11.1,0,28,61.7,69.2,32.5,0,0,1,4.5,4.3,100.0,0,0,0,4,0,0,0,36,1,23,0,0,3,0
Nick Mullens,12282,QB,JAX,1,57.1,0,15,61.6,,60.0,0,0,0,,,,0,0,0,4,0,0,0,7,0,0,0,0,4,0
Elijah Arroyo,143933,TE,SEA,1,36.4,0,29,53.6,,60.4,0,0,0,0.0,0.0,,0,0,0,4,0,0,0,11,0,7,0,0,4,9
Jalen Ramsey,10639,S,PIT,1,100.0,0,25,60.0,,60.0,0,0,0,,,,0,0,0,3,0,0,0,3,0,0,0,0,3,0
Hayden Conner,144723,G,ARZ,1,100.0,0,1,60.0,,60.0,0,0,0,,,,0,0,0,3,0,3,0,3,0,0,0,0,3,0
Mike Washington Jr.,145672,HB,LV,1,23.1,0,23,62.8,75.8,,0,0,3,50.0,50.0,100.0,0,0,0,3,0,0,0,13,3,6,0,0,0,0
Jonathon Brooks,144721,HB,CAR,1,23.1,0,5,87.3,78.2,,0,0,3,37.5,37.5,100.0,0,0,0,3,0,0,0,13,3,8,0,0,0,0
Feleipe Franks,40217,TE,CAR,1,60.0,0,5,50.5,,54.7,0,0,0,0.0,0.0,,0,0,0,3,0,0,0,5,0,2,0,0,3,4
Keleki Latu,146291,TE,BUF,1,75.0,0,4,58.7,66.2,60.0,0,0,0,0.0,50.0,,0,0,0,3,0,0,0,4,1,2,0,0,2,2
Oronde Gadsden II,144046,TE,LAC,1,30.0,0,27,64.4,,40.1,0,0,0,0.0,0.0,,0,0,0,3,0,0,0,10,0,7,0,0,3,1
Dohnte Meyers,143800,WR,CIN,1,30.0,0,7,74.6,,60.0,0,0,0,0.0,0.0,,0,0,0,3,0,0,0,10,0,6,0,0,3,0
Josh Cuevas,147570,TE,BLT,1,50.0,0,3,55.6,,60.0,0,0,0,0.0,0.0,,0,0,0,3,0,0,0,6,0,3,0,0,3,1
Omar Cooper Jr.,156395,WR,NYJ,1,60.0,0,22,91.9,,59.9,0,0,0,0.0,0.0,,0,0,0,3,0,0,0,5,0,2,0,0,3,0
Myles Price,123155,WR,MIN,1,100.0,0,18,60.0,,60.0,0,0,0,,,,0,0,0,3,0,0,0,3,0,0,0,0,3,0
Jadarian Price,156985,HB,SEA,1,12.5,0,29,67.0,73.8,,0,0,3,21.4,21.4,100.0,0,0,0,3,0,0,0,24,3,14,0,0,0,0
Marvin Mims Jr.,122937,WR,DEN,1,33.3,0,10,54.5,,55.7,0,0,0,0.0,0.0,,0,0,0,3,0,0,0,9,0,6,0,0,3,0
Jalen Brooks,111284,WR,ARZ,1,75.0,0,1,59.6,,60.0,0,0,0,0.0,0.0,,0,0,0,3,0,0,0,4,0,1,0,0,3,0
Ollie Gordon II,157792,HB,MIA,1,75.0,0,17,63.9,65.8,60.0,0,0,1,50.0,50.0,100.0,0,0,0,3,0,0,0,4,1,2,0,0,2,0
Sione Vaki,158505,HB,DET,1,13.6,0,11,56.8,60.3,,0,0,3,15.0,15.0,100.0,0,0,0,3,0,0,0,22,3,20,0,0,0,0
Jonah Coleman,158717,HB,DEN,1,100.0,0,10,60.0,70.4,60.0,0,0,1,100.0,100.0,100.0,0,0,0,3,0,0,0,3,1,1,0,0,2,0
Brian Robinson,57120,HB,ATL,1,20.0,0,2,70.4,78.0,60.0,0,0,2,50.0,40.0,100.0,0,0,0,3,0,0,0,15,2,5,0,0,1,0
J.K. Dobbins,57366,HB,DEN,1,13.6,0,10,55.0,13.2,,0,1,3,27.3,23.1,83.3,0,1,0,3,0,0,0,22,3,13,0,0,0,0
Eli Heidenreich,162554,HB,PIT,1,100.0,0,25,60.0,,60.0,0,0,0,,,,0,0,0,3,0,0,0,3,0,0,0,0,3,0
Jake Tonges,60864,TE,SF,1,37.5,0,28,53.4,67.1,60.2,0,0,1,16.7,16.7,100.0,0,0,0,3,0,0,0,8,1,6,0,0,2,8
Ben VanSumeren,82523,FB,KC,1,100.0,0,16,60.0,,60.0,0,0,0,,,,0,0,0,3,0,0,0,3,0,0,0,0,3,3
Drew Shelton,164186,T,DAL,1,100.0,0,9,50.2,,50.9,0,0,0,,,,0,0,0,3,0,0,0,3,0,0,0,0,3,3
Kameron Johnson,165866,WR,TB,1,60.0,0,30,57.2,,59.2,0,0,0,0.0,0.0,,0,0,0,3,0,0,0,5,0,2,0,0,3,0
Bam Knight,97432,HB,ARZ,1,100.0,0,1,60.0,,60.0,0,0,0,,,,0,0,0,3,0,0,0,3,0,0,0,0,3,0
Joshua Ezeudu,77355,T,KC,1,100.0,0,16,66.2,,66.0,0,0,0,,,,0,0,0,3,0,0,0,3,0,0,0,1,3,2
Tai Felton,144886,WR,MIN,1,100.0,0,18,60.0,,60.0,0,0,0,,,,0,0,0,3,0,0,0,3,0,0,0,0,3,0
Bucky Irving,144970,HB,TB,1,8.6,0,30,74.1,75.0,,0,0,3,12.5,12.0,100.0,0,0,0,3,0,0,0,35,3,25,0,0,0,0
DeeJay Dallas,55632,HB,MIN,1,33.3,0,18,62.5,76.2,,0,0,2,33.3,33.3,100.0,0,0,0,2,0,0,0,6,2,6,0,0,0,0
Seth McGowan,122936,HB,IND,1,33.3,0,14,56.1,22.3,,1,0,2,33.3,33.3,25.0,0,2,1,2,0,0,0,6,2,6,0,0,0,0
Raheim Sanders,146626,HB,CLV,1,11.1,0,8,59.1,68.5,60.0,0,0,1,7.1,6.3,100.0,0,0,0,2,0,0,0,18,1,16,0,0,1,0
Joshua Palmer,62979,WR,BUF,1,11.1,0,4,70.8,,59.3,0,0,0,0.0,0.0,,0,0,0,2,0,0,0,18,0,16,0,0,2,1
Bijan Robinson,123126,HB,ATL,1,4.3,0,2,76.4,73.0,60.0,0,0,1,4.5,4.3,100.0,0,0,0,2,0,0,0,46,1,23,0,0,1,0
Tanner Hudson,66924,TE,CIN,1,33.3,0,7,56.4,,60.0,0,0,0,0.0,0.0,,0,0,0,2,0,0,0,6,0,4,0,0,2,2
Devin Singletary,40485,HB,NYG,1,8.0,0,21,57.0,77.4,,0,0,2,10.5,10.5,100.0,0,0,0,2,0,0,0,25,2,19,0,0,0,0
Beaux Limmer,99067,G,LA,1,100.0,0,26,59.9,,59.7,0,0,0,,,,0,0,0,2,0,0,0,2,0,0,2,0,2,0
Bo Melton,61610,WR,GB,1,25.0,0,12,71.6,,60.0,0,0,0,0.0,0.0,,0,0,0,2,0,0,0,8,0,6,0,0,2,0
Mike Jerrell,183057,T,ATL,1,100.0,0,2,59.7,,57.3,0,0,0,,,,0,0,0,2,0,0,0,2,0,0,0,0,2,2
Sam Darnold,29048,QB,SEA,1,40.0,0,29,62.3,,60.0,0,0,0,0.0,0.0,,0,0,0,2,0,0,0,5,0,3,0,0,2,0
Kaytron Allen,164158,HB,WAS,1,28.6,0,32,60.6,78.5,,0,0,2,66.7,66.7,100.0,0,0,0,2,0,0,0,7,2,3,0,0,0,0
Greg Van Roten,7746,G,NE,1,100.0,0,19,60.0,8.1,,0,0,2,100.0,100.0,100.0,0,0,0,2,0,0,0,2,2,2,0,0,0,2
Kaelon Black,138448,HB,SF,1,7.1,0,28,57.2,66.3,60.0,0,0,1,7.7,7.7,100.0,0,0,0,2,0,0,0,28,1,13,0,0,1,1
Cooper DeJean,144867,CB,PHI,1,100.0,1,24,60.0,,60.0,0,0,0,,,,2,0,0,2,0,0,0,2,0,0,0,0,2,0
Malik Benson,169698,WR,LV,1,28.6,0,23,53.3,,60.0,0,0,0,0.0,0.0,,0,0,0,2,0,0,0,7,0,4,0,0,2,0
Ray Davis,101072,HB,BUF,1,20.0,0,4,56.3,,60.0,0,0,0,0.0,0.0,,0,0,0,1,0,0,0,5,0,3,0,0,1,0
Jacob Cowing,100894,WR,SF,1,20.0,0,28,44.6,,30.9,0,0,0,0.0,0.0,,0,0,0,1,0,0,0,5,0,4,0,0,1,0
Will Shipley,144138,HB,PHI,1,10.0,0,24,61.3,73.1,,0,0,1,12.5,12.5,100.0,0,0,0,1,0,0,0,10,1,8,0,0,0,0
KaVontae Turpin,47658,WR,DAL,1,12.5,0,9,70.3,,60.0,0,0,0,0.0,0.0,,0,0,0,1,0,0,0,8,0,7,0,0,1,0
Derrick Harmon,144962,DI,PIT,1,100.0,0,25,60.0,63.8,,0,0,1,100.0,100.0,100.0,1,0,0,1,0,0,0,1,1,1,0,0,0,0
Caedan Wallace,98427,G,MIA,1,100.0,0,17,60.0,,57.5,0,0,0,,,,0,0,0,1,0,0,0,1,0,0,0,0,1,1
Arian Smith,124039,WR,NYJ,1,50.0,0,22,29.3,,60.0,0,0,0,0.0,0.0,,0,0,0,1,0,0,0,2,0,1,0,0,1,0
Christian Kuntz,20035,LS,PIT,1,100.0,0,25,60.0,63.8,,0,0,1,100.0,100.0,100.0,0,0,0,1,0,0,0,1,1,1,0,0,0,0
Robert Tonyan,12193,TE,PIT,1,50.0,0,25,59.2,67.6,,0,0,1,100.0,50.0,100.0,0,0,0,1,0,0,0,2,1,2,0,0,0,1
Tahj Brooks,123133,HB,CIN,1,50.0,0,7,60.0,72.4,,0,0,1,100.0,50.0,100.0,0,0,0,1,0,0,0,2,1,2,0,0,0,0
Kevin Austin Jr.,84345,WR,NO,1,20.0,0,20,54.3,,60.0,0,0,0,0.0,0.0,,0,0,0,1,0,0,0,5,0,4,0,0,1,0
Brenen Thompson,163865,WR,LAC,1,10.0,0,27,53.9,,60.0,0,0,0,0.0,0.0,,0,0,0,1,0,0,0,10,0,9,0,0,1,0
Keaton Mitchell,123826,HB,LAC,1,5.9,0,27,57.0,73.0,,0,0,1,8.3,7.7,100.0,0,0,0,1,0,0,0,17,1,13,0,0,0,0
Aaron Stinnie,28653,G,NYG,1,100.0,0,21,60.0,,60.0,0,0,0,,,,0,0,0,1,0,0,0,1,0,0,0,0,1,0
Zak Zinter,129605,G,CLV,1,100.0,0,8,60.0,68.7,,0,0,1,100.0,100.0,100.0,0,0,0,1,0,1,0,1,1,1,0,0,0,0
Kimani Vidal,123727,HB,LAC,1,25.0,0,27,58.1,71.8,,0,0,1,25.0,25.0,100.0,0,0,0,1,0,0,0,4,1,4,0,0,0,0
Luke Tenuta,77367,T,IND,1,100.0,0,14,60.0,68.3,,0,0,1,100.0,100.0,100.0,0,0,0,1,0,0,0,1,1,1,0,0,0,1
Blake Corum,129574,HB,LA,1,7.1,0,26,70.8,68.8,,0,0,1,33.3,25.0,100.0,0,0,0,1,0,0,0,14,1,4,0,0,0,0
Ryan McCollum,41974,C,PIT,1,100.0,0,25,60.0,63.8,,0,0,1,100.0,100.0,100.0,0,0,0,1,0,0,0,1,1,1,0,0,0,0
Andrew Wylie,12333,G,WAS,1,100.0,0,32,60.0,,56.3,0,0,0,,,,0,0,0,1,0,0,0,1,0,0,0,0,1,1
Chris Boswell,8990,K,PIT,1,100.0,0,25,60.0,63.8,,0,0,1,100.0,100.0,100.0,0,0,0,1,0,0,0,1,1,1,0,0,0,0
Jacob Bayer,150349,C,CIN,1,100.0,0,7,60.0,,64.4,0,0,0,,,,0,0,0,1,0,0,0,1,0,0,0,0,1,1
Chimere Dike,129918,WR,TEN,1,25.0,0,31,59.3,,60.0,0,0,0,0.0,0.0,,0,0,0,1,0,0,0,4,0,3,0,0,1,0
Corey Kiner,86392,HB,NE,1,12.5,0,19,50.5,69.4,,0,0,1,50.0,50.0,100.0,0,0,0,1,0,0,0,8,1,2,0,0,0,0
Yahya Black,129460,DI,PIT,1,100.0,0,25,60.0,63.8,,0,0,1,100.0,100.0,100.0,1,0,0,1,0,0,0,1,1,1,0,0,0,0
E.J. Jenkins,109834,TE,PHI,1,100.0,0,24,60.0,70.6,,0,0,1,100.0,100.0,100.0,0,0,0,1,0,0,0,1,1,1,0,0,0,1
Tylan Grable,109425,T,BUF,1,100.0,0,4,60.0,72.2,,0,0,1,100.0,100.0,100.0,0,0,0,1,0,0,0,1,1,1,0,0,0,1
Josh Jones,26634,T,SEA,1,100.0,0,29,60.0,,60.0,0,0,0,,,,0,0,0,1,0,0,0,1,0,0,0,0,1,1
Brock Hoffman,54535,C,PIT,1,100.0,0,25,60.0,63.8,,0,0,1,100.0,100.0,100.0,0,0,0,1,0,0,0,1,1,1,0,0,0,0
Skyy Moore,97116,WR,GB,1,25.0,0,12,54.6,,60.0,0,0,0,0.0,0.0,,0,0,0,1,0,0,0,4,0,3,0,0,1,0
Mike Caliendo,41446,G,KC,1,100.0,0,16,60.0,,59.6,0,0,0,,,,0,0,0,1,0,0,0,1,0,0,0,0,1,1
Max Iheanachor,171881,T,PIT,1,100.0,0,25,60.0,66.5,,0,0,1,100.0,100.0,100.0,0,0,0,1,0,0,0,1,1,1,0,1,0,0
Ko Kieft,41372,TE,TB,1,100.0,0,30,60.0,67.2,,0,0,0,,100.0,,0,0,0,1,0,0,0,1,1,1,0,0,0,1
Pat Surtain II,83119,CB,DEN,1,100.0,0,10,60.0,,60.0,0,0,0,,,,0,0,0,1,0,0,0,1,0,0,0,0,1,0
