player,player_id,position,team_name,player_game_count,declined_penalties,franchise_id,gap_grades_run_block,gap_run_block_percent,gap_snap_counts_run_block,gap_snap_counts_run_block_percent,gap_snap_counts_run_play,grades_run_block,penalties,run_block_percent,snap_counts_run_block,snap_counts_run_play,zone_grades_run_block,zone_run_block_percent,zone_snap_counts_run_block,zone_snap_counts_run_block_percent,zone_snap_counts_run_play
Abraham Lucas,60218,T,SEA,20,0,29,68.8,100.0,191,32.4,191,84.1,0,100.0,589,589,90.1,100.0,343,58.2,343
Grey Zabel,125314,G,SEA,20,1,29,56.4,100.0,192,32.7,192,61.1,4,100.0,588,588,64.0,100.0,340,57.8,340
Anthony Bradford,99103,G,SEA,20,0,29,48.3,100.0,181,32.2,181,55.5,1,100.0,562,562,59.3,100.0,327,58.2,327
O'Cyrus Torrence,102821,G,BUF,19,0,4,46.4,100.0,230,41.5,230,53.7,0,100.0,554,554,63.3,100.0,247,44.6,247
Coleman Shelton,39316,C,LA,20,0,26,66.8,100.0,244,45.4,244,77.2,1,100.0,537,537,82.1,100.0,238,44.3,238
Mike Onwenu,27357,G,NE,21,0,19,65.6,100.0,275,51.3,275,72.1,0,100.0,536,536,82.6,100.0,161,30.0,161
Garrett Bradbury,46013,C,NE,21,0,19,61.3,100.0,274,51.5,274,55.9,0,100.0,532,532,59.6,100.0,158,29.7,158
Sam Darnold,29048,QB,SEA,20,0,29,60.2,99.4,179,34.0,180,60.7,0,95.6,526,550,60.3,99.1,315,59.9,318
Drew Dalman,52270,C,CHI,19,0,6,65.2,100.0,159,30.3,159,74.0,0,100.0,524,524,79.1,100.0,315,60.1,315
Jonah Jackson,37070,G,CHI,19,1,6,63.1,100.0,157,30.2,157,72.3,2,100.0,520,520,74.5,100.0,314,60.4,314
Joe Thuney,10712,G,CHI,19,0,6,58.1,100.0,159,30.6,159,68.6,0,100.0,520,520,75.8,100.0,312,60.0,312
Alaric Jackson,40972,T,LA,19,0,26,73.4,100.0,234,45.6,234,86.1,1,100.0,513,513,88.0,100.0,230,44.8,230
Morgan Moses,8701,T,NE,21,0,19,68.6,100.0,266,51.9,266,78.7,1,100.0,513,513,90.1,100.0,157,30.6,157
Matthew Stafford,4924,QB,LA,20,0,26,60.0,99.6,243,47.8,244,60.0,0,95.1,508,534,60.0,100.0,238,46.9,238
David Edwards,35941,G,BUF,18,0,4,59.1,100.0,209,42.1,209,66.3,0,100.0,497,497,73.6,100.0,223,44.9,223
Dominick Puni,163815,G,SF,19,0,28,55.4,100.0,123,24.8,123,67.9,1,100.0,496,496,73.5,100.0,303,61.1,303
Connor McGovern,41714,C,BUF,18,0,4,71.9,100.0,208,41.9,208,68.7,1,100.0,496,496,62.1,100.0,221,44.6,221
Colton McKivitz,29314,T,SF,19,0,28,83.9,100.0,123,24.8,123,90.4,0,100.0,495,495,90.1,100.0,308,62.2,308
Darnell Wright,98480,T,CHI,18,0,6,80.9,100.0,150,30.4,150,82.7,2,100.0,493,493,82.8,100.0,300,60.9,300
Jake Andrews,81868,C,HST,18,1,13,72.3,100.0,228,46.4,228,60.0,3,100.0,491,491,57.1,100.0,202,41.1,202
Caleb Williams,144622,QB,CHI,19,0,6,60.0,96.8,153,31.9,158,60.2,0,92.6,479,517,60.2,97.7,304,63.5,311
Roger Rosengarten,131912,T,BLT,17,0,3,58.1,100.0,160,33.5,160,74.8,0,100.0,478,478,80.7,100.0,260,54.4,260
Daniel Faalele,81734,G,BLT,17,0,3,50.1,100.0,160,33.6,160,53.5,1,100.0,476,476,58.3,100.0,258,54.2,258
Greg Van Roten,7746,G,NYG,17,0,21,64.1,100.0,176,37.2,176,61.2,0,100.0,473,473,52.7,100.0,262,55.4,262
Aireontae Ersery,129649,T,HST,18,1,13,52.5,100.0,223,47.2,223,50.9,5,100.0,472,472,46.9,100.0,195,41.3,195
Tyler Linderbaum,82291,C,BLT,17,0,3,66.5,100.0,160,34.0,160,83.2,3,100.0,471,471,84.1,100.0,257,54.6,257
Elijah Wilkinson,46238,T,ATL,17,0,2,54.3,100.0,103,22.0,103,68.3,1,100.0,469,469,69.3,100.0,341,72.7,341
Ryan Neuzil,41123,C,ATL,17,1,2,59.3,100.0,103,22.0,103,82.1,1,100.0,469,469,83.3,100.0,341,72.7,341
Tytus Howard,25472,T,HST,18,1,13,46.9,100.0,212,45.5,212,49.5,6,100.0,466,466,55.3,100.0,198,42.5,198
Chris Lindstrom,46692,G,ATL,17,0,2,58.3,100.0,102,22.0,102,91.7,2,100.0,463,463,93.1,100.0,337,72.8,337
Drake Maye,143969,QB,NE,21,0,19,60.4,98.9,266,58.3,269,60.4,0,88.5,456,515,60.2,96.8,149,32.7,154
Andrew Vorhees,60818,G,BLT,17,0,3,51.6,100.0,152,33.3,152,54.3,0,100.0,456,456,52.8,100.0,252,55.3,252
Tyler Steen,81921,G,PHI,18,1,24,53.9,100.0,153,33.7,153,73.0,4,100.0,454,454,81.1,100.0,234,51.5,234
Mike McGlinchey,46275,T,DEN,19,0,10,56.7,100.0,223,49.2,223,81.7,2,100.0,453,453,93.0,100.0,163,36.0,163
Garett Bolles,11775,T,DEN,19,0,10,61.6,100.0,223,49.3,223,82.3,0,100.0,452,452,94.2,100.0,165,36.5,165
Jake Matthews,8641,T,ATL,17,0,2,52.6,100.0,98,21.7,98,54.7,2,100.0,452,452,56.5,100.0,331,73.2,331
Jermaine Eluemunor,11914,T,NYG,16,0,21,58.1,100.0,168,37.3,168,55.1,0,100.0,450,450,57.8,100.0,256,56.9,256
Dion Dawkins,11818,T,BUF,17,0,4,64.3,100.0,188,41.9,188,62.5,2,100.0,449,449,60.7,100.0,198,44.1,198
Charles Cross,98401,T,SEA,17,0,29,72.4,100.0,147,32.8,147,71.4,0,100.0,448,448,67.6,100.0,260,58.0,260
Trent Williams,5529,T,SF,17,0,28,81.3,100.0,117,26.4,117,92.0,1,100.0,444,444,93.7,100.0,270,60.8,270
Jordan Mailata,66916,T,PHI,17,0,24,78.8,100.0,145,32.7,145,85.8,2,100.0,443,443,85.6,100.0,230,51.9,230
Jon Runyan,36661,G,NYG,16,0,21,43.9,100.0,171,38.7,171,49.2,1,100.0,442,442,52.9,100.0,238,53.8,238
Quinn Meinerz,112915,G,DEN,19,0,10,90.7,100.0,220,49.9,220,91.1,0,100.0,441,441,83.2,100.0,158,35.8,158
Terence Steele,39461,T,DAL,17,1,9,55.9,100.0,159,36.1,159,70.2,2,100.0,441,441,82.8,100.0,229,51.9,229
Steve Avila,77319,G,LA,16,0,26,69.2,100.0,203,46.0,203,72.3,0,100.0,441,441,69.5,100.0,192,43.5,192
Tate Ratledge,124034,G,DET,17,0,11,73.6,100.0,161,36.6,161,73.5,2,100.0,440,440,73.2,100.0,249,56.6,249
Ed Ingram,59819,G,HST,16,0,13,79.1,100.0,191,43.7,191,79.9,0,100.0,437,437,76.5,100.0,189,43.2,189
Rasheed Walker,81798,T,GB,17,0,12,60.9,100.0,170,39.0,170,53.7,2,100.0,436,436,49.6,100.0,220,50.5,220
Graham Barton,122367,C,TB,17,1,30,71.5,100.0,227,52.3,227,65.9,3,100.0,434,434,60.9,100.0,177,40.8,177
AJ Barner,129433,TE,SEA,20,0,29,57.6,100.0,147,34.0,147,67.6,0,97.3,432,444,74.6,100.0,265,61.3,265
Josh Conerly Jr.,163291,T,WAS,17,0,32,52.2,100.0,233,54.2,233,63.4,1,100.0,430,430,76.3,100.0,168,39.1,168
Ezra Cleveland,41973,G,JAX,17,0,15,61.4,100.0,160,37.6,160,66.1,0,100.0,426,426,68.6,100.0,202,47.4,202
Zion Johnson,99681,G,LAC,17,0,27,57.3,100.0,196,46.3,196,52.8,2,100.0,423,423,55.0,100.0,183,43.3,183
Josh Allen,46601,QB,BUF,19,0,4,60.0,93.3,196,46.6,210,60.0,0,84.5,421,498,60.0,97.3,214,50.8,220
Bradley Bozeman,27934,C,LAC,17,0,27,48.2,100.0,195,46.5,195,50.0,0,100.0,419,419,57.8,100.0,182,43.4,182
Jared Goff,10635,QB,DET,17,0,11,60.3,99.4,159,38.0,160,60.7,0,97.0,418,431,60.9,100.0,244,58.4,244
Kevin Dotson,46735,G,LA,17,0,26,86.6,100.0,187,45.0,187,90.3,0,100.0,416,416,89.7,100.0,189,45.4,189
Damien Lewis,81532,G,CAR,17,0,5,82.1,100.0,156,37.5,156,75.2,2,100.0,416,416,74.8,100.0,224,53.8,224
Troy Fautanu,100521,T,PIT,18,0,25,48.9,100.0,123,29.6,123,58.3,1,100.0,415,415,66.0,100.0,250,60.2,250
Mason McCormick,78326,G,PIT,18,0,25,63.0,100.0,123,29.6,123,68.7,0,100.0,415,415,72.9,100.0,250,60.2,250
Jake Brendel,11117,C,SF,17,0,28,61.2,100.0,94,22.7,94,74.0,1,100.0,414,414,74.6,100.0,271,65.5,271
Jalen Sundell,91396,C,SEA,16,0,29,62.5,100.0,125,30.3,125,63.8,3,100.0,412,412,64.2,100.0,249,60.4,249
Zach Frazier,123419,C,PIT,18,0,25,68.5,100.0,123,29.9,123,71.4,2,100.0,412,412,71.5,100.0,250,60.7,250
Tyler Smith,98385,G,DAL,16,1,9,67.7,100.0,147,35.9,147,81.1,1,100.0,410,410,83.7,100.0,215,52.4,215
Will Campbell,157106,T,NE,17,0,19,65.0,100.0,221,53.9,221,68.3,0,100.0,410,410,66.9,100.0,119,29.0,119
Ronnie Stanley,10640,T,BLT,16,0,3,54.3,100.0,139,33.9,139,68.0,0,100.0,410,410,74.3,100.0,231,56.3,231
Spencer Brown,42296,T,BUF,16,0,4,76.4,100.0,161,39.4,161,85.7,1,100.0,409,409,82.8,100.0,191,46.7,191
Baker Mayfield,46518,QB,TB,17,0,30,60.2,99.1,222,54.5,224,60.1,0,97.1,407,419,60.0,99.4,166,40.8,167
DJ Moore,48267,WR,CHI,19,0,6,61.5,95.3,122,30.0,128,60.9,1,96.7,407,421,60.2,98.5,258,63.4,262
Josh Myers,59992,C,NYJ,17,0,22,48.2,100.0,105,25.9,105,51.7,0,100.0,406,406,57.4,100.0,255,62.8,255
Joe Tippmann,101568,G,NYJ,17,0,22,63.5,100.0,105,25.9,105,66.7,0,100.0,406,406,69.4,100.0,255,62.8,255
Armand Membou,125008,T,NYJ,17,1,22,49.1,100.0,105,25.9,105,72.1,1,100.0,406,406,82.3,100.0,255,62.8,255
Matt Goncalves,99680,G,IND,16,0,14,54.6,100.0,214,52.8,214,65.9,2,100.0,405,405,73.6,100.0,156,38.5,156
Olumuyiwa Fashanu,129777,T,NYJ,17,0,22,68.3,100.0,105,26.0,105,57.1,0,100.0,404,404,52.5,100.0,254,62.9,254
Jonah Savaiinaea,158742,G,MIA,17,1,17,43.4,100.0,152,37.7,152,37.3,1,100.0,403,403,41.5,100.0,224,55.6,224
Walker Little,52287,T,JAX,16,1,15,64.1,100.0,150,37.2,150,61.9,2,100.0,403,403,63.6,100.0,196,48.6,196
Landon Dickerson,41712,G,PHI,16,0,24,62.4,100.0,133,33.1,133,68.2,1,100.0,402,402,72.1,100.0,214,53.2,214
Jared Wilson,146717,G,NE,17,0,19,46.0,100.0,206,51.2,206,44.7,2,100.0,402,402,54.8,100.0,120,29.9,120
Quenton Nelson,12954,G,IND,17,0,14,71.6,100.0,210,52.2,210,84.5,1,100.0,402,402,91.4,100.0,158,39.3,158
Hunter Henry,10669,TE,NE,21,0,19,49.4,100.0,201,50.5,201,53.4,1,100.0,398,398,64.2,100.0,120,30.2,120
Patrick Paul,101019,T,MIA,17,0,17,48.6,100.0,149,37.5,149,58.5,2,100.0,397,397,64.3,100.0,221,55.7,221
Penei Sewell,81788,T,DET,16,0,11,90.9,100.0,149,37.5,149,96.7,1,100.0,397,397,96.0,100.0,221,55.7,221
Trevor Lawrence,77632,QB,JAX,18,0,15,61.1,95.8,160,40.3,167,60.9,0,89.6,397,443,60.4,96.7,205,51.6,212
John Simpson,41715,G,NYJ,17,0,22,59.1,100.0,101,25.5,101,56.7,4,100.0,396,396,59.3,100.0,250,63.1,250
Joel Bitonio,8670,G,CLV,17,0,8,53.4,100.0,170,43.0,170,64.4,0,100.0,395,395,69.7,100.0,181,45.8,181
Bernhard Raimann,77948,T,IND,16,0,14,67.8,100.0,200,50.6,200,78.7,2,100.0,395,395,79.6,100.0,158,40.0,158
Dak Prescott,10769,QB,DAL,17,0,9,60.2,99.4,154,39.0,155,60.2,0,93.4,395,423,60.2,99.1,216,54.7,218
Ikem Ekwonu,98286,T,CAR,16,0,5,66.8,100.0,159,40.4,159,70.4,0,100.0,394,394,70.4,100.0,199,50.5,199
Matthew Bergeron,99658,G,ATL,14,0,2,50.1,100.0,91,23.2,91,71.3,1,100.0,393,393,79.2,100.0,280,71.2,280
Robert Hainsey,59980,C,JAX,16,0,15,66.3,100.0,150,38.2,150,66.1,2,100.0,393,393,71.1,100.0,187,47.6,187
Chris Paul,77579,G,WAS,16,0,32,48.8,100.0,206,52.7,206,38.2,0,100.0,391,391,39.3,100.0,161,41.2,161
Luke Wattenberg,41024,C,DEN,16,0,10,75.1,100.0,195,50.5,195,72.3,2,100.0,386,386,63.1,100.0,136,35.2,136
Kelvin Banks Jr.,163839,T,NO,17,0,20,60.4,100.0,123,31.9,123,76.1,1,100.0,385,385,81.1,100.0,222,57.7,222
Anton Harrison,122929,T,JAX,16,0,15,56.2,100.0,148,38.5,148,65.6,3,100.0,384,384,62.5,100.0,170,44.3,170
C.J. Stroud,129759,QB,HST,16,0,13,60.4,100.0,179,46.6,179,61.3,0,94.3,384,407,60.0,99.4,177,46.1,178
Tyler Biadasz,41178,C,WAS,16,0,32,67.2,100.0,214,55.9,214,71.2,0,100.0,383,383,66.2,100.0,143,37.3,143
Bryce Young,123943,QB,CAR,17,0,5,60.2,100.0,154,40.2,154,60.2,0,94.8,383,404,60.0,98.6,211,55.1,214
Wan'Dale Robinson,101735,WR,NYG,16,0,21,67.0,99.3,139,36.4,140,67.1,1,99.2,382,385,66.3,100.0,219,57.3,219
Cooper Kupp,11824,WR,SEA,19,0,29,60.2,100.0,133,34.9,133,62.9,1,100.0,381,381,76.0,100.0,226,59.3,226
Bo Nix,97790,QB,DEN,18,0,10,60.4,94.9,205,54.1,216,60.3,0,86.9,379,436,60.0,93.5,145,38.3,155
Ted Karras,10855,C,CIN,17,0,7,68.4,100.0,157,41.6,157,59.4,0,100.0,377,377,58.4,100.0,175,46.4,175
Will Fries,41530,G,MIN,17,0,18,66.0,100.0,141,37.4,141,60.2,0,100.0,377,377,61.7,100.0,200,53.1,200
Orlando Brown Jr.,46227,T,CIN,17,0,7,62.5,100.0,157,41.6,157,59.8,1,100.0,377,377,58.0,100.0,175,46.4,175
Davis Allen,99697,TE,LA,20,0,26,57.1,100.0,166,44.1,166,63.3,3,100.0,376,376,69.3,100.0,167,44.4,167
Cole Kmet,60995,TE,CHI,18,0,6,62.8,100.0,111,29.5,111,62.2,0,100.0,376,376,64.9,100.0,226,60.1,226
Justin Herbert,28237,QB,LAC,17,0,27,60.0,96.9,187,50.1,193,60.0,0,90.8,373,411,60.0,97.2,173,46.4,178
Tyler Booker,157001,G,DAL,14,0,9,69.7,100.0,126,33.9,126,76.8,2,100.0,372,372,78.4,100.0,204,54.8,204
Tanor Bortolini,129915,C,IND,16,0,14,76.9,100.0,186,50.1,186,88.2,1,100.0,371,371,85.2,100.0,152,41.0,152
Jordan Love,40306,QB,GB,16,0,12,60.5,100.0,157,42.3,157,60.4,0,94.4,371,393,60.0,97.5,194,52.3,199
Jackson Hawes,109374,TE,BUF,19,0,4,56.5,100.0,166,44.9,166,74.2,0,100.0,370,370,83.4,100.0,162,43.8,162
Cade Otton,61071,TE,TB,16,0,30,52.8,100.0,197,53.4,197,56.1,0,100.0,369,369,65.9,100.0,146,39.6,146
Sean Rhyan,72009,C,GB,16,0,12,68.9,100.0,144,39.1,144,65.6,2,100.0,368,368,61.8,100.0,182,49.5,182
Kingsley Suamataia,146558,G,KC,17,0,16,49.9,100.0,91,24.9,91,63.7,1,100.0,366,366,77.1,100.0,233,63.7,233
Colby Parkinson,52266,TE,LA,18,0,26,63.4,100.0,168,45.9,168,66.6,1,100.0,366,366,62.3,100.0,168,45.9,168
Kyle Pitts,83964,TE,ATL,17,0,2,36.6,100.0,70,19.2,70,43.0,1,100.0,365,365,50.5,100.0,286,78.4,286
Adam Trautman,109795,TE,DEN,19,0,10,56.0,100.0,193,53.0,193,51.5,3,100.0,364,364,76.7,100.0,117,32.1,117
Aaron Brewer,46014,C,MIA,16,0,17,90.0,100.0,141,38.8,141,91.5,0,100.0,363,363,87.3,100.0,201,55.4,201
Jalen Hurts,40291,QB,PHI,17,0,24,60.0,93.0,133,36.6,143,60.0,0,83.4,363,435,60.0,95.6,219,60.3,229
Taylor Moton,11819,T,CAR,16,0,5,71.7,100.0,135,37.2,135,80.4,0,100.0,363,363,80.9,100.0,194,53.4,194
DeVonta Smith,61100,WR,PHI,18,0,24,53.3,100.0,112,30.9,112,45.6,0,100.0,362,362,56.5,100.0,211,58.3,211
Jameson Williams,101701,WR,DET,17,0,11,66.4,100.0,136,37.7,136,67.2,2,98.4,361,367,64.5,100.0,217,60.1,217
Peter Skoronski,129737,G,TEN,17,0,31,69.5,100.0,163,45.2,163,73.2,1,100.0,361,361,75.8,100.0,174,48.2,174
A.J. Brown,48327,WR,PHI,16,1,24,60.3,100.0,111,30.8,111,52.8,1,100.0,360,360,63.8,100.0,213,59.2,213
Zay Flowers,97268,WR,BLT,17,0,3,64.5,96.6,115,32.2,119,60.1,1,97.3,357,367,58.4,100.0,216,60.5,216
Graham Glasgow,10729,C,DET,14,0,11,65.3,100.0,131,36.8,131,54.3,1,100.0,356,356,55.9,100.0,202,56.7,202
Amarius Mims,146719,T,CIN,17,0,7,62.4,100.0,148,41.6,148,64.8,1,100.0,356,356,60.5,100.0,166,46.6,166
Andrew Thomas,59701,T,NYG,13,0,21,68.5,100.0,131,37.0,131,84.6,1,100.0,354,354,90.9,100.0,198,55.9,198
DJ Glaze,129511,T,LV,17,0,23,55.8,100.0,100,28.3,100,54.9,1,100.0,353,353,60.0,100.0,212,60.1,212
Jaxon Smith-Njigba,129758,WR,SEA,20,0,29,63.2,98.4,126,35.7,128,66.0,1,98.9,353,357,67.2,100.0,211,59.8,211
Patrick Mekari,46219,G,JAX,15,0,15,66.0,100.0,128,36.4,128,53.9,2,100.0,352,352,50.3,100.0,173,49.1,173
Tetairoa McMillan,158735,WR,CAR,18,0,5,62.5,100.0,136,38.7,136,57.5,0,100.0,351,351,56.9,100.0,199,56.7,199
Creed Humphrey,59996,C,KC,17,0,16,68.1,100.0,93,26.5,93,88.5,1,100.0,351,351,90.6,100.0,220,62.7,220
Cole Strange,22976,G,MIA,14,0,17,49.7,100.0,134,38.2,134,57.0,0,100.0,351,351,66.2,100.0,193,55.0,193
Cam Jurgens,84014,C,PHI,15,1,24,56.7,100.0,98,27.9,98,68.2,2,100.0,351,351,73.9,100.0,199,56.7,199
Justin Jefferson,61398,WR,MIN,17,0,18,63.5,100.0,132,37.8,132,66.3,0,100.0,349,349,68.3,100.0,188,53.9,188
Aaron Rodgers,2241,QB,PIT,17,0,25,60.0,100.0,104,29.9,104,60.6,0,97.5,348,357,60.2,100.0,222,63.8,222
Romeo Doubs,84329,WR,GB,17,0,12,63.5,100.0,129,37.2,129,33.5,0,100.0,347,347,56.6,100.0,184,53.0,184
Jordan Morgan,98652,G,GB,15,0,12,60.5,100.0,123,35.5,123,58.9,1,100.0,346,346,53.6,100.0,193,55.8,193
Michael Pittman Jr.,29049,WR,IND,17,1,14,53.7,100.0,177,51.5,177,60.5,1,100.0,344,344,64.3,100.0,143,41.6,143
Amon-Ra St. Brown,84470,WR,DET,17,0,11,77.2,98.4,121,35.3,123,70.0,0,99.1,343,346,60.9,100.0,206,60.1,206
Taylor Decker,10650,T,DET,14,0,11,67.7,100.0,130,37.9,130,62.1,0,100.0,343,343,59.1,100.0,193,56.3,193
Theo Johnson,129787,TE,NYG,15,0,21,49.0,100.0,128,37.4,128,51.0,0,100.0,342,342,51.1,100.0,186,54.4,186
Jauan Jennings,48027,WR,SF,17,0,28,50.1,100.0,87,25.4,87,42.2,0,100.0,342,342,51.1,100.0,211,61.7,211
Courtland Sutton,48164,WR,DEN,19,0,10,75.4,100.0,169,49.6,169,50.1,0,100.0,341,341,64.4,100.0,129,37.8,129
Dawson Knox,35883,TE,BUF,19,0,4,59.4,100.0,135,39.6,135,63.2,1,100.0,341,341,74.3,100.0,154,45.2,154
Warren McClendon Jr.,99081,T,LA,13,0,26,75.2,100.0,164,48.2,164,81.9,0,100.0,340,340,76.1,100.0,145,42.6,145
Charlie Woerner,42257,TE,ATL,16,1,2,50.3,100.0,73,21.6,73,59.2,1,100.0,338,338,66.1,100.0,250,74.0,250
Dallas Goedert,47272,TE,PHI,16,0,24,50.0,100.0,112,33.2,112,50.6,0,99.7,337,338,57.7,100.0,175,51.9,175
Austin Hooper,10715,TE,NE,20,0,19,50.1,100.0,176,52.4,176,56.8,2,100.0,336,336,58.5,100.0,89,26.5,89
Aaron Banks,59983,G,GB,15,0,12,63.4,100.0,124,37.2,124,56.3,0,100.0,333,333,50.7,100.0,174,52.3,174
Hjalte Froholdt,44959,C,ARZ,17,0,1,64.1,100.0,221,66.4,221,66.8,2,100.0,333,333,69.1,100.0,92,27.6,92
Dylan Fairchild,146716,G,CIN,15,0,7,58.0,100.0,141,42.5,141,54.3,1,100.0,332,332,52.9,100.0,153,46.1,153
Cam Ward,133244,QB,TEN,17,0,31,60.6,99.3,152,46.2,153,60.4,0,95.6,329,344,60.0,98.2,164,49.8,167
Mack Hollins,11873,WR,NE,17,0,19,59.6,100.0,182,55.5,182,59.3,0,99.7,328,329,56.7,100.0,110,33.5,110
Donovan Jackson,145064,G,MIN,14,0,18,59.6,100.0,122,37.3,122,57.2,1,100.0,327,327,53.5,100.0,174,53.2,174
Dan Moore Jr.,60120,T,TEN,16,0,31,47.1,100.0,150,45.9,150,59.1,0,100.0,327,327,73.1,100.0,157,48.0,157
Rome Odunze,73774,WR,CHI,14,0,6,63.4,100.0,95,29.1,95,57.6,0,100.0,327,327,62.8,100.0,201,61.5,201
Jakobi Meyers,47468,WR,JAX,17,1,15,53.5,100.0,107,32.8,107,44.3,3,98.5,326,331,58.0,99.5,184,56.4,185
Tommy Tremble,84025,TE,CAR,18,0,5,73.2,100.0,134,41.1,134,73.5,1,100.0,326,326,73.9,100.0,165,50.6,165
Isaac Seumalo,10713,G,PIT,15,0,25,62.7,100.0,101,31.3,101,67.1,0,100.0,323,323,70.9,100.0,193,59.8,193
John Michael Schmitz Jr.,55238,C,NYG,13,0,21,62.3,100.0,109,33.9,109,63.3,1,100.0,322,322,67.0,100.0,194,60.2,194
Kevin Zeitler,7032,G,TEN,16,0,31,65.1,100.0,144,45.1,144,70.8,1,100.0,319,319,76.4,100.0,153,48.0,153
Tyler Warren,129798,TE,IND,17,0,14,45.8,99.4,161,50.8,162,50.7,1,98.1,317,323,65.5,99.2,123,38.8,124
Cade Mays,81995,C,CAR,14,0,5,50.7,100.0,122,38.5,122,58.4,1,100.0,317,317,63.6,100.0,167,52.7,167
Ja'Marr Chase,84270,WR,CIN,16,1,7,70.9,100.0,134,42.4,134,65.6,1,99.4,316,318,61.5,100.0,150,47.5,150
Tre Tucker,101106,WR,LV,17,0,23,54.2,100.0,88,28.0,88,59.0,2,96.9,314,324,54.8,100.0,199,63.4,199
Lloyd Cushenberry III,41924,C,TEN,15,0,31,61.5,100.0,141,45.0,141,51.2,0,100.0,313,313,48.8,100.0,150,47.9,150
Laremy Tunsil,10647,T,WAS,14,1,32,76.1,100.0,183,58.7,183,75.3,1,100.0,312,312,73.1,100.0,110,35.3,110
Jayden Higgins,150240,WR,HST,19,0,13,58.6,100.0,147,47.3,147,56.0,2,100.0,311,311,64.2,100.0,139,44.7,139
Fred Johnson,46951,T,PHI,16,0,24,54.8,100.0,121,38.9,121,55.8,0,100.0,311,311,57.9,100.0,153,49.2,153
Cesar Ruiz,59857,G,NO,14,0,20,45.6,100.0,91,29.4,91,44.7,1,100.0,310,310,50.2,100.0,189,61.0,189
Ethan Pocic,11813,C,CLV,13,0,8,53.9,100.0,147,47.7,147,63.2,1,100.0,308,308,67.1,100.0,131,42.5,131
Alec Pierce,78038,WR,IND,15,0,14,65.8,100.0,160,51.9,160,54.6,0,100.0,308,308,59.1,100.0,127,41.2,127
George Pickens,99229,WR,DAL,17,0,9,52.6,100.0,109,35.5,109,53.4,1,100.0,307,307,58.7,100.0,175,57.0,175
Mekhi Becton,59818,G,LAC,15,0,27,47.6,100.0,132,43.3,132,35.5,1,100.0,305,305,34.2,100.0,143,46.9,143
Colston Loveland,158540,TE,CHI,18,0,6,65.1,100.0,92,30.3,92,70.0,0,99.7,304,305,71.2,100.0,188,61.8,188
Tristan Wirfs,64818,T,TB,12,0,30,86.4,100.0,161,53.1,161,91.6,1,100.0,303,303,83.0,100.0,118,38.9,118
Tua Tagovailoa,60326,QB,MIA,14,0,17,60.0,99.2,122,40.3,123,60.0,0,97.7,303,310,60.0,98.8,170,56.1,172
Emeka Egbuka,145055,WR,TB,17,0,30,48.4,100.0,156,51.7,156,50.7,0,99.3,302,304,52.5,100.0,131,43.4,131
Braden Smith,46794,T,IND,13,0,14,55.6,100.0,149,50.5,149,58.0,2,100.0,295,295,63.2,100.0,119,40.3,119
D.K. Metcalf,47864,WR,PIT,16,0,25,65.5,100.0,92,31.3,92,49.4,3,99.7,294,295,63.4,100.0,189,64.3,189
Jerry Jeudy,61103,WR,CLV,17,0,8,64.5,100.0,120,41.1,120,62.0,1,99.7,292,293,60.9,100.0,151,51.7,151
Darnell Mooney,48236,WR,ATL,15,0,2,64.0,100.0,54,18.5,54,49.1,0,100.0,292,292,57.1,100.0,227,77.7,227
Christian Mahogany,98261,G,DET,11,0,11,59.7,100.0,102,34.9,102,67.2,1,100.0,292,292,69.1,100.0,170,58.2,170
Kyle Juszczyk,7912,FB,SF,19,0,28,48.8,100.0,70,24.1,70,56.0,1,98.6,291,295,65.3,99.5,184,63.2,185
Dylan Parham,60953,G,LV,15,0,23,64.2,100.0,82,28.2,82,63.1,1,100.0,291,291,68.7,100.0,172,59.1,172
Darius Slayton,25578,WR,NYG,14,0,21,60.2,100.0,102,35.3,102,46.8,1,100.0,289,289,59.2,100.0,174,60.2,174
Brian O'Neill,46854,T,MIN,14,0,18,76.3,100.0,116,40.3,116,84.5,1,100.0,288,288,90.5,100.0,145,50.3,145
Drake London,86519,WR,ATL,12,1,2,52.2,100.0,70,24.3,70,54.9,2,100.0,288,288,64.3,100.0,209,72.6,209
Harold Fannin Jr.,163104,TE,CLV,16,0,8,48.0,98.5,129,44.9,131,49.8,1,98.0,287,293,53.9,100.0,130,45.3,130
Patrick Mahomes,11765,QB,KC,14,0,16,60.4,100.0,80,27.9,80,60.4,0,96.3,287,298,60.0,99.5,181,63.1,182
Trey McBride,75916,TE,ARZ,17,0,1,56.5,100.0,181,63.7,181,54.1,3,100.0,284,284,71.0,100.0,85,29.9,85
Taliese Fuaga,131732,T,NO,13,0,20,48.0,100.0,102,35.9,102,63.5,1,100.0,284,284,78.1,100.0,158,55.6,158
Cooper Beebe,99434,C,DAL,11,0,9,58.4,100.0,92,32.5,92,68.4,0,100.0,283,283,74.0,100.0,158,55.8,158
Drew Sample,47259,TE,CIN,17,0,7,57.8,100.0,127,44.9,127,57.3,0,100.0,283,283,69.2,100.0,117,41.3,117
Cam Robinson,11789,T,CLV,14,0,8,42.2,100.0,114,40.3,114,48.3,4,100.0,283,283,55.1,100.0,136,48.1,136
Geno Smith,7820,QB,LV,15,0,23,60.0,97.6,83,29.4,85,60.0,0,92.5,282,305,60.0,98.9,179,63.5,181
Daniel Bellinger,84041,TE,NYG,16,0,21,52.2,100.0,103,36.7,103,60.9,2,100.0,281,281,65.8,100.0,154,54.8,154
Puka Nacua,100632,WR,LA,19,0,26,65.7,100.0,138,49.3,138,76.3,0,94.9,280,295,79.3,98.5,131,46.8,133
Cole Van Lanen,41583,T,JAX,12,0,15,68.2,100.0,113,40.4,113,75.8,0,100.0,280,280,79.3,100.0,124,44.3,124
JC Latham,146596,T,TEN,13,0,31,57.2,100.0,130,46.6,130,71.2,3,100.0,279,279,81.8,100.0,133,47.7,133
Jaylen Waddle,84088,WR,MIA,16,1,17,56.7,100.0,114,41.2,114,48.9,1,99.3,277,279,53.8,100.0,158,57.0,158
Wyatt Teller,46131,G,CLV,13,0,8,57.3,100.0,138,49.8,138,65.7,1,100.0,277,277,76.3,100.0,113,40.8,113
Jaxson Dart,146409,QB,NYG,14,0,21,60.3,81.6,111,40.4,136,60.2,0,84.6,275,325,60.0,96.4,160,58.2,166
Charlie Kolar,60917,TE,BLT,17,0,3,76.0,100.0,111,40.4,111,71.5,1,100.0,275,275,62.0,100.0,127,46.2,127
Austin Corbett,46290,G,CAR,13,0,5,56.0,100.0,102,37.2,102,66.2,0,100.0,274,274,68.8,100.0,143,52.2,143
Daniel Jones,39395,QB,IND,13,0,14,60.4,99.3,147,54.2,148,60.3,0,91.9,271,295,60.0,98.3,115,42.4,117
Lamar Jackson,46416,QB,BLT,13,0,3,60.3,91.2,93,34.3,102,60.7,0,88.0,271,308,60.0,91.4,159,58.7,174
John Bates,42275,TE,WAS,15,0,32,54.5,100.0,171,63.3,171,57.8,1,100.0,270,270,62.0,100.0,95,35.2,95
Dan Feeney,11826,G,TB,11,0,30,43.7,100.0,122,45.4,122,49.3,0,100.0,269,269,62.0,100.0,128,47.6,128
Nico Collins,61441,WR,HST,16,0,13,69.3,100.0,137,50.9,137,58.3,1,99.3,269,271,69.3,100.0,110,40.9,110
Xavier Hutchinson,122518,WR,HST,19,1,13,67.9,100.0,132,49.3,132,60.5,2,99.3,268,270,51.7,100.0,109,40.7,109
Darnell Washington,124044,TE,PIT,16,0,25,61.8,100.0,71,26.6,71,73.1,0,100.0,267,267,75.2,100.0,163,61.0,163
Dalton Schultz,47304,TE,HST,19,0,13,52.2,100.0,119,44.6,119,63.6,1,100.0,267,267,72.0,100.0,111,41.6,111
Kayshon Boutte,124087,WR,NE,18,0,19,62.3,100.0,146,55.3,146,49.7,0,100.0,264,264,69.4,100.0,82,31.1,82
Luke Farrell,42353,TE,SF,19,0,28,70.2,100.0,64,24.2,64,71.0,0,100.0,264,264,70.2,100.0,158,59.8,158
Dalton Risner,47008,G,CIN,13,0,7,59.6,100.0,117,44.3,117,69.0,1,100.0,264,264,76.8,100.0,118,44.7,118
Andrei Iosivas,109811,WR,CIN,17,0,7,62.6,100.0,109,41.3,109,53.4,0,98.9,264,267,57.1,100.0,135,51.1,135
Chris Olave,84355,WR,NO,16,0,20,59.4,100.0,78,29.8,78,57.5,0,100.0,262,262,59.1,100.0,167,63.7,167
Dillon Radunz,30551,G,NO,11,0,20,46.5,100.0,73,28.0,73,49.0,1,100.0,261,261,56.6,100.0,161,61.7,161
Keon Coleman,144949,WR,BUF,15,0,4,67.0,100.0,117,45.0,117,69.5,0,100.0,260,260,77.3,100.0,120,46.2,120
Luke Goedeke,77548,T,TB,11,0,30,68.3,100.0,115,44.2,115,72.9,0,100.0,260,260,72.2,100.0,124,47.7,124
Larry Borom,59879,T,MIA,12,0,17,67.3,100.0,103,39.6,103,54.4,0,100.0,260,260,50.4,100.0,142,54.6,142
Alex Palczewski,59738,G,DEN,16,0,10,53.4,100.0,145,56.0,145,53.3,2,100.0,259,259,57.8,100.0,79,30.5,79
Travis Kelce,7844,TE,KC,17,0,16,58.3,98.6,68,26.3,69,53.8,0,99.6,259,260,55.7,100.0,168,64.9,168
Brock Purdy,77672,QB,SF,11,0,28,60.0,100.0,59,22.9,59,60.0,0,92.1,258,280,60.0,97.9,184,71.3,188
Tre Harris,122676,WR,LAC,17,0,27,52.9,100.0,123,47.7,123,39.7,1,99.2,258,260,53.4,100.0,107,41.5,107
Juwan Johnson,28305,TE,NO,17,0,20,43.2,100.0,88,34.2,88,47.2,1,100.0,257,257,57.3,100.0,141,54.9,141
Ladd McConkey,124030,WR,LAC,17,0,27,40.8,100.0,115,45.1,115,45.8,2,100.0,255,255,64.1,100.0,128,50.2,128
Elic Ayomanor,157263,WR,TEN,16,0,31,44.9,100.0,111,43.7,111,32.1,1,100.0,254,254,61.9,100.0,130,51.2,130
Michael Jordan,28021,G,TB,11,0,30,43.0,100.0,120,47.2,120,39.3,0,100.0,254,254,47.0,100.0,117,46.1,117
Zach Tom,55443,T,GB,11,0,12,74.7,100.0,100,39.5,100,81.9,0,100.0,253,253,83.6,100.0,131,51.8,131
Blake Fisher,147479,T,HST,17,0,13,85.2,100.0,120,47.4,120,75.2,2,100.0,253,253,59.7,100.0,100,39.5,100
Broderick Jones,124025,T,PIT,11,0,25,48.0,100.0,78,31.0,78,50.6,0,100.0,252,252,54.5,100.0,150,59.5,150
Jeremy Ruckert,84029,TE,NYJ,17,0,22,53.7,100.0,68,27.1,68,59.0,1,100.0,251,251,67.1,100.0,152,60.6,152
Anthony Belton,143985,G,GB,12,0,12,46.2,100.0,85,33.9,85,49.3,0,100.0,251,251,55.6,100.0,131,52.2,131
Davante Adams,8688,WR,LA,17,0,26,69.7,100.0,126,50.6,126,67.1,0,100.0,249,249,61.7,100.0,106,42.6,106
Brian Thomas Jr.,146760,WR,JAX,15,0,15,54.4,100.0,101,40.7,101,50.7,2,98.8,248,251,59.4,100.0,121,48.8,121
Michael Wilson,84423,WR,ARZ,17,0,1,56.6,100.0,158,63.7,158,51.2,0,100.0,248,248,58.7,100.0,79,31.9,79
Mitchell Evans,147486,TE,CAR,18,0,5,59.0,100.0,104,42.4,104,67.1,1,99.6,245,246,75.2,100.0,116,47.3,116
Trey Pipkins III,91462,T,LAC,13,0,27,44.0,100.0,115,46.9,115,43.8,0,100.0,245,245,47.1,100.0,100,40.8,100
Brenton Strange,101694,TE,JAX,13,0,15,45.4,100.0,78,31.8,78,74.1,1,100.0,245,245,85.6,100.0,121,49.4,121
Theo Benedet,169632,T,CHI,15,0,6,60.5,100.0,80,32.8,80,65.6,1,100.0,244,244,70.5,100.0,139,57.0,139
Jawaan Taylor,41665,T,KC,12,0,16,45.2,100.0,64,26.3,64,43.8,3,100.0,243,243,48.2,100.0,147,60.5,147
Paris Johnson Jr.,129749,T,ARZ,12,0,1,70.3,100.0,170,70.2,170,72.9,0,100.0,242,242,67.4,100.0,57,23.6,57
Grant Calcaterra,60997,TE,PHI,16,0,24,51.4,100.0,88,36.5,88,49.1,0,100.0,241,241,47.8,100.0,107,44.4,107
Eric Saubert,11929,TE,SEA,14,0,29,59.8,100.0,69,28.6,69,65.1,1,100.0,241,241,66.8,100.0,143,59.3,143
Stone Forsythe,41795,T,LV,15,0,23,62.7,100.0,74,31.0,74,56.1,0,100.0,239,239,59.3,100.0,136,56.9,136
KT Leveston,77487,T,CLV,13,0,8,60.2,100.0,92,38.5,92,67.7,3,100.0,239,239,72.6,100.0,119,49.8,119
Jordan Addison,123000,WR,MIN,14,0,18,55.4,100.0,84,35.1,84,66.9,0,99.2,239,241,71.9,100.0,134,56.1,134
Ben Bredeson,27305,G,TB,11,0,30,44.1,100.0,149,62.6,149,44.1,1,100.0,238,238,47.6,100.0,72,30.3,72
Jordan Meredith,60235,C,LV,11,0,23,54.2,100.0,67,28.3,67,61.2,1,100.0,237,237,66.8,100.0,137,57.8,137
Scott Matlock,82482,FB,LAC,17,1,27,49.7,100.0,123,51.9,123,49.7,1,100.0,237,237,52.0,100.0,85,35.9,85
Luke Fortner,42028,C,NO,15,0,20,64.6,100.0,65,27.5,65,65.3,0,100.0,236,236,62.2,100.0,146,61.9,146
Spencer Burford,81920,G,SF,12,0,28,41.9,100.0,45,19.1,45,61.4,0,100.0,236,236,70.8,100.0,153,64.8,153
Parker Washington,129799,WR,JAX,17,1,15,49.4,100.0,89,38.0,89,38.3,1,96.3,234,243,65.0,99.2,120,51.3,121
Payne Durham,84037,TE,TB,17,0,30,67.7,100.0,142,60.7,142,74.4,2,100.0,234,234,83.0,100.0,77,32.9,77
Gunnar Helm,144726,TE,TEN,16,1,31,50.5,100.0,124,53.0,124,58.5,1,100.0,234,234,71.7,100.0,98,41.9,98
Mason Taylor,157122,TE,NYJ,13,0,22,49.1,100.0,57,24.5,57,63.1,0,100.0,233,233,64.4,100.0,150,64.4,150
Julian Hill,88685,TE,MIA,14,0,17,49.6,100.0,85,36.5,85,49.8,0,100.0,233,233,66.4,100.0,133,57.1,133
Tyler Guyton,123076,T,DAL,10,0,9,70.1,100.0,89,38.4,89,64.9,0,100.0,232,232,58.4,100.0,118,50.9,118
Tyrell Shavers,61107,WR,BUF,18,0,4,60.0,100.0,108,46.6,108,51.8,1,100.0,232,232,65.0,100.0,82,35.3,82
Ozzy Trapilo,123552,T,CHI,12,0,6,65.3,100.0,70,30.3,70,68.6,1,100.0,231,231,72.7,100.0,141,61.0,141
Evan Brown,38709,G,ARZ,11,0,1,51.3,100.0,158,68.4,158,49.0,1,100.0,231,231,59.7,100.0,59,25.5,59
CeeDee Lamb,61570,WR,DAL,14,0,9,63.2,100.0,82,35.5,82,59.8,2,98.7,231,234,59.8,99.3,134,58.0,135
Sam LaPorta,101690,TE,DET,9,0,11,66.0,100.0,81,35.2,81,64.9,0,100.0,230,230,65.2,100.0,130,56.5,130
Mark Andrews,47436,TE,BLT,17,0,3,66.7,100.0,70,30.4,70,67.1,1,95.8,230,240,76.0,100.0,140,60.9,140
Kendrick Bourne,12270,WR,SF,18,1,28,68.1,100.0,58,25.2,58,46.5,2,100.0,230,230,57.2,100.0,144,62.6,144
Kirk Cousins,7102,QB,ATL,10,0,2,60.1,98.0,49,21.4,50,60.1,0,95.0,229,241,60.0,100.0,178,77.7,178
Elgton Jenkins,46298,C,GB,9,0,12,55.7,100.0,91,39.9,91,60.6,1,100.0,228,228,61.7,100.0,115,50.4,115
Olamide Zaccheaus,44920,WR,CHI,18,0,6,59.9,100.0,84,36.8,84,43.5,0,98.3,228,232,54.7,100.0,127,55.7,127
George Kittle,11901,TE,SF,12,0,28,73.0,100.0,71,31.3,71,72.2,0,99.6,227,228,71.1,100.0,134,59.0,134
Jack Westover,84079,FB,NE,20,0,19,51.7,100.0,102,44.9,102,47.1,1,100.0,227,227,48.6,100.0,65,28.6,65
Josh Oliver,47083,TE,MIN,15,0,18,58.8,100.0,97,42.7,97,64.0,1,100.0,227,227,72.0,100.0,111,48.9,111
Isaiah Adams,158192,G,ARZ,14,0,1,60.6,100.0,146,65.2,146,55.7,1,100.0,224,224,64.7,100.0,68,30.4,68
Jordan Whittington,97623,WR,LA,17,0,26,61.1,100.0,95,42.4,95,60.2,1,98.2,224,228,66.7,100.0,96,42.9,96
Trent Brown,9677,T,HST,8,0,13,75.7,100.0,102,45.5,102,71.5,1,100.0,224,224,65.3,100.0,99,44.2,99
Justin Dedich,83018,G,LA,10,0,26,65.6,100.0,100,44.8,100,69.7,1,100.0,223,223,67.9,100.0,94,42.2,94
Noah Gray,60878,TE,KC,16,0,16,46.0,100.0,56,25.1,56,65.3,0,100.0,223,223,74.2,100.0,138,61.9,138
Justin Skule,38951,T,MIN,11,0,18,49.4,100.0,82,36.9,82,61.2,1,100.0,222,222,67.4,100.0,116,52.3,116
Brock Wright,60994,TE,DET,11,0,11,56.0,100.0,76,34.4,76,55.5,0,100.0,221,221,56.2,100.0,125,56.6,125
Johnny Mundt,12206,TE,JAX,17,0,15,56.9,100.0,83,37.7,83,72.1,1,100.0,220,220,81.1,100.0,98,44.5,98
Mo Alie-Cox,12078,TE,IND,17,0,14,67.5,100.0,133,60.5,133,64.6,0,100.0,220,220,63.4,100.0,63,28.6,63
Sam Cosmi,60114,G,WAS,9,0,32,73.4,100.0,108,49.1,108,72.3,0,100.0,220,220,65.5,100.0,100,45.5,100
Michael Penix Jr.,82134,QB,ATL,9,0,2,60.0,98.1,52,23.6,53,60.1,0,96.5,220,228,60.0,100.0,163,74.1,163
Isaiah Likely,83955,TE,BLT,14,0,3,61.7,100.0,73,33.5,73,66.5,2,100.0,218,218,58.8,100.0,120,55.0,120
Quentin Johnston,123085,WR,LAC,15,0,27,55.4,100.0,100,46.1,100,51.8,0,99.1,217,219,61.4,99.0,103,47.5,104
Kelvin Beachum,7229,T,ARZ,15,0,1,40.2,100.0,145,67.1,145,48.9,2,100.0,216,216,72.9,100.0,61,28.2,61
Ben Powers,41482,G,DEN,10,0,10,47.4,100.0,94,43.5,94,62.5,0,100.0,216,216,67.1,100.0,85,39.4,85
Deebo Samuel,48274,WR,WAS,16,0,32,58.3,92.2,107,49.5,116,53.6,1,92.3,216,234,59.4,98.1,101,46.8,103
Xavier Legette,99197,WR,CAR,15,0,5,59.8,100.0,89,41.2,89,48.5,1,99.5,216,217,56.9,100.0,120,55.6,120
Jacoby Brissett,10725,QB,ARZ,14,0,1,60.8,100.0,145,67.4,145,60.8,0,93.1,215,231,60.0,95.7,67,31.2,70
Rashod Bateman,84296,WR,BLT,13,0,3,61.3,100.0,68,31.6,68,70.0,0,100.0,215,215,72.2,100.0,133,61.9,133
Tee Higgins,61211,WR,CIN,15,0,7,62.3,100.0,78,36.4,78,49.0,0,100.0,214,214,62.3,100.0,112,52.3,112
Ben Sinnott,122616,TE,WAS,15,0,32,54.3,100.0,122,57.3,122,63.6,0,100.0,213,213,73.0,100.0,71,33.3,71
Khalil Shakir,84140,WR,BUF,18,0,4,72.4,100.0,86,40.8,86,66.3,1,100.0,211,211,62.2,100.0,106,50.2,106
David Sills V,34579,WR,ATL,17,0,2,64.9,100.0,46,21.8,46,51.7,0,100.0,211,211,57.6,100.0,158,74.9,158
T.J. Hockenson,40912,TE,MIN,15,0,18,50.6,100.0,82,39.0,82,57.7,1,99.5,210,211,73.4,100.0,118,56.2,118
Trevor Penning,59963,G,LAC,14,0,27,57.8,100.0,102,48.8,102,56.9,2,100.0,209,209,59.9,100.0,89,42.6,89
Blake Brandel,46282,C,MIN,14,0,18,72.9,100.0,74,35.4,74,61.9,1,100.0,209,209,64.2,100.0,116,55.5,116
Luke Musgrave,98499,TE,GB,18,0,12,45.9,100.0,73,35.1,73,45.8,0,100.0,208,208,56.8,100.0,110,52.9,110
Cade Stover,101486,TE,HST,11,0,13,43.6,100.0,103,49.8,103,49.8,1,95.8,207,216,59.6,100.0,86,41.5,86
Konata Mumpfield,145598,WR,LA,20,0,26,57.3,100.0,91,44.0,91,61.2,0,100.0,207,207,57.3,100.0,81,39.1,81
JuJu Smith-Schuster,11817,WR,KC,17,0,16,62.6,100.0,63,30.4,63,31.1,0,100.0,207,207,64.5,100.0,121,58.5,121
Joe Flacco,4332,QB,CIN,13,0,7,60.3,100.0,94,45.6,94,60.3,0,92.4,206,223,60.3,99.0,97,47.1,98
Trey Smith,62960,G,KC,12,0,16,58.1,100.0,47,22.8,47,63.0,1,100.0,206,206,65.4,100.0,131,63.6,131
Rob Havenstein,9490,T,LA,7,0,26,61.1,100.0,87,42.2,87,63.5,0,100.0,206,206,61.8,100.0,95,46.1,95
Jake Ferguson,61081,TE,DAL,17,0,9,53.9,100.0,83,40.5,83,57.6,0,100.0,205,205,65.1,100.0,106,51.7,106
Luke Schoonmaker,84005,TE,DAL,17,0,9,48.3,100.0,67,32.7,67,54.2,0,100.0,205,205,64.7,100.0,102,49.8,102
Durham Smythe,47257,TE,CHI,19,0,6,65.4,100.0,55,27.4,55,53.2,1,100.0,201,201,48.9,100.0,117,58.2,117
Jonah Williams,41651,T,ARZ,9,0,1,51.7,100.0,140,69.7,140,56.9,0,100.0,201,201,61.3,100.0,47,23.4,47
Jalen Nailor,84292,WR,MIN,17,0,18,55.5,100.0,65,32.5,65,51.7,1,99.0,200,202,72.5,100.0,125,62.5,125
Jonnu Smith,11855,TE,PIT,18,1,25,58.1,97.9,47,23.9,48,45.2,2,95.6,197,206,53.2,97.8,131,66.5,134
Rashid Shaheed,63707,WR,SEA,21,0,29,56.9,95.5,63,32.0,66,32.0,2,93.4,197,211,54.4,98.4,123,62.4,125
Marcus Mariota,9435,QB,WAS,11,0,32,61.1,86.1,99,51.3,115,61.0,0,85.8,193,225,60.4,94.7,89,46.1,94
J.J. McCarthy,144918,QB,MIN,10,0,18,60.0,98.9,86,44.6,87,60.1,0,91.0,193,212,60.0,97.0,96,49.7,99
Brevyn Spann-Ford,84006,TE,DAL,17,0,9,51.9,100.0,70,36.3,70,68.3,0,100.0,193,193,75.6,100.0,90,46.6,90
Patrick Ricard,48862,FB,BLT,11,1,3,67.5,100.0,73,37.8,73,70.4,1,99.0,193,195,66.4,100.0,103,53.4,103
Mac Jones,60323,QB,SF,12,0,28,60.0,98.4,63,32.8,64,60.1,0,87.3,192,220,60.0,100.0,120,62.5,120
Bobby Hart,9659,T,LAC,9,0,27,52.6,100.0,88,45.8,88,45.3,0,100.0,192,192,45.3,100.0,90,46.9,90
Spencer Anderson,81719,G,PIT,17,0,25,56.2,100.0,51,26.7,51,60.9,1,100.0,191,191,62.0,100.0,122,63.9,122
Brandin Cooks,8655,WR,BUF,17,0,4,58.8,100.0,64,33.5,64,51.9,0,100.0,191,191,66.6,100.0,113,59.2,113
Jamaree Salyer,81656,T,LAC,11,0,27,59.5,100.0,95,49.7,95,59.5,2,100.0,191,191,62.0,100.0,76,39.8,76
Alec Ingold,34934,FB,MIA,17,1,17,48.0,100.0,60,31.6,60,50.3,1,99.0,190,192,62.6,100.0,125,65.8,125
Brock Hoffman,54535,C,DAL,10,0,9,49.6,100.0,78,41.1,78,56.9,0,100.0,190,190,67.6,100.0,87,45.8,87
Josh Downs,122832,WR,IND,16,0,14,66.1,100.0,84,44.4,84,61.9,0,99.5,189,190,58.7,100.0,96,50.8,96
Ricky Pearsall,100660,WR,SF,10,0,28,58.0,100.0,43,22.8,43,47.9,0,99.0,189,191,53.1,100.0,134,70.9,134
Oronde Gadsden II,144046,TE,LAC,16,0,27,35.4,100.0,71,37.6,71,32.5,0,100.0,189,189,40.1,100.0,94,49.7,94
Reggie Gilliam,40951,FB,BUF,19,0,4,68.7,100.0,76,40.2,76,75.1,0,99.0,189,191,79.4,100.0,62,32.8,62
Terrance Ferguson,146563,TE,LA,14,0,26,68.9,100.0,83,43.9,83,73.1,1,99.5,189,190,68.4,100.0,88,46.6,88
Alex Cappa,66578,C,LV,13,0,23,61.9,100.0,55,29.3,55,53.0,1,100.0,188,188,52.4,100.0,116,61.7,116
Lane Johnson,7786,T,PHI,10,0,24,54.0,100.0,63,33.7,63,69.8,0,100.0,187,187,81.1,100.0,91,48.7,91
Michael Mayer,122906,TE,LV,13,0,23,56.3,100.0,56,30.1,56,52.0,1,100.0,186,186,55.8,100.0,107,57.5,107
Tucker Kraft,104034,TE,GB,8,0,12,61.6,100.0,81,44.0,81,62.0,0,99.5,184,185,69.3,100.0,90,48.9,90
Charlie Heck,36501,T,TB,12,0,30,54.3,100.0,115,62.5,115,44.0,0,100.0,184,184,41.7,100.0,59,32.1,59
Ryan Flournoy,159617,WR,DAL,15,0,9,71.2,100.0,66,36.1,66,74.3,0,97.9,183,187,74.7,100.0,96,52.5,96
Van Jefferson,47447,WR,TEN,16,0,31,61.9,100.0,72,39.3,72,34.4,0,100.0,183,183,58.1,100.0,100,54.6,100
Tyler Shough,83537,QB,NO,11,0,20,60.7,94.0,47,25.8,50,60.7,0,87.9,182,207,60.2,94.7,125,68.7,132
David Njoku,11784,TE,CLV,12,0,8,47.6,100.0,79,43.6,79,43.1,0,100.0,181,181,50.9,100.0,84,46.4,84
Xavier Worthy,144718,WR,KC,14,0,16,56.3,95.1,39,21.5,41,60.7,0,95.3,181,190,62.8,100.0,134,74.0,134
John FitzPatrick,83974,TE,GB,15,1,12,65.2,100.0,79,43.6,79,66.0,3,100.0,181,181,59.0,100.0,80,44.2,80
Cedric Tillman,84434,WR,CLV,13,0,8,45.6,100.0,72,40.0,72,42.9,0,100.0,180,180,60.8,100.0,95,52.8,95
Jalen Tolbert,61637,WR,DAL,13,0,9,47.7,100.0,76,42.2,76,45.1,1,100.0,180,180,56.6,100.0,90,50.0,90
Christian Darrisaw,77373,T,MIN,10,0,18,70.4,100.0,68,38.0,68,69.8,0,100.0,179,179,66.9,100.0,96,53.6,96
Chigoziem Okonkwo,84000,TE,TEN,17,0,31,30.4,100.0,65,36.3,65,27.9,0,100.0,179,179,53.7,100.0,94,52.5,94
Chimere Dike,129918,WR,TEN,17,0,31,56.5,96.8,60,33.5,62,35.7,2,94.7,179,189,61.5,100.0,111,62.0,111
John Metchie III,97400,WR,NYJ,16,0,22,41.0,100.0,54,30.5,54,49.8,1,98.3,177,180,52.7,100.0,105,59.3,105
Justin Fields,82118,QB,NYJ,9,0,22,60.0,87.3,48,27.3,55,60.0,0,79.6,176,221,60.0,85.2,121,68.8,142
Jahan Dotson,84375,WR,PHI,18,0,24,60.0,100.0,49,28.0,49,68.2,0,100.0,175,175,65.2,100.0,110,62.9,110
Christian Watson,66581,WR,GB,11,0,12,60.1,100.0,65,37.1,65,60.3,0,99.4,175,176,55.7,100.0,95,54.3,95
Austin Deculus,59821,T,LAC,12,0,27,58.1,100.0,81,46.6,81,46.9,0,100.0,174,174,47.8,100.0,68,39.1,68
Stefon Diggs,9579,WR,NE,21,0,19,58.6,100.0,88,50.9,88,48.8,0,100.0,173,173,56.9,100.0,59,34.1,59
Erik McCoy,37347,C,NO,7,0,20,65.9,100.0,68,39.3,68,62.2,0,100.0,173,173,63.0,100.0,90,52.0,90
Adonai Mitchell,146712,WR,NYJ,14,0,22,55.2,100.0,61,35.3,61,52.1,1,99.4,173,174,53.9,100.0,97,56.1,97
Connor Colby,144862,G,SF,10,0,28,46.7,100.0,50,28.9,50,64.6,1,100.0,173,173,74.5,100.0,97,56.1,97
Tez Johnson,123709,WR,TB,16,0,30,58.0,100.0,80,46.2,80,58.2,0,97.2,173,178,51.7,100.0,85,49.1,85
Chris Moore,10741,WR,WAS,14,0,32,57.3,100.0,90,52.3,90,38.9,0,100.0,172,172,56.1,100.0,65,37.8,65
Devaughn Vele,100637,WR,NO,13,0,20,52.3,100.0,41,24.1,41,45.1,0,100.0,170,170,57.4,100.0,114,67.1,114
Tyler Higbee,10744,TE,LA,12,0,26,63.5,100.0,77,45.3,77,67.1,0,100.0,170,170,73.4,100.0,76,44.7,76
Joe Burrow,28022,QB,CIN,8,0,7,60.0,100.0,88,51.8,88,60.0,0,97.1,170,175,60.0,100.0,73,42.9,73
Jaylon Moore,43678,T,KC,13,0,16,54.7,100.0,41,24.1,41,62.9,0,100.0,170,170,70.7,100.0,101,59.4,101
Matthew Golden,156165,WR,GB,15,0,12,51.3,100.0,55,32.5,55,47.1,0,94.9,169,178,55.5,99.1,106,62.7,107
Brandon Coleman,123068,T,WAS,11,0,32,64.1,100.0,87,51.8,87,69.0,1,100.0,168,168,77.7,100.0,67,39.9,67
Andrew Wylie,12333,G,WAS,12,0,32,49.2,100.0,96,57.1,96,44.9,0,100.0,168,168,49.8,100.0,62,36.9,62
Kyle Williams,128374,WR,NE,21,0,19,71.8,100.0,88,52.4,88,71.4,1,98.8,168,170,58.8,100.0,40,23.8,40
Brock Bowers,146715,TE,LV,12,0,23,63.0,100.0,52,31.1,52,50.6,0,98.8,167,169,59.2,100.0,97,58.1,97
Pat Freiermuth,84085,TE,PIT,18,0,25,56.1,100.0,54,32.5,54,53.7,0,100.0,166,166,66.9,100.0,88,53.0,88
Lil'Jordan Humphrey,42247,WR,DEN,12,0,10,57.0,100.0,87,52.4,87,50.0,0,100.0,166,166,68.7,100.0,63,38.0,63
Tim Patrick,12087,WR,JAX,17,1,15,55.5,100.0,60,36.1,60,60.9,2,100.0,166,166,54.4,100.0,72,43.4,72
Luther Burden III,157170,WR,CHI,16,0,6,54.7,98.0,49,29.5,50,53.9,0,96.0,166,173,62.9,100.0,103,62.0,103
Malik Washington,97108,WR,MIA,17,0,17,68.9,96.7,59,35.8,61,43.9,0,92.2,165,179,55.2,96.1,99,60.0,103
Ryan Van Demark,55113,T,BUF,9,0,4,63.5,100.0,73,44.2,73,74.3,2,100.0,165,165,73.1,100.0,66,40.0,66
Olusegun Oluwatimi,98581,C,SEA,10,0,29,64.9,100.0,66,40.0,66,65.6,0,100.0,165,165,67.1,100.0,84,50.9,84
Mike Caliendo,41446,G,KC,12,0,16,56.2,100.0,47,28.7,47,63.8,0,100.0,164,164,66.6,100.0,97,59.1,97
Ben Brown,59869,G,NE,8,0,19,67.7,100.0,81,49.7,81,66.4,1,100.0,163,163,53.8,100.0,48,29.4,48
Tucker Fisk,52286,TE,LAC,11,0,27,59.8,100.0,85,53.1,85,56.2,0,100.0,160,160,45.2,100.0,56,35.0,56
Ian Thomas,42130,TE,LV,15,0,23,55.1,100.0,50,31.3,50,56.7,0,100.0,160,160,56.0,100.0,88,55.0,88
Demarcus Robinson,10760,WR,SF,16,0,28,67.4,100.0,40,25.2,40,68.9,0,99.4,159,160,63.2,100.0,97,61.0,97
Shedeur Sanders,131396,QB,CLV,8,0,8,60.0,100.0,44,27.7,44,60.1,0,97.5,159,163,60.0,98.9,94,59.1,95
Josh Simmons,88924,T,KC,8,0,16,58.9,100.0,48,30.2,48,48.1,0,100.0,159,159,45.4,100.0,98,61.6,98
Jack Conklin,10642,T,CLV,8,0,8,64.3,100.0,73,45.9,73,67.1,1,100.0,159,159,69.6,100.0,72,45.3,72
Jake Tonges,60864,TE,SF,17,0,28,67.9,100.0,30,19.0,30,74.3,1,100.0,158,158,68.2,100.0,91,57.6,91
Dontayvion Wicks,99711,WR,GB,14,1,12,59.5,100.0,64,41.0,64,51.3,1,100.0,156,156,54.1,100.0,83,53.2,83
Spencer Rattler,97408,QB,NO,8,0,20,61.1,84.8,56,36.1,66,60.8,0,89.1,155,174,60.0,97.8,91,58.7,93
Marvin Harrison Jr.,145056,WR,ARZ,12,0,1,58.8,100.0,102,66.2,102,59.8,0,100.0,154,154,63.5,100.0,44,28.6,44
Pat Bryant,144800,WR,DEN,16,0,10,60.8,100.0,70,45.5,70,39.8,0,99.4,154,155,61.8,100.0,68,44.2,68
Christian Kirk,47546,WR,HST,15,1,13,81.3,100.0,71,46.4,71,67.2,1,100.0,153,153,53.3,100.0,63,41.2,63
Brett Toth,46848,G,PHI,11,0,24,80.3,100.0,70,46.1,70,75.6,2,100.0,152,152,61.1,100.0,61,40.1,61
Troy Franklin,146567,WR,DEN,18,1,10,54.2,100.0,53,34.9,53,43.1,1,97.4,152,156,59.3,98.8,80,52.6,81
Foster Moreau,47043,TE,NO,11,0,20,48.6,100.0,44,28.9,44,50.0,0,100.0,152,152,58.6,100.0,91,59.9,91
Austin Schlottmann,30097,C,NYG,8,0,21,70.0,100.0,67,44.4,67,69.8,1,100.0,151,151,79.6,100.0,68,45.0,68
Elijah Arroyo,143933,TE,SEA,14,0,29,59.9,100.0,46,30.5,46,56.4,0,100.0,151,151,57.2,100.0,87,57.6,87
Elijah Higgins,98027,TE,ARZ,17,1,1,60.0,100.0,100,66.2,100,58.3,1,100.0,151,151,67.6,100.0,41,27.2,41
Nick Westbrook-Ikhine,47861,WR,MIA,15,0,17,60.8,100.0,61,40.7,61,63.8,0,100.0,150,150,62.0,100.0,83,55.3,83
Chris Manhertz,10211,TE,NYG,17,0,21,58.6,100.0,51,34.0,51,69.9,1,100.0,150,150,73.9,100.0,81,54.0,81
Terry McLaurin,48229,WR,WAS,10,0,32,57.1,100.0,75,50.3,75,54.8,0,100.0,149,149,58.8,100.0,65,43.6,65
Jalen Coker,143068,WR,CAR,12,0,5,60.7,100.0,51,34.2,51,56.0,1,100.0,149,149,56.0,100.0,90,60.4,90
Jarrett Patterson,81775,G,HST,8,0,13,60.3,100.0,80,53.7,80,55.4,0,100.0,149,149,48.3,100.0,52,34.9,52
Jalen Rivers,122221,G,CIN,10,0,7,55.0,100.0,50,33.8,50,34.8,1,100.0,148,148,30.0,100.0,76,51.4,76
Yosh Nijman,60822,T,CAR,8,0,5,72.2,100.0,59,40.4,59,82.7,0,100.0,146,146,78.8,100.0,77,52.7,77
Robbie Ouzts,146594,FB,SEA,13,0,29,54.0,100.0,43,29.5,43,56.6,1,100.0,146,146,60.4,100.0,85,58.2,85
Noah Fant,42388,TE,CIN,15,0,7,60.6,100.0,56,38.6,56,58.9,1,100.0,145,145,69.2,100.0,76,52.4,76
Asim Richards,99674,T,NO,8,0,20,38.3,100.0,38,26.4,38,43.9,0,100.0,144,144,51.5,100.0,92,63.9,92
Jackson Powers-Johnson,146550,G,LV,7,0,23,51.2,100.0,40,27.8,40,66.6,0,100.0,144,144,71.7,100.0,87,60.4,87
Brycen Tremayne,84425,WR,CAR,17,0,5,59.2,100.0,67,46.5,67,56.4,0,100.0,144,144,65.0,100.0,59,41.0,59
Josh Jones,26634,T,SEA,12,0,29,75.2,100.0,51,35.7,51,68.5,0,100.0,143,143,58.6,100.0,76,53.1,76
Kylen Granson,40630,TE,PHI,18,0,24,38.3,100.0,48,33.6,48,46.2,0,100.0,143,143,52.8,100.0,54,37.8,54
Zach Ertz,7816,TE,WAS,13,0,32,56.6,100.0,60,42.0,60,56.8,0,100.0,143,143,65.7,100.0,75,52.4,75
Austin Jackson,60816,T,MIA,6,0,17,53.8,100.0,49,34.3,49,62.8,0,100.0,143,143,69.2,100.0,82,57.3,82
T.J. Bass,131703,G,DAL,7,0,9,49.8,100.0,56,39.2,56,65.8,0,100.0,143,143,78.4,100.0,67,46.9,67
Keenan Allen,7857,WR,LAC,18,0,27,57.6,100.0,70,49.3,70,44.4,0,100.0,142,142,56.4,100.0,62,43.7,62
Darian Kinnard,51789,T,GB,14,0,12,60.6,100.0,61,43.0,61,72.1,0,100.0,142,142,76.0,100.0,72,50.7,72
Vederian Lowe,59741,T,NE,9,0,19,52.9,100.0,59,41.8,59,56.8,0,100.0,141,141,65.3,100.0,47,33.3,47
Jalen Travis,155412,T,IND,11,0,14,75.2,100.0,76,53.9,76,72.6,0,100.0,141,141,68.2,100.0,50,35.5,50
Garrett Wilson,97405,WR,NYJ,7,0,22,58.5,100.0,26,18.7,26,58.1,0,100.0,139,139,60.6,100.0,99,71.2,99
Isaiah Hodgins,52130,WR,NYG,7,1,21,51.8,100.0,55,39.6,55,43.7,1,100.0,139,139,60.4,100.0,82,59.0,82
Teven Jenkins,41534,G,CLV,15,0,8,76.2,100.0,51,37.0,51,79.1,0,100.0,138,138,86.8,100.0,60,43.5,60
Ryan Kelly,10652,C,MIN,8,0,18,86.2,100.0,57,41.3,57,82.6,0,100.0,138,138,70.0,100.0,66,47.8,66
Joshua Palmer,62979,WR,BUF,11,0,4,50.3,100.0,59,43.1,59,40.7,3,100.0,137,137,58.5,100.0,72,52.6,72
Nate Adkins,87625,TE,DEN,11,0,10,76.9,100.0,69,50.4,69,66.3,0,100.0,137,137,59.9,100.0,50,36.5,50
Dillon Gabriel,86272,QB,CLV,8,0,8,60.0,98.6,69,50.7,70,60.0,0,97.8,136,139,60.0,98.3,58,42.6,59
Jack Bech,146771,WR,LV,15,0,23,42.8,100.0,36,26.9,36,48.3,2,100.0,134,134,64.4,100.0,92,68.7,92
Chris Godwin,11839,WR,TB,9,0,30,65.2,100.0,62,46.3,62,54.3,0,100.0,134,134,67.8,100.0,65,48.5,65
Kalif Raymond,11028,WR,DET,13,0,11,67.2,100.0,49,36.8,49,65.3,1,98.5,133,135,48.7,100.0,79,59.4,79
Ja'Tavion Sanders,144717,TE,CAR,13,0,5,45.8,100.0,56,42.1,56,58.8,1,100.0,133,133,71.0,100.0,68,51.1,68
Brady Christensen,51985,G,CAR,5,0,5,69.5,100.0,64,48.1,64,69.9,0,100.0,133,133,66.5,100.0,58,43.6,58
Juice Scruggs,81800,G,HST,9,0,13,34.3,100.0,62,46.6,62,40.5,2,100.0,133,133,52.2,100.0,54,40.6,54
Michael Jurgens,77345,C,MIN,8,0,18,74.1,100.0,44,33.3,44,62.0,1,100.0,132,132,60.7,100.0,78,59.1,78
Dont'e Thornton Jr.,146547,WR,LV,15,0,23,57.8,100.0,32,24.4,32,45.9,0,100.0,131,131,56.7,100.0,82,62.6,82
Adam Prentice,35639,FB,DEN,18,0,10,42.2,100.0,77,59.2,77,44.5,0,92.2,130,141,57.2,96.3,26,20.0,27
Olisaemeka Udoh,28394,T,TEN,13,0,31,43.4,100.0,77,59.2,77,59.9,2,100.0,130,130,76.9,100.0,44,33.8,44
Jack Stoll,42058,TE,NO,15,0,20,43.5,100.0,51,39.2,51,53.5,0,100.0,130,130,57.2,100.0,61,46.9,61
Dyami Brown,77986,WR,JAX,14,0,15,42.8,100.0,50,38.5,50,45.1,1,95.6,130,136,58.6,98.6,69,53.1,70
Marquise Brown,61568,WR,KC,16,0,16,57.8,100.0,25,19.2,25,46.2,1,100.0,130,130,61.7,100.0,97,74.6,97
Calvin Austin III,61418,WR,PIT,14,0,25,58.9,100.0,49,37.7,49,54.3,0,100.0,130,130,75.3,100.0,79,60.8,79
Mitchell Tinsley,123470,WR,CIN,17,0,7,55.1,100.0,66,51.2,66,52.2,1,100.0,129,129,68.8,100.0,48,37.2,48
Alec Anderson,81882,G,BUF,15,0,4,73.8,100.0,46,35.7,46,82.9,0,100.0,129,129,83.3,100.0,49,38.0,49
Will Hernandez,46180,G,ARZ,7,0,1,46.5,100.0,90,70.3,90,47.1,0,100.0,128,128,62.2,100.0,28,21.9,28
Andrew Ogletree,138351,TE,IND,15,0,14,49.3,100.0,66,51.6,66,52.0,0,100.0,128,128,58.8,100.0,41,32.0,41
Isaac TeSlaa,172430,WR,DET,16,0,11,82.5,100.0,51,40.5,51,52.3,0,100.0,126,126,55.3,100.0,71,56.3,71
Adam Thielen,8288,WR,PIT,15,0,25,46.9,100.0,38,30.2,38,30.4,0,100.0,126,126,52.7,100.0,85,67.5,85
Jaylin Lane,121811,WR,WAS,15,1,32,74.4,100.0,70,56.0,70,54.0,1,99.2,125,126,58.7,100.0,43,34.4,43
Treylon Burks,99218,WR,WAS,8,0,32,56.7,100.0,64,51.6,64,44.8,0,100.0,124,124,59.7,100.0,54,43.5,54
Rashee Rice,97605,WR,KC,8,0,16,53.0,95.0,38,30.9,40,65.4,1,96.9,123,127,65.0,98.7,78,63.4,79
Nathan Thomas,98390,T,DAL,9,0,9,70.4,100.0,44,35.8,44,52.9,0,100.0,123,123,43.9,100.0,60,48.8,60
Cedrick Wilson Jr.,48170,WR,MIA,10,0,17,81.9,100.0,46,37.4,46,62.2,0,100.0,123,123,72.0,100.0,72,58.5,72
Dylan Cook,91689,T,PIT,6,0,25,70.1,100.0,36,29.5,36,70.4,0,100.0,122,122,68.9,100.0,77,63.1,77
Quintin Morris,61182,TE,JAX,13,0,15,60.4,100.0,47,38.5,47,55.0,0,100.0,122,122,58.5,100.0,49,40.2,49
Isaiah Bond,163586,WR,CLV,16,1,8,59.7,100.0,53,43.4,53,49.3,1,96.1,122,127,56.1,100.0,65,53.3,65
Blake Whiteheart,77881,TE,CLV,16,0,8,58.9,100.0,59,48.8,59,59.0,1,100.0,121,121,60.6,100.0,51,42.1,51
Kayode Awosika,44909,G,DET,8,0,11,59.6,100.0,45,37.8,45,60.5,0,100.0,119,119,65.1,100.0,66,55.5,66
Joe Alt,147481,T,LAC,6,0,27,53.7,100.0,55,46.6,55,70.8,0,100.0,118,118,79.6,100.0,49,41.5,49
Jayden Daniels,97993,QB,WAS,7,0,32,60.1,86.8,79,66.9,91,60.1,0,84.9,118,139,60.0,92.5,37,31.4,40
DeAndre Hopkins,7808,WR,BLT,17,0,3,57.3,100.0,36,30.5,36,48.8,0,100.0,118,118,67.1,100.0,69,58.5,69
Cody White,61448,WR,SEA,9,0,29,74.7,100.0,39,33.1,39,52.0,0,100.0,118,118,52.3,100.0,60,50.8,60
Darius Cooper,136866,WR,PHI,14,0,24,56.2,100.0,46,39.3,46,49.6,0,100.0,117,117,77.4,100.0,47,40.2,47
Arian Smith,124039,WR,NYJ,15,0,22,55.7,100.0,24,20.7,24,54.2,1,96.7,116,120,58.8,100.0,75,64.7,75
Tyler Johnson,48054,WR,NYJ,12,0,22,50.5,100.0,25,21.6,25,55.9,0,100.0,116,116,61.4,100.0,79,68.1,79
Daniel Brunskill,34807,G,MIA,11,1,17,64.4,100.0,42,36.5,42,62.2,1,100.0,115,115,64.0,100.0,66,57.4,66
Nick Kallerup,101679,TE,SEA,11,0,29,55.4,100.0,42,36.5,42,65.6,2,100.0,115,115,69.0,100.0,63,54.8,63
Marcus Mbow,145113,T,NYG,9,0,21,53.6,100.0,44,38.3,44,62.4,1,100.0,115,115,74.0,100.0,59,51.3,59
Teagan Quitoriano,84036,TE,ATL,15,0,2,55.5,100.0,31,28.2,31,52.6,0,100.0,110,110,52.7,100.0,65,59.1,65
Dan Skipper,12307,T,DET,11,0,11,48.4,100.0,45,41.3,45,47.5,2,100.0,109,109,46.6,100.0,57,52.3,57
Sterling Shepard,10674,WR,TB,13,0,30,62.5,100.0,54,49.5,54,38.0,0,96.5,109,113,56.9,100.0,47,43.1,47
Mason Tipton,109617,WR,NO,12,0,20,59.2,100.0,28,26.2,28,68.9,0,96.4,107,111,64.7,100.0,71,66.4,71
Hunter Luepke,91319,FB,DAL,17,0,9,30.9,95.3,41,38.7,43,45.4,0,86.9,106,122,60.6,81.6,40,37.7,49
Gabe Davis,55410,WR,BUF,7,0,4,89.0,100.0,47,44.3,47,79.0,0,100.0,106,106,57.1,100.0,50,47.2,50
Isaiah Williams,97156,WR,NYJ,10,0,22,81.3,96.0,24,22.9,25,57.5,0,97.2,105,108,67.2,100.0,73,69.5,73
Harrison Bryant,26394,TE,HST,13,0,13,60.9,100.0,51,48.6,51,59.7,0,100.0,105,105,58.2,100.0,32,30.5,32
Caleb Rogers,123157,G,LV,6,0,23,69.0,100.0,29,27.6,29,59.6,0,100.0,105,105,56.5,100.0,69,65.7,69
Jon Gaines II,81879,G,ARZ,13,0,1,58.7,100.0,64,61.0,64,66.6,1,100.0,105,105,72.9,100.0,35,33.3,35
Marquez Valdes-Scantling,47809,WR,PIT,10,0,25,50.6,100.0,31,29.5,31,32.1,0,100.0,105,105,62.9,100.0,67,63.8,67
Mike Evans,8642,WR,TB,8,0,30,60.9,100.0,50,47.6,50,37.9,0,100.0,105,105,66.2,100.0,52,49.5,52
Brady Cook,124199,QB,NYJ,5,0,22,60.0,96.6,28,26.9,29,60.0,0,93.7,104,111,60.0,100.0,67,64.4,67
Malik Heath,124173,WR,ATL,11,0,2,53.5,100.0,46,44.2,46,67.4,0,100.0,104,104,57.7,100.0,45,43.3,45
Luke Wypler,129764,C,CLV,10,0,8,51.8,100.0,41,39.4,41,46.0,2,100.0,104,104,59.6,100.0,49,47.1,49
Thayer Munford Jr.,59994,T,NE,8,0,19,63.3,100.0,52,50.5,52,61.7,0,100.0,103,103,58.8,100.0,41,39.8,41
Ben Skowronek,27948,WR,PIT,16,0,25,87.2,100.0,31,30.1,31,79.4,0,100.0,103,103,71.0,100.0,52,50.5,52
Tyler Lockett,9502,WR,LV,16,0,23,56.3,100.0,28,27.5,28,41.4,0,100.0,102,102,67.4,100.0,63,61.8,63
Davis Mills,52269,QB,HST,6,0,13,60.0,100.0,62,61.4,62,60.0,0,93.5,101,108,60.0,97.0,32,31.7,33
Ben Bartch,84236,G,SF,6,0,28,68.4,100.0,27,27.0,27,69.7,0,100.0,100,100,65.3,100.0,60,60.0,60
Malachi Corley,66272,WR,CLV,13,0,8,74.7,97.1,34,34.0,35,61.0,0,89.3,100,112,56.1,100.0,57,57.0,57
Hunter Long,60859,TE,JAX,8,0,15,69.5,100.0,37,37.0,37,64.9,1,100.0,100,100,85.4,100.0,41,41.0,41
Nick Allegretti,39268,G,WAS,7,0,32,60.8,100.0,52,52.0,52,45.1,0,100.0,100,100,41.9,100.0,37,37.0,37
Luke Haggard,129442,G,TB,6,0,30,59.2,100.0,59,59.6,59,51.9,0,100.0,99,99,55.9,100.0,34,34.3,34
Cornelius Lucas,9025,T,CLV,7,0,8,54.5,100.0,56,56.6,56,54.5,0,100.0,99,99,62.3,100.0,32,32.3,32
Trent Sherfield,48021,WR,ARZ,12,0,1,62.5,100.0,49,49.5,49,32.8,0,100.0,99,99,56.7,100.0,34,34.3,34
Josh Reynolds,11872,WR,NYJ,5,0,22,68.3,100.0,25,25.3,25,50.8,0,100.0,99,99,58.6,100.0,65,65.7,65
Jake Bobo,77997,WR,SEA,14,0,29,73.7,100.0,41,41.8,41,51.4,0,100.0,98,98,65.9,100.0,45,45.9,45
Laken Tomlinson,9461,G,HST,7,0,13,58.3,100.0,50,51.0,50,57.1,0,100.0,98,98,58.4,100.0,34,34.7,34
Kolton Miller,47013,T,LV,4,0,23,46.9,100.0,23,23.5,23,75.8,0,100.0,98,98,84.9,100.0,63,64.3,63
Marvin Mims Jr.,122937,WR,DEN,17,0,10,58.7,92.3,36,37.5,39,52.0,0,90.6,96,106,65.1,100.0,45,46.9,45
KaVontae Turpin,47658,WR,DAL,15,0,9,58.3,88.6,31,32.3,35,48.9,0,85.0,96,113,58.4,96.8,60,62.5,62
Dalton Kincaid,91791,TE,BUF,14,0,4,60.5,100.0,26,27.1,26,70.2,2,100.0,96,96,71.9,100.0,49,51.0,49
Devontez Walker,145773,WR,BLT,10,0,3,54.8,100.0,30,31.3,30,63.0,0,100.0,96,96,60.1,100.0,48,50.0,48
Kyler Murray,38334,QB,ARZ,5,0,1,60.0,92.3,72,75.8,78,60.0,0,88.8,95,107,60.0,88.0,22,23.2,25
David Martin-Robinson,77892,TE,TEN,15,0,31,60.8,100.0,58,61.1,58,62.9,0,100.0,95,95,64.8,100.0,29,30.5,29
Tyler Huntley,46448,QB,BLT,5,0,3,60.0,97.1,34,36.2,35,60.3,0,83.9,94,112,60.3,93.4,57,60.6,61
Josh Fryar,129746,T,ARZ,9,0,1,61.2,100.0,63,67.0,63,56.7,1,100.0,94,94,59.0,100.0,26,27.7,26
Tyquan Thornton,78092,WR,KC,13,0,16,60.6,100.0,28,30.1,28,35.9,1,100.0,93,93,58.8,100.0,58,62.4,58
Josh Whyle,54037,TE,GB,9,0,12,61.9,100.0,26,28.3,26,53.2,1,100.0,92,92,50.9,100.0,57,62.0,57
Tylan Wallace,61577,WR,BLT,14,0,3,47.0,100.0,26,28.6,26,39.2,0,100.0,91,91,55.2,100.0,46,50.5,46
Roman Wilson,129604,WR,PIT,13,0,25,56.2,100.0,37,41.6,37,64.8,0,100.0,89,89,72.5,100.0,49,55.1,49
Esa Pole,174220,T,KC,5,0,16,48.0,100.0,27,30.3,27,56.8,0,100.0,89,89,63.7,100.0,57,64.0,57
Greg Dulcich,84068,TE,MIA,10,0,17,76.1,100.0,35,39.3,35,57.4,0,100.0,89,89,52.0,100.0,42,47.2,42
Ryan Miller,78734,WR,NYG,11,0,21,40.7,100.0,61,69.3,61,64.0,1,100.0,88,88,59.3,100.0,24,27.3,24
Jaylin Noel,125155,WR,HST,19,0,13,56.4,96.7,29,33.0,30,47.0,0,92.6,88,95,54.7,100.0,43,48.9,43
Carson Wentz,10636,QB,MIN,5,0,18,60.3,100.0,26,29.9,26,60.3,0,98.9,87,88,60.0,100.0,58,66.7,58
Matt Hennessy,41141,C,SF,7,0,28,50.2,100.0,29,33.3,29,71.8,0,100.0,87,87,90.7,100.0,37,42.5,37
Brenden Bates,53746,TE,CLV,8,0,8,49.0,100.0,29,33.3,29,50.8,0,100.0,87,87,49.2,100.0,39,44.8,39
Robert Tonyan,12193,TE,KC,15,0,16,55.4,100.0,12,14.0,12,69.5,0,100.0,86,86,75.8,100.0,56,65.1,56
Jonah Monheim,86461,C,JAX,11,0,15,62.1,100.0,28,32.6,28,56.6,0,100.0,86,86,52.9,100.0,34,39.5,34
Xavier Smith,102585,WR,LA,15,0,26,67.2,100.0,38,44.7,38,63.3,1,100.0,85,85,47.2,100.0,23,27.1,23
C.J. Ham,11347,FB,MIN,11,0,18,52.0,97.0,32,37.6,33,57.1,0,96.6,85,88,54.3,100.0,38,44.7,38
Travis Hunter,160766,WR,JAX,7,0,15,70.0,100.0,27,32.1,27,57.9,0,98.8,84,85,53.2,100.0,47,56.0,47
Corey Levin,11972,C,TEN,13,0,31,63.3,100.0,44,52.4,44,69.0,0,100.0,84,84,68.1,100.0,36,42.9,36
Jake Curhan,38549,G,CAR,7,0,5,51.5,100.0,35,42.2,35,61.6,0,100.0,83,83,69.3,100.0,43,51.8,43
Will Dissly,30762,TE,LAC,10,0,27,60.7,100.0,31,37.3,31,64.1,1,100.0,83,83,62.1,100.0,38,45.8,38
Kevin Austin Jr.,84345,WR,NO,8,0,20,75.9,100.0,35,43.2,35,70.9,0,100.0,81,81,69.7,100.0,39,48.1,39
Zay Jones,11792,WR,ARZ,8,0,1,67.8,100.0,62,77.5,62,67.5,0,100.0,80,80,62.3,100.0,15,18.8,15
Efton Chism III,141521,WR,NE,10,0,19,59.7,100.0,34,42.5,34,63.1,0,100.0,80,80,53.8,100.0,23,28.8,23
Max Brosmer,105568,QB,MIN,7,0,18,60.0,100.0,31,38.8,31,60.3,0,94.1,80,85,60.3,100.0,48,60.0,48
Ashton Dulin,91479,WR,IND,11,0,14,48.5,100.0,41,51.3,41,41.6,0,96.4,80,83,58.2,100.0,30,37.5,30
Trystan Colon,41117,G,DET,7,0,11,34.2,100.0,32,40.0,32,51.1,0,100.0,80,80,62.1,100.0,42,52.5,42
Zaire Mitchell-Paden,145197,TE,NO,8,0,20,35.8,100.0,29,36.3,29,41.6,0,100.0,80,80,53.1,100.0,40,50.0,40
Calvin Ridley,48262,WR,TEN,6,0,31,59.3,100.0,36,45.6,36,66.4,0,100.0,79,79,71.6,100.0,39,49.4,39
Evan Engram,11778,TE,DEN,17,0,10,53.7,100.0,29,37.2,29,48.1,0,98.7,78,79,59.3,100.0,34,43.6,34
Allen Lazard,48135,WR,NYJ,9,0,22,47.6,100.0,32,41.6,32,38.0,0,100.0,77,77,66.1,100.0,42,54.5,42
Chandler Zavala,144009,G,CAR,6,0,5,61.2,100.0,37,48.1,37,54.7,1,100.0,77,77,49.7,100.0,34,44.2,34
Benjamin Yurosek,131786,TE,MIN,12,0,18,69.0,100.0,34,44.2,34,62.6,0,100.0,77,77,53.7,100.0,34,44.2,34
Kyle Hinton,83163,G,ATL,5,0,2,48.0,100.0,13,16.9,13,50.1,0,100.0,77,77,59.8,100.0,61,79.2,61
Tory Horton,128232,WR,SEA,8,0,29,53.8,100.0,19,25.0,19,74.2,0,100.0,76,76,61.8,100.0,55,72.4,55
Andrew Beck,47121,FB,NYJ,17,0,22,48.0,100.0,14,18.7,14,57.7,0,98.7,75,76,64.8,100.0,47,62.7,47
Quinn Ewers,127253,QB,MIA,4,0,17,60.0,100.0,25,33.3,25,60.0,0,94.9,75,79,60.0,100.0,44,58.7,44
Alex Forsyth,60012,C,DEN,6,0,10,51.2,100.0,28,37.3,28,62.0,1,100.0,75,75,72.6,100.0,28,37.3,28
Foster Sarell,52272,G,LAC,4,0,27,50.3,100.0,39,52.7,39,46.7,0,100.0,74,74,47.6,100.0,29,39.2,29
Ross Dwelley,20994,TE,DET,10,0,11,55.8,100.0,24,32.4,24,47.0,0,100.0,74,74,50.1,100.0,36,48.6,36
Braxton Jones,60092,T,CHI,4,0,6,44.7,100.0,22,29.7,22,47.2,0,100.0,74,74,55.3,100.0,42,56.8,42
Jameis Winston,9434,QB,NYG,3,0,21,60.2,100.0,27,37.0,27,60.3,0,92.4,73,79,60.0,95.7,45,61.6,47
Casey Washington,101710,WR,ATL,7,0,2,57.3,100.0,19,26.4,19,65.9,0,100.0,72,72,68.2,100.0,48,66.7,48
Wyatt Milum,144785,G,JAX,9,0,15,72.7,100.0,29,40.3,29,70.9,0,100.0,72,72,64.4,100.0,25,34.7,25
Tyler Conklin,47124,TE,LAC,9,0,27,38.7,100.0,25,35.2,25,46.8,0,98.6,71,72,55.8,100.0,31,43.7,31
Malik Nabers,146759,WR,NYG,4,0,21,58.6,100.0,18,25.4,18,60.1,0,100.0,71,71,61.3,100.0,47,66.2,47
Torricelli Simpkins III,150473,G,NO,3,0,20,64.3,100.0,29,40.8,29,59.6,0,100.0,71,71,62.5,100.0,35,49.3,35
Elijah Moore,84302,WR,DEN,10,0,10,59.9,100.0,20,28.6,20,73.2,0,90.9,70,77,59.0,100.0,43,61.4,43
Ray-Ray McCloud III,47895,WR,NYG,6,0,21,61.4,100.0,25,35.7,25,33.2,0,100.0,70,70,59.7,100.0,38,54.3,38
Cameron Latu,82647,TE,PHI,16,0,24,41.2,100.0,27,39.1,27,79.4,0,100.0,69,69,83.4,100.0,33,47.8,33
Philip Rivers,1725,QB,IND,3,0,14,60.0,100.0,43,62.3,43,60.0,0,97.2,69,71,60.0,95.7,22,31.9,23
Jamari Thrash,97399,WR,CLV,9,0,8,46.7,100.0,34,49.3,34,51.3,0,100.0,69,69,60.6,100.0,29,42.0,29
Andrus Peat,9446,T,PIT,6,0,25,47.0,100.0,16,23.5,16,52.8,0,100.0,68,68,62.7,100.0,42,61.8,42
Tyrod Taylor,6332,QB,NYJ,6,0,22,60.0,100.0,21,30.9,21,60.0,0,93.2,68,73,60.0,95.7,44,64.7,46
Chuma Edoga,46232,T,JAX,11,0,15,50.5,100.0,30,44.8,30,43.9,0,100.0,67,67,44.2,100.0,25,37.3,25
Curtis Samuel,11795,WR,BUF,7,0,4,53.4,100.0,36,53.7,36,64.6,1,98.5,67,68,69.5,100.0,26,38.8,26
Anthony Firkser,51837,TE,DET,6,0,11,40.5,100.0,19,28.8,19,47.0,0,100.0,66,66,53.5,100.0,42,63.6,42
Dalton Tucker,81717,G,IND,7,0,14,62.8,100.0,25,38.5,25,51.4,1,100.0,65,65,43.8,100.0,26,40.0,26
Marcedes Lewis,2973,TE,DEN,5,0,10,54.4,100.0,43,67.2,43,57.9,0,100.0,64,64,62.5,100.0,12,18.8,12
Trent Scott,24481,T,WAS,8,0,32,61.7,100.0,46,71.9,46,61.4,0,100.0,64,64,60.3,100.0,15,23.4,15
Joe Noteboom,46249,T,BLT,7,0,3,40.8,100.0,20,31.7,20,68.2,0,100.0,63,63,87.1,100.0,29,46.0,29
Josh Johnson,4474,QB,WAS,5,0,32,60.2,96.3,26,41.9,27,60.3,0,93.9,62,66,60.0,97.1,33,53.2,34
Jakob Johnson,32565,FB,HST,7,0,13,63.5,100.0,27,43.5,27,62.1,0,100.0,62,62,60.8,100.0,25,40.3,25
Russell Wilson,7077,QB,NYG,5,0,21,60.0,92.3,12,19.4,13,60.0,0,91.2,62,68,60.0,98.0,48,77.4,49
Xavier Weaver,101130,WR,ARZ,9,0,1,57.2,100.0,33,54.1,33,45.5,0,100.0,61,61,56.8,100.0,25,41.0,25
Shane Zylstra,143786,TE,DET,5,0,11,50.7,100.0,29,47.5,29,41.0,0,100.0,61,61,40.3,100.0,28,45.9,28
Will Sherman,59662,G,NO,6,0,20,38.6,100.0,21,34.4,21,42.7,0,100.0,61,61,51.4,100.0,33,54.1,33
Danny Pinter,47339,C,IND,6,0,14,60.0,100.0,34,55.7,34,53.9,0,100.0,61,61,49.5,100.0,16,26.2,16
Darren Waller,9637,TE,MIA,9,0,17,60.2,100.0,26,42.6,26,36.8,0,98.4,61,62,48.8,100.0,30,49.2,30
Sedrick Van Pran-Granger,124042,C,BUF,4,0,4,66.1,100.0,21,35.0,21,53.7,1,100.0,60,60,51.7,100.0,24,40.0,24
Taysom Hill,12112,TE,NO,13,0,20,57.7,34.1,14,23.3,41,59.2,0,53.6,60,112,60.8,69.6,39,65.0,56
Atonio Mafi,82449,G,LV,3,0,23,76.7,100.0,15,25.0,15,55.1,0,100.0,60,60,44.9,100.0,40,66.7,40
Kameron Johnson,165866,WR,TB,13,0,30,54.4,97.1,34,57.6,35,55.6,0,96.7,59,61,58.8,100.0,17,28.8,17
Greg Dortch,42237,WR,ARZ,12,0,1,55.7,83.3,30,51.7,36,45.6,0,87.9,58,66,62.4,100.0,25,43.1,25
Jimmy Horn Jr.,144483,WR,CAR,13,0,5,60.3,100.0,14,24.1,14,58.1,0,89.2,58,65,58.0,100.0,42,72.4,42
Jayden Reed,78171,WR,GB,8,0,12,52.5,100.0,13,22.8,13,49.9,0,93.4,57,61,54.2,100.0,42,73.7,42
Colson Yankoff,83589,TE,WAS,12,0,32,61.2,100.0,36,63.2,36,47.0,0,100.0,57,57,60.0,100.0,13,22.8,13
Chukwuebuka Godrick,169778,T,KC,4,0,16,63.9,100.0,13,22.8,13,54.0,0,100.0,57,57,52.3,100.0,41,71.9,41
Matt Pryor,46647,T,PHI,10,0,24,66.2,100.0,24,42.9,24,72.8,0,100.0,56,56,74.9,100.0,24,42.9,24
Austen Pleasants,37066,T,SF,6,0,28,41.9,100.0,6,10.7,6,58.0,0,100.0,56,56,66.4,100.0,38,67.9,38
Luke McCaffrey,101634,WR,WAS,8,0,32,55.3,100.0,25,45.5,25,57.7,0,100.0,55,55,61.6,100.0,22,40.0,22
Travis Etienne Jr.,57185,HB,JAX,18,0,15,72.7,6.0,8,14.5,134,64.3,0,16.8,55,328,59.0,7.4,11,20.0,148
Jake Browning,46401,QB,CIN,4,0,7,60.0,100.0,21,38.2,21,60.0,0,88.7,55,62,60.0,100.0,31,56.4,31
Scott Miller,47481,WR,PIT,14,0,25,55.2,100.0,17,31.5,17,30.2,0,100.0,54,54,54.9,100.0,36,66.7,36
Cooper Rush,12324,QB,BLT,4,0,3,60.0,100.0,23,42.6,23,60.2,0,93.1,54,58,60.0,100.0,25,46.3,25
Ben Chukwuma,123850,T,TB,5,0,30,54.5,100.0,22,40.7,22,65.1,0,100.0,54,54,85.1,100.0,30,55.6,30
Robert Hunt,46139,G,CAR,3,0,5,71.6,100.0,15,27.8,15,62.7,0,100.0,54,54,60.3,100.0,34,63.0,34
Brady Russell,60876,FB,SEA,12,0,29,48.3,100.0,12,22.6,12,51.2,0,100.0,53,53,51.0,100.0,25,47.2,25
Jalin Hyatt,124282,WR,NYG,7,0,21,61.8,100.0,23,43.4,23,43.7,0,100.0,53,53,53.8,100.0,28,52.8,28
Mike Gesicki,47153,TE,CIN,12,0,7,76.6,100.0,24,45.3,24,51.0,0,100.0,53,53,58.9,100.0,25,47.2,25
James Proche II,48037,WR,TEN,9,1,31,59.2,100.0,16,30.8,16,52.0,1,100.0,52,52,52.3,100.0,35,67.3,35
Max Mitchell,81707,T,NYJ,14,0,22,84.1,100.0,21,40.4,21,78.9,0,100.0,52,52,64.2,100.0,28,53.8,28
Mitch Trubisky,11757,QB,BUF,4,0,4,60.1,100.0,20,38.5,20,60.3,0,88.1,52,59,60.0,100.0,27,51.9,27
Mason Rudolph,46569,QB,PIT,6,0,25,60.2,100.0,19,36.5,19,60.5,0,89.7,52,58,60.0,100.0,28,53.8,28
Jalen McMillan,131905,WR,TB,4,0,30,54.9,100.0,21,41.2,21,50.5,0,98.1,51,52,66.6,100.0,29,56.9,29
Connor Heyward,57301,TE,PIT,16,0,25,53.6,100.0,13,25.5,13,55.3,0,78.5,51,65,66.0,96.3,26,51.0,27
Moliki Matavao,146561,TE,NO,6,0,20,61.0,100.0,22,43.1,22,49.9,0,100.0,51,51,43.6,100.0,27,52.9,27
Saquon Barkley,45791,HB,PHI,17,0,24,57.8,6.1,7,14.0,114,31.6,0,13.9,50,360,60.6,3.5,7,14.0,200
Rhamondre Stevenson,98689,HB,NE,18,0,19,56.6,2.6,3,6.0,115,72.0,0,20.8,50,240,58.5,8.1,6,12.0,74
Tip Reiman,129423,TE,ARZ,4,0,1,59.8,100.0,40,80.0,40,56.8,0,100.0,50,50,51.5,100.0,10,20.0,10
Frank Crum,75860,T,DEN,11,0,10,55.3,100.0,27,55.1,27,65.8,0,100.0,49,49,78.5,100.0,9,18.4,9
Gage Larvadain,150169,WR,CLV,8,1,8,52.4,100.0,26,53.1,26,49.8,1,100.0,49,49,60.7,100.0,17,34.7,17
Tanner Conner,22777,TE,NYG,8,0,21,65.5,100.0,21,42.9,21,51.8,0,100.0,49,49,58.3,100.0,24,49.0,24
Demario Douglas,104155,WR,NE,19,0,19,50.7,100.0,28,57.1,28,52.1,0,87.5,49,56,62.1,100.0,11,22.4,11
Jalen Royals,163442,WR,KC,7,0,16,58.5,100.0,7,14.6,7,41.5,0,100.0,48,48,52.0,100.0,32,66.7,32
Cody Mauch,66637,G,TB,2,0,30,59.9,100.0,35,72.9,35,59.0,0,100.0,48,48,57.5,100.0,10,20.8,10
Hunter Nourzad,91674,G,KC,9,0,16,43.0,100.0,9,18.8,9,58.1,0,100.0,48,48,66.2,100.0,32,66.7,32
Riley Leonard,143862,QB,IND,4,0,14,60.0,100.0,23,48.9,23,60.0,0,92.2,47,51,60.0,92.3,24,51.1,26
Dareke Young,111900,WR,SEA,10,0,29,59.0,100.0,10,21.3,10,68.0,0,100.0,47,47,71.8,100.0,30,63.8,30
Hunter Renfrow,47509,WR,CAR,6,0,5,58.4,100.0,14,31.1,14,55.2,0,100.0,45,45,55.1,100.0,29,64.4,29
Kingsley Eguakun,98248,C,CLV,3,0,8,52.8,100.0,16,35.6,16,43.2,0,100.0,45,45,40.3,100.0,26,57.8,26
Breece Hall,97636,HB,NYJ,16,0,22,58.2,7.5,6,13.6,80,68.2,0,15.1,44,291,72.8,8.7,16,36.4,184
KeAndre Lambert-Smith,129789,WR,LAC,9,0,27,62.0,100.0,17,38.6,17,62.0,0,100.0,44,44,60.6,100.0,19,43.2,19
Dawand Jones,101550,T,CLV,3,0,8,34.9,100.0,24,54.5,24,30.6,0,100.0,44,44,37.4,100.0,16,36.4,16
Giovanni Ricci,13756,TE,DET,3,0,11,51.6,100.0,18,41.9,18,54.9,1,100.0,43,43,60.5,100.0,23,53.5,23
Elijah Klein,81912,G,TB,3,0,30,32.7,100.0,18,41.9,18,29.9,2,100.0,43,43,43.6,100.0,23,53.5,23
British Brooks,77714,FB,HST,13,0,13,60.9,65.0,13,30.2,20,59.8,0,71.7,43,60,58.6,66.7,12,27.9,18
Andy Dalton,6187,QB,CAR,4,0,5,60.2,100.0,22,51.2,22,60.3,0,91.5,43,47,60.0,100.0,21,48.8,21
Skyy Moore,97116,WR,SF,15,0,28,43.5,100.0,7,16.3,7,62.6,0,93.5,43,46,72.2,100.0,31,72.1,31
Tylan Grable,109425,T,BUF,1,0,4,65.5,100.0,17,40.5,17,62.7,0,100.0,42,42,59.5,100.0,16,38.1,16
Tyreek Hill,10799,WR,MIA,4,0,17,57.6,100.0,13,31.0,13,67.3,0,100.0,42,42,57.9,100.0,27,64.3,27
Ben Sims,77918,TE,MIN,9,0,18,51.0,100.0,14,33.3,14,40.5,0,100.0,42,42,46.6,100.0,16,38.1,16
Giovanni Manu,183106,T,DET,3,0,11,50.4,100.0,14,34.1,14,55.8,0,100.0,41,41,60.1,100.0,21,51.2,21
Keleki Latu,146291,TE,BUF,5,0,4,60.4,100.0,11,26.8,11,79.8,0,100.0,41,41,71.8,100.0,21,51.2,21
Kion Smith,136103,G,MIA,5,0,17,44.8,100.0,15,36.6,15,29.8,0,100.0,41,41,34.2,100.0,24,58.5,24
Nick Vannett,10728,TE,LA,6,0,26,62.9,100.0,17,41.5,17,66.5,0,100.0,41,41,68.2,100.0,10,24.4,10
Dylan Drummond,78187,WR,ATL,7,0,2,60.7,100.0,9,22.5,9,39.7,1,100.0,40,40,51.6,100.0,26,65.0,26
Austin Trammell,52195,WR,JAX,6,0,15,56.6,100.0,16,40.0,16,71.4,0,100.0,40,40,60.0,100.0,11,27.5,11
Drew Kendall,143829,C,PHI,4,0,24,60.5,100.0,16,41.0,16,56.4,0,100.0,39,39,54.4,100.0,16,41.0,16
D.J. Humphries,9457,T,LA,4,0,26,43.0,100.0,17,43.6,17,36.7,0,100.0,39,39,38.5,100.0,10,25.6,10
Derrick Henry,10679,HB,BLT,17,0,3,57.3,5.8,7,17.9,120,56.4,0,11.2,39,348,59.6,6.3,13,33.3,206
Chris Brooks,83644,HB,GB,17,0,12,57.1,55.0,11,28.2,20,86.8,0,60.0,39,65,81.4,45.2,14,35.9,31
Gunner Olszewski,95015,WR,NYG,5,0,21,49.9,100.0,15,38.5,15,50.8,0,100.0,39,39,75.8,100.0,24,61.5,24
De'Von Achane,124305,HB,MIA,16,0,17,58.9,14.0,13,33.3,93,57.6,0,14.6,39,268,58.4,7.5,12,30.8,159
Bo Melton,61610,WR,GB,11,0,12,59.0,90.9,10,26.3,11,77.0,0,88.4,38,43,69.8,100.0,26,68.4,26
Will Putnam,99655,C,LV,6,0,23,66.3,100.0,16,42.1,16,37.6,0,100.0,38,38,40.2,100.0,15,39.5,15
David Moore,11981,WR,CAR,4,0,5,54.7,100.0,11,28.9,11,54.5,0,97.4,38,39,59.3,100.0,20,52.6,20
Chris Oladokun,40364,QB,KC,3,0,16,60.0,100.0,8,21.6,8,60.0,0,97.4,37,38,60.0,96.4,27,73.0,28
Jonathan Mingo,97774,WR,DAL,6,0,9,60.2,100.0,13,35.1,13,64.9,0,100.0,37,37,89.9,100.0,20,54.1,20
James Cook,83666,HB,BUF,19,0,4,57.6,2.2,4,10.8,179,54.2,0,9.5,37,391,60.0,0.6,1,2.7,180
Savion Williams,123101,WR,GB,11,0,12,58.4,70.6,12,32.4,17,56.9,0,78.7,37,47,56.3,84.2,16,43.2,19
Wanya Morris,98247,T,KC,6,0,16,70.6,100.0,3,8.3,3,83.2,2,100.0,36,36,81.5,100.0,26,72.2,26
Hakeem Adeniji,45419,G,DAL,6,0,9,62.6,100.0,13,36.1,13,56.1,0,100.0,36,36,52.1,100.0,16,44.4,16
Jelani Woods,60509,TE,NYJ,4,0,22,47.3,100.0,16,44.4,16,48.7,0,100.0,36,36,55.0,100.0,16,44.4,16
Aaron Stinnie,28653,G,NYG,6,0,21,58.1,100.0,8,22.2,8,68.5,1,100.0,36,36,70.6,100.0,25,69.4,25
James Mitchell,77885,TE,CAR,6,0,5,63.0,100.0,15,41.7,15,68.1,0,100.0,36,36,69.9,100.0,15,41.7,15
Jacob Monk,98058,C,GB,2,0,12,67.4,100.0,5,14.3,5,74.7,0,100.0,35,35,72.6,100.0,29,82.9,29
Jacory Croskey-Merritt,102382,HB,WAS,17,0,32,54.3,17.6,22,62.9,125,50.1,0,16.2,35,216,50.9,7.1,6,17.1,84
Malik Willis,60341,QB,GB,4,0,12,60.0,100.0,14,40.0,14,60.0,0,72.9,35,48,60.0,79.2,19,54.3,24
Jordan McFadden,77578,G,CHI,2,0,6,52.1,100.0,11,31.4,11,58.0,0,100.0,35,35,62.8,100.0,21,60.0,21
Christian McCaffrey,11763,HB,SF,19,0,28,59.3,2.2,2,5.7,92,51.9,0,9.4,35,372,60.0,1.7,4,11.4,240
Ray Davis,101072,HB,BUF,16,0,4,60.0,3.3,1,2.9,30,60.3,0,36.5,35,96,60.0,6.3,2,5.7,32
Drew Lock,39517,QB,SEA,6,0,29,60.0,100.0,12,34.3,12,60.0,0,85.4,35,41,60.0,92.0,23,65.7,25
RJ Harvey,99622,HB,DEN,19,0,10,60.0,2.0,2,5.9,100,43.7,0,17.3,34,197,60.0,9.4,6,17.6,64
Drake Dabney,122264,TE,GB,2,0,12,48.9,100.0,4,11.8,4,61.7,0,100.0,34,34,67.1,100.0,28,82.4,28
Jalen Brooks,111284,WR,ARZ,5,0,1,58.0,100.0,18,52.9,18,56.3,0,100.0,34,34,60.8,100.0,14,41.2,14
Tanner McKee,131770,QB,PHI,4,0,24,60.0,100.0,16,47.1,16,60.0,0,87.2,34,39,60.0,100.0,16,47.1,16
John Ojukwu,58530,T,TEN,2,0,31,64.3,100.0,8,24.2,8,51.6,0,100.0,33,33,47.7,100.0,21,63.6,21
Lecitus Smith,61069,C,GB,1,0,12,48.1,100.0,5,15.2,5,62.5,0,100.0,33,33,67.8,100.0,27,81.8,27
Charles Grant,142410,T,LV,5,0,23,62.5,100.0,14,42.4,14,63.6,0,100.0,33,33,63.0,100.0,18,54.5,18
Tyler Allgeier,83639,HB,ATL,17,0,2,54.9,23.9,11,33.3,46,52.2,0,18.4,33,179,56.4,4.4,5,15.2,114
Rachaad White,131633,HB,TB,17,0,30,63.2,17.9,17,51.5,95,63.0,0,19.8,33,167,60.0,11.3,7,21.2,62
Tutu Atwell,77965,WR,LA,9,1,26,41.9,100.0,13,39.4,13,42.2,1,100.0,33,33,51.4,100.0,17,51.5,17
Clayton Tune,77652,QB,GB,2,0,12,60.0,100.0,5,15.2,5,60.0,0,91.7,33,36,60.0,93.3,28,84.8,30
Pharaoh Brown,12247,TE,ARZ,7,0,1,64.4,100.0,23,71.9,23,72.2,2,100.0,32,32,82.2,100.0,6,18.8,6
Brashard Smith,143951,HB,KC,16,0,16,57.1,50.0,7,21.9,14,54.0,0,41.6,32,77,59.7,27.3,12,37.5,44
Tanner Hudson,66924,TE,CIN,11,0,7,56.0,100.0,8,25.0,8,58.1,0,100.0,32,32,60.0,100.0,15,46.9,15
Justin Watson,66915,WR,HST,3,0,13,56.1,100.0,19,59.4,19,52.1,0,100.0,32,32,56.6,100.0,11,34.4,11
KhaDarel Hodge,26104,WR,ATL,8,0,2,58.7,100.0,8,25.0,8,38.4,0,100.0,32,32,51.6,100.0,19,59.4,19
LaJohntay Wester,123616,WR,BLT,11,0,3,60.0,100.0,6,19.4,6,63.5,0,100.0,31,31,62.3,100.0,8,25.8,8
Dante Pettis,48113,WR,NO,5,0,20,54.4,100.0,11,35.5,11,54.3,0,100.0,31,31,57.1,100.0,20,64.5,20
Alex Bachman,47996,WR,LV,9,0,23,58.8,100.0,4,12.9,4,68.7,0,100.0,31,31,71.6,100.0,23,74.2,23
Jakobie Keeney-James,102578,WR,GB,1,0,12,59.7,100.0,4,12.9,4,56.0,0,100.0,31,31,55.4,100.0,26,83.9,26
Ashton Jeanty,157196,HB,LV,17,1,23,60.0,2.1,2,6.7,94,53.6,1,9.9,30,304,56.5,2.2,4,13.3,178
TreVeyon Henderson,145059,HB,NE,21,0,19,59.1,1.5,2,6.7,132,60.0,0,12.2,30,246,60.2,4.3,3,10.0,69
Josh Jacobs,45953,HB,GB,16,0,12,59.8,1.8,2,6.7,114,46.4,0,10.5,30,287,58.3,4.0,6,20.0,149
Zach Charbonnet,97630,HB,SEA,17,0,29,,0.0,0,0.0,64,55.8,0,13.8,30,217,60.0,2.4,3,10.0,123
Joe Huber,123565,G,MIN,3,0,18,46.6,100.0,9,31.0,9,49.7,1,100.0,29,29,55.9,100.0,17,58.6,17
Cody Ford,39805,T,CIN,6,0,7,34.2,100.0,16,55.2,16,41.7,0,100.0,29,29,63.0,100.0,10,34.5,10
Rico Dowdle,40693,HB,CAR,18,0,5,57.9,1.7,2,6.9,119,43.4,1,10.6,29,273,60.0,0.8,1,3.4,126
Hayden Rucci,101680,TE,DET,3,0,11,37.5,100.0,11,37.9,11,56.6,0,100.0,29,29,80.7,100.0,15,51.7,15
Devin Neal,144558,HB,NO,9,0,20,57.6,53.8,7,24.1,13,55.8,0,33.3,29,87,59.9,13.3,8,27.6,60
Jonathan Taylor,57488,HB,IND,17,0,14,60.0,1.0,2,6.9,196,53.4,0,8.0,29,363,58.0,4.9,7,24.1,142
Demontrey Jacobs,56619,T,ARZ,4,0,1,63.5,100.0,15,53.6,15,69.6,0,100.0,28,28,71.6,100.0,11,39.3,11
Carter Runyon,177002,TE,LV,10,0,23,60.6,100.0,10,35.7,10,49.5,0,100.0,28,28,43.9,100.0,12,42.9,12
Chris Hubbard,8051,T,DET,1,0,11,63.5,100.0,8,28.6,8,46.5,0,100.0,28,28,48.8,100.0,20,71.4,20
Matt Peart,46179,G,DEN,2,0,10,48.3,100.0,12,42.9,12,41.3,0,100.0,28,28,42.8,100.0,9,32.1,9
Beaux Collins,144112,WR,NYG,7,0,21,54.4,100.0,10,35.7,10,31.8,0,100.0,28,28,62.3,100.0,16,57.1,16
Ollie Gordon II,157792,HB,MIA,17,0,17,39.6,20.8,10,37.0,48,45.1,0,27.8,27,97,59.1,20.5,8,29.6,39
Andrew Meyer,81910,C,MIA,1,0,17,48.5,100.0,8,29.6,8,56.0,1,100.0,27,27,70.9,100.0,15,55.6,15
Devin Culp,84080,TE,TB,10,0,30,50.7,100.0,10,37.0,10,52.6,0,100.0,27,27,59.1,100.0,8,29.6,8
Jahmyr Gibbs,122474,HB,DET,17,0,11,54.6,6.5,7,25.9,108,68.2,0,9.8,27,275,60.0,6.0,9,33.3,151
Chris Rodriguez Jr.,83689,HB,WAS,12,0,32,49.0,11.0,8,29.6,73,42.8,0,19.4,27,139,58.0,14.8,8,29.6,54
Anthony Gould,97078,WR,IND,5,0,14,58.5,100.0,9,33.3,9,60.3,0,100.0,27,27,60.8,100.0,9,33.3,9
Beaux Limmer,99067,G,LA,3,0,26,79.1,100.0,12,44.4,12,82.2,0,100.0,27,27,74.6,100.0,5,18.5,5
D'Wayne Eskridge,29573,WR,MIA,10,0,17,75.9,100.0,9,34.6,9,77.1,0,100.0,26,26,54.5,100.0,12,46.2,12
Justice Hill,45865,HB,BLT,10,0,3,66.4,61.5,8,30.8,13,74.7,0,57.8,26,45,60.0,31.3,5,19.2,16
Kyle Monangai,129891,HB,CHI,18,0,6,59.1,6.1,4,15.4,66,59.4,0,11.8,26,221,60.0,1.5,2,7.7,132
Derius Davis,78196,WR,LAC,7,0,27,53.4,100.0,10,38.5,10,53.6,0,92.9,26,28,56.7,100.0,12,46.2,12
Walter Rouse,100564,T,MIN,4,0,18,67.1,100.0,8,30.8,8,49.1,1,100.0,26,26,41.9,100.0,17,65.4,17
D'Andre Swift,57212,HB,CHI,18,0,6,56.9,3.6,3,11.5,83,66.5,1,9.2,26,282,60.4,2.8,5,19.2,176
J.K. Dobbins,57366,HB,DEN,10,0,10,46.4,5.1,5,19.2,98,47.7,1,14.2,26,183,57.2,7.6,5,19.2,66
Bijan Robinson,123126,HB,ATL,17,0,2,60.0,1.5,1,3.8,65,41.9,0,8.2,26,317,56.6,8.9,22,84.6,247
Aidan O'Connell,60516,QB,LV,1,0,23,60.0,100.0,7,26.9,7,60.0,0,100.0,26,26,60.0,100.0,18,69.2,18
Kyren Williams,97118,HB,LA,20,0,26,,0.0,0,0.0,159,57.9,0,7.7,26,338,60.0,1.3,2,7.7,149
Tyrone Tracy,84226,HB,NYG,15,0,21,57.2,13.9,10,38.5,72,54.3,0,12.8,26,203,57.4,5.0,6,23.1,119
Christian Haynes,77339,G,SEA,3,0,29,57.1,100.0,9,36.0,9,43.2,0,100.0,25,25,40.6,100.0,15,60.0,15
Ty Johnson,45769,HB,BUF,17,0,4,68.4,40.0,8,32.0,20,62.1,0,34.2,25,73,58.8,15.8,6,24.0,38
Noah Brown,11993,WR,WAS,4,0,32,58.8,100.0,16,64.0,16,42.4,0,100.0,25,25,61.3,100.0,9,36.0,9
Kenneth Gainwell,77737,HB,PIT,18,0,25,60.1,6.8,3,12.0,44,56.6,0,17.2,25,145,59.6,3.9,3,12.0,76
Travis Vokolek,61004,TE,ARZ,3,0,1,49.6,100.0,19,79.2,19,46.5,0,100.0,24,24,51.0,100.0,3,12.5,3
Robbie Chosen,11254,WR,WAS,3,0,32,59.5,100.0,9,37.5,9,57.2,0,100.0,24,24,56.8,100.0,14,58.3,14
Blake Hance,46301,G,TEN,4,0,31,59.6,100.0,11,45.8,11,59.9,0,100.0,24,24,60.4,100.0,12,50.0,12
Jarrett Kingston,81933,G,HST,2,0,13,56.9,100.0,17,70.8,17,55.9,0,100.0,24,24,57.1,100.0,7,29.2,7
Emery Jones Jr.,157117,G,BLT,5,0,3,37.2,100.0,8,33.3,8,45.6,1,100.0,24,24,60.8,100.0,10,41.7,10
Cam Skattebo,147787,HB,NYG,8,0,21,79.5,20.8,10,41.7,48,83.1,0,18.3,24,131,60.0,5.6,4,16.7,71
Brian Robinson,57120,HB,SF,17,0,28,,0.0,0,0.0,32,60.8,0,20.0,24,120,60.0,1.6,1,4.2,63
Bryce Cabeldue,122550,G,SEA,5,0,29,57.4,100.0,6,25.0,6,70.7,1,100.0,24,24,74.1,100.0,14,58.3,14
James Hudson III,59854,T,NYG,2,0,21,47.6,100.0,10,41.7,10,49.9,1,100.0,24,24,57.3,100.0,11,45.8,11
Woody Marks,124179,HB,HST,18,0,13,60.0,0.8,1,4.2,130,77.3,0,9.1,24,264,60.0,1.9,2,8.3,107
Kenneth Walker III,97199,HB,SEA,20,0,29,60.0,1.8,2,8.7,110,54.5,1,7.2,23,320,57.7,2.7,5,21.7,187
Alvin Kamara,11822,HB,NO,11,0,20,56.6,18.0,11,47.8,61,68.0,0,14.6,23,157,60.0,4.8,4,17.4,84
Javonte Williams,77803,HB,DAL,16,0,9,60.0,0.9,1,4.3,113,56.9,0,8.3,23,278,60.0,0.7,1,4.3,142
Jarrett Stidham,13725,QB,DEN,2,0,10,60.0,100.0,9,39.1,9,60.0,0,92.0,23,25,60.0,90.0,9,39.1,10
Trevor Etienne,157730,HB,CAR,14,0,5,60.0,8.3,1,4.3,12,62.5,0,53.5,23,43,60.3,30.8,4,17.4,13
Tai Felton,144886,WR,MIN,6,0,18,60.0,100.0,5,21.7,5,62.8,0,100.0,23,23,61.9,100.0,12,52.2,12
Josiah Deguara,47034,TE,ARZ,8,0,1,40.4,100.0,15,65.2,15,43.0,0,100.0,23,23,58.6,100.0,4,17.4,4
Zak Zinter,129605,G,CLV,4,0,8,45.4,100.0,8,36.4,8,48.5,0,100.0,22,22,57.1,100.0,11,50.0,11
Ko Kieft,41372,TE,TB,3,0,30,73.9,100.0,10,45.5,10,83.6,0,100.0,22,22,72.7,100.0,11,50.0,11
LeQuint Allen,158290,HB,JAX,14,0,15,60.0,20.0,2,9.1,10,44.8,0,47.8,22,46,57.7,20.0,4,18.2,20
Bhayshul Tuten,150568,HB,JAX,16,0,15,60.0,8.3,3,13.6,36,52.3,0,19.8,22,111,,0.0,0,0.0,55
Joshua Dobbs,11890,QB,NE,4,0,19,60.0,100.0,9,40.9,9,60.0,0,71.0,22,31,60.0,100.0,10,45.5,10
Jeremy McNichols,11917,HB,WAS,17,0,32,66.3,31.0,9,42.9,29,67.9,0,30.9,21,68,60.0,3.6,1,4.8,28
Stone Smartt,60492,TE,NYJ,6,0,22,,,0,0.0,0,49.6,0,100.0,21,21,52.7,100.0,14,66.7,14
Gardner Minshew,41401,QB,KC,3,0,16,60.0,100.0,1,4.8,1,60.0,0,80.8,21,26,60.0,100.0,19,90.5,19
Mason Kinsey,115664,WR,TEN,8,0,31,59.2,100.0,14,66.7,14,58.3,0,100.0,21,21,59.4,100.0,5,23.8,5
Cam Grandy,134552,TE,CIN,5,0,7,55.8,100.0,7,33.3,7,61.0,0,100.0,21,21,65.6,100.0,9,42.9,9
Nick Mullens,12282,QB,JAX,5,0,15,60.0,100.0,11,52.4,11,60.0,0,63.6,21,33,60.0,100.0,9,42.9,9
Nikko Remigio,84150,WR,KC,5,0,16,60.0,100.0,2,9.5,2,59.5,0,95.5,21,22,58.8,100.0,18,85.7,18
Emanuel Wilson,154173,HB,GB,18,0,12,60.0,3.9,2,10.0,51,31.6,0,13.7,20,146,59.1,6.1,5,25.0,82
Lucas Krull,83962,TE,DEN,3,0,10,57.1,100.0,9,45.0,9,55.0,0,100.0,20,20,55.0,100.0,7,35.0,7
Isiah Pacheco,83747,HB,KC,13,0,16,60.0,4.0,1,5.0,25,60.7,0,14.4,20,139,60.0,1.1,1,5.0,91
Jared Wayne,99691,WR,HST,1,0,13,59.0,100.0,8,40.0,8,59.5,0,100.0,20,20,60.8,100.0,8,40.0,8
Chase Brown,77787,HB,CIN,17,0,7,59.8,0.9,1,5.0,113,56.1,0,7.7,20,261,58.5,2.5,3,15.0,119
Kenny Pickett,60515,QB,LV,5,0,23,60.0,100.0,8,40.0,8,60.0,0,90.9,20,22,60.0,84.6,11,55.0,13
Andre Baccellia,47901,WR,ARZ,4,0,1,54.3,100.0,12,60.0,12,51.5,0,100.0,20,20,60.1,100.0,7,35.0,7
Andre James,47058,C,LAC,2,0,27,46.6,100.0,9,45.0,9,33.8,0,100.0,20,20,43.6,100.0,6,30.0,6
Adin Huntington,130493,DI,CLV,10,0,8,65.6,100.0,8,40.0,8,63.5,0,100.0,20,20,60.1,100.0,4,20.0,4
Calvin Throckmorton,28238,G,DEN,4,0,10,85.6,100.0,8,40.0,8,79.6,0,100.0,20,20,64.0,100.0,7,35.0,7
Samaje Perine,11869,HB,CIN,13,0,7,57.1,7.0,3,15.0,43,57.7,0,19.0,20,105,60.0,4.3,2,10.0,46
Jahdae Walker,175944,WR,CHI,7,0,6,59.6,100.0,4,21.1,4,58.5,0,100.0,19,19,58.8,100.0,13,68.4,13
Kareem Hunt,11841,HB,KC,17,0,16,59.1,3.8,2,10.5,53,57.2,1,10.4,19,183,,0.0,0,0.0,104
Joe Milton III,82151,QB,DAL,4,0,9,60.0,100.0,6,31.6,6,60.0,0,90.5,19,21,60.0,83.3,10,52.6,12
Devin Singletary,40485,HB,NYG,17,0,21,48.9,18.3,11,61.1,60,48.0,0,12.8,18,141,60.0,1.4,1,5.6,74
David Quessenberry,7957,T,LA,3,0,26,57.4,100.0,7,38.9,7,58.0,0,100.0,18,18,59.7,100.0,2,11.1,2
Omarion Hampton,162750,HB,LAC,10,0,27,58.6,4.1,3,16.7,73,66.6,0,12.0,18,150,57.4,4.9,3,16.7,61
Trey Lance,91399,QB,LAC,3,0,27,60.0,81.8,9,50.0,11,60.0,0,64.3,18,28,60.0,70.0,7,38.9,10
Isaiah Davis,138299,HB,NYJ,15,0,22,58.0,17.6,3,16.7,17,57.6,0,29.5,18,61,59.1,13.3,4,22.2,30
Laquon Treadwell,10657,WR,IND,7,0,14,53.6,100.0,10,55.6,10,54.5,0,100.0,18,18,59.3,100.0,5,27.8,5
Miles Frazier,123626,G,DET,4,0,11,54.1,100.0,6,35.3,6,39.2,0,100.0,17,17,37.7,100.0,9,52.9,9
Jordan Mason,62946,HB,MIN,16,0,18,60.0,1.4,1,5.9,70,58.9,0,9.3,17,182,59.8,3.2,3,17.6,94
Brandon Allen,10835,QB,TEN,1,0,31,60.0,100.0,10,58.8,10,60.0,0,100.0,17,17,60.0,100.0,7,41.2,7
Jaylen Warren,98692,HB,PIT,17,0,25,58.6,3.8,3,17.6,78,54.1,0,7.0,17,244,73.2,2.6,4,23.5,154
Tom Kennedy,94379,WR,DET,2,0,11,59.3,100.0,9,52.9,9,54.2,0,100.0,17,17,53.0,100.0,6,35.3,6
Khyiris Tonga,52000,DI,NE,7,0,19,44.8,100.0,7,43.8,7,55.2,0,100.0,16,16,65.6,100.0,6,37.5,6
Kimani Vidal,123727,HB,LAC,13,0,27,60.0,1.2,1,6.3,83,77.8,0,8.6,16,186,59.8,4.4,4,25.0,90
Amari Kight,99064,T,SEA,3,0,29,73.6,100.0,5,31.3,5,77.3,0,100.0,16,16,70.7,100.0,11,68.8,11
Quinshon Judkins,157128,HB,CLV,14,0,8,60.0,1.6,2,12.5,124,69.3,0,6.3,16,256,60.0,0.9,1,6.3,108
Ronnie Bell,84288,WR,NO,2,0,20,84.0,100.0,7,43.8,7,74.2,0,100.0,16,16,54.8,100.0,8,50.0,8
Branson Taylor,123026,G,LAC,1,0,27,49.5,100.0,8,50.0,8,37.1,0,100.0,16,16,56.8,100.0,5,31.3,5
Cameron Williams,163867,T,PHI,1,0,24,54.7,100.0,5,33.3,5,65.6,0,100.0,15,15,71.4,100.0,9,60.0,9
Tony Pollard,27126,HB,TEN,17,0,31,60.0,0.8,1,6.7,120,75.9,0,5.7,15,264,67.5,2.3,3,20.0,131
Devin Duvernay,40006,WR,CHI,5,0,6,48.4,100.0,5,33.3,5,50.7,0,100.0,15,15,60.1,100.0,8,53.3,8
Bam Knight,97432,HB,ARZ,10,0,1,56.1,4.5,3,20.0,67,52.0,0,14.6,15,103,60.0,7.7,2,13.3,26
Audric Estime,147476,HB,NO,6,0,20,58.8,26.7,4,26.7,15,43.6,0,24.2,15,62,60.0,7.7,3,20.0,39
Mike Jerrell,183057,T,ATL,1,0,2,58.3,100.0,4,26.7,4,29.1,0,100.0,15,15,29.9,100.0,10,66.7,10
Tim Jones,61669,WR,JAX,3,0,15,54.2,100.0,6,40.0,6,54.6,0,100.0,15,15,58.9,100.0,7,46.7,7
Lucas Patrick,11435,G,CIN,4,0,7,58.6,100.0,9,60.0,9,62.0,0,100.0,15,15,65.8,100.0,5,33.3,5
CJ Dippre,144888,TE,NE,2,0,19,57.0,100.0,4,28.6,4,54.9,0,100.0,14,14,55.6,100.0,6,42.9,6
Brenden Jaimes,59909,C,NE,2,0,19,57.0,100.0,4,28.6,4,66.0,0,100.0,14,14,69.1,100.0,6,42.9,6
Dominic Lovett,146872,WR,DET,7,1,11,60.0,100.0,2,14.3,2,56.9,1,100.0,14,14,57.4,100.0,5,35.7,5
Luke Tenuta,77367,T,IND,2,0,14,53.0,100.0,9,64.3,9,43.1,0,100.0,14,14,43.3,100.0,5,35.7,5
Myles Price,123155,WR,MIN,4,0,18,60.0,100.0,3,21.4,3,60.9,0,100.0,14,14,59.1,100.0,5,35.7,5
Tay Martin,61811,WR,WAS,3,0,32,60.0,100.0,9,64.3,9,60.0,0,100.0,14,14,60.0,100.0,5,35.7,5
Braxton Berrios,47961,WR,HST,4,0,13,60.2,100.0,8,57.1,8,31.4,0,100.0,14,14,50.1,100.0,6,42.9,6
Theo Wease Jr.,98005,WR,MIA,3,0,17,56.7,100.0,5,35.7,5,74.7,0,100.0,14,14,59.8,100.0,5,35.7,5
Dylan Sampson,163772,HB,CLV,15,0,8,40.6,10.7,3,21.4,28,31.2,0,18.2,14,77,59.6,5.1,2,14.3,39
DJ Giddens,144595,HB,IND,8,0,14,,0.0,0,0.0,15,60.0,0,34.1,14,41,,0.0,0,0.0,12
Chuba Hubbard,57373,HB,CAR,16,0,5,59.4,4.0,2,14.3,50,57.4,0,8.5,14,165,57.6,4.9,5,35.7,102
Keaton Mitchell,123826,HB,BLT,12,0,3,58.8,10.3,3,23.1,29,59.2,0,17.3,13,75,60.0,8.6,3,23.1,35
Tyjae Spears,97195,HB,TEN,13,0,31,60.0,6.1,2,15.4,33,35.1,0,15.1,13,86,59.4,18.4,9,69.2,49
Malik Davis,57196,HB,DAL,9,0,9,60.0,5.9,1,7.7,17,59.4,0,19.7,13,66,,0.0,0,0.0,36
Ricky White,129639,WR,SEA,2,0,29,60.0,100.0,1,7.7,1,57.7,0,100.0,13,13,58.5,100.0,9,69.2,9
Tank Bigsby,123974,HB,PHI,12,0,24,60.0,2.9,1,7.7,35,60.8,0,16.0,13,81,60.0,8.8,3,23.1,34
Feleipe Franks,40217,TE,ATL,7,0,2,60.0,100.0,2,15.4,2,60.9,0,86.7,13,15,59.3,100.0,2,15.4,2
Kendre Miller,123091,HB,NO,7,0,20,50.1,30.0,6,46.2,20,51.7,0,22.0,13,59,60.0,3.1,1,7.7,32
Jaleel McLaughlin,138346,HB,DEN,10,0,10,,0.0,0,0.0,19,59.9,0,22.0,13,59,60.0,7.1,2,15.4,28
Jared Wiley,98508,TE,KC,4,0,16,55.2,100.0,5,38.5,5,63.0,0,100.0,13,13,58.6,100.0,8,61.5,8
Teddy Bridgewater,8667,QB,TB,4,0,30,60.0,100.0,3,23.1,3,60.0,0,86.7,13,15,60.0,100.0,10,76.9,10
David Montgomery,45719,HB,DET,17,0,11,60.0,1.7,1,8.3,58,58.9,0,6.9,12,175,59.2,3.7,4,33.3,109
Jackson Slater,147796,G,TEN,1,0,31,57.0,100.0,8,66.7,8,56.0,0,100.0,12,12,58.0,100.0,4,33.3,4
Britain Covey,32933,WR,PHI,3,0,24,60.0,100.0,3,25.0,3,60.5,0,100.0,12,12,60.6,100.0,8,66.7,8
Corey Bullock,108855,C,BLT,5,0,3,48.0,100.0,3,25.0,3,58.0,0,100.0,12,12,67.6,100.0,5,41.7,5
Deven Thompkins,84480,WR,ATL,4,0,2,60.0,100.0,1,8.3,1,43.7,1,92.3,12,13,39.8,100.0,7,58.3,7
AJ Dillon,57165,HB,PHI,7,0,24,59.7,25.0,2,16.7,8,60.0,0,52.2,12,23,60.0,16.7,1,8.3,6
Zach Wilson,82096,QB,MIA,3,0,17,60.0,100.0,4,33.3,4,60.0,0,85.7,12,14,60.0,100.0,8,66.7,8
Malik Turner,48078,WR,SF,4,0,28,60.3,100.0,4,33.3,4,57.8,0,100.0,12,12,60.2,100.0,3,25.0,3
Simi Fehoko,84424,WR,ARZ,4,0,1,61.1,100.0,8,66.7,8,61.1,0,100.0,12,12,60.0,100.0,4,33.3,4
Jaylen Wright,146934,HB,MIA,10,0,17,,0.0,0,0.0,31,60.0,0,13.3,11,83,,0.0,0,0.0,40
Kyle Allen,26152,QB,DET,3,0,11,60.0,100.0,3,27.3,3,60.0,0,78.6,11,14,60.0,100.0,8,72.7,8
Sean Tucker,123056,HB,TB,14,0,30,59.9,3.5,2,18.2,57,60.4,0,10.8,11,102,60.0,2.7,1,9.1,37
Brandon Crenshaw-Dickson,101241,T,TEN,2,0,31,70.0,100.0,9,81.8,9,69.7,0,100.0,11,11,60.0,100.0,1,9.1,1
Blake Corum,129574,HB,LA,20,0,26,60.0,1.2,1,9.1,84,45.5,0,5.9,11,186,,0.0,0,0.0,89
Rasheen Ali,121717,HB,BLT,7,0,3,,0.0,0,0.0,2,70.8,0,61.1,11,18,60.0,16.7,1,9.1,6
Marcus Bryant,121917,T,NE,3,0,19,56.3,100.0,4,36.4,4,54.1,0,100.0,11,11,,,0,0.0,0
Hayden Conner,144723,G,ARZ,3,0,1,47.1,100.0,7,63.6,7,62.9,0,100.0,11,11,78.1,100.0,4,36.4,4
Bucky Irving,144970,HB,TB,10,0,30,60.0,2.2,2,18.2,91,60.3,0,6.0,11,184,60.0,2.5,2,18.2,81
Jalen Ramsey,10639,S,PIT,6,1,25,,,0,0.0,0,60.0,3,100.0,10,10,,,0,0.0,0
Trey Benson,131705,HB,ARZ,4,0,1,57.8,16.7,4,40.0,24,57.9,0,25.0,10,40,60.0,16.7,2,20.0,12
E.J. Jenkins,109834,TE,PHI,2,0,24,59.4,100.0,1,10.0,1,56.9,0,100.0,10,10,57.8,100.0,4,40.0,4
Braelon Allen,145159,HB,NYJ,4,0,22,68.5,40.0,2,20.0,5,69.1,0,33.3,10,30,58.7,28.6,6,60.0,21
Xavier Newman,58525,G,NYJ,3,0,22,48.8,100.0,4,40.0,4,53.2,0,100.0,10,10,63.5,100.0,5,50.0,5
Jordan Watkins,122730,WR,SF,4,0,28,,,0,0.0,0,60.3,0,100.0,10,10,59.8,100.0,7,70.0,7
Dalen Cambre,102933,WR,NYG,4,0,21,58.5,100.0,3,30.0,3,60.1,0,100.0,10,10,60.0,100.0,3,30.0,3
Jaret Patterson,77745,HB,LAC,6,0,27,59.9,4.0,1,11.1,25,40.9,0,17.6,9,51,60.0,5.6,1,11.1,18
Jimmy Garoppolo,8697,QB,LA,3,0,26,60.0,100.0,7,77.8,7,60.0,0,50.0,9,18,60.0,100.0,2,22.2,2
Brandon Walton,41533,G,CAR,2,0,5,78.0,100.0,3,33.3,3,78.6,0,100.0,9,9,66.1,100.0,6,66.7,6
Shane Buechele,12659,QB,KC,1,0,16,60.0,100.0,4,44.4,4,60.0,0,100.0,9,9,60.0,100.0,5,55.6,5
Zach Horton,148361,TE,DET,2,0,11,57.1,100.0,3,33.3,3,56.5,0,100.0,9,9,58.4,100.0,6,66.7,6
Nick Chubb,45783,HB,HST,17,0,13,,0.0,0,0.0,81,60.0,0,5.9,9,153,,0.0,0,0.0,60
Mecole Hardman Jr.,42683,WR,BUF,2,0,4,60.8,100.0,6,66.7,6,59.4,0,100.0,9,9,59.1,100.0,2,22.2,2
Cooper DeJean,144867,CB,PHI,5,0,24,,,0,0.0,0,60.0,0,100.0,8,8,,,0,0.0,0
Tahj Brooks,123133,HB,CIN,6,0,7,,0.0,0,0.0,4,60.0,0,33.3,8,24,,0.0,0,0.0,12
Will Mallory,77888,TE,IND,2,0,14,60.2,100.0,5,62.5,5,59.8,0,100.0,8,8,58.9,100.0,2,25.0,2
Calvin Anderson,46247,T,PIT,1,0,25,60.0,100.0,2,25.0,2,62.5,0,100.0,8,8,51.0,100.0,4,50.0,4
Tyson Bagent,169628,QB,CHI,2,0,6,60.0,100.0,1,12.5,1,60.0,0,88.9,8,9,60.0,100.0,6,75.0,6
Charlie Jones,55038,WR,CIN,3,0,7,60.6,100.0,4,50.0,4,34.6,0,100.0,8,8,60.1,100.0,4,50.0,4
Jason Brownlee,121451,WR,KC,4,0,16,60.0,100.0,1,12.5,1,60.3,0,100.0,8,8,59.2,100.0,3,37.5,3
Will Shipley,144138,HB,PHI,12,0,24,60.0,16.7,1,12.5,6,78.2,0,38.1,8,21,60.0,11.1,1,12.5,9
Bryce Oliver,84248,WR,TEN,2,0,31,61.1,100.0,6,75.0,6,60.9,0,100.0,8,8,60.0,100.0,1,12.5,1
Terrell Jennings,102408,HB,NE,5,0,19,,0.0,0,0.0,19,60.0,0,25.8,8,31,,0.0,0,0.0,4
Steven Sims,48341,WR,ARZ,3,0,1,58.0,100.0,5,62.5,5,58.8,0,100.0,8,8,60.2,100.0,3,37.5,3
Luke Newman,143066,G,CHI,2,0,6,59.9,100.0,2,25.0,2,74.6,0,100.0,8,8,66.3,100.0,4,50.0,4
Jacoby Jones,157518,WR,WAS,1,0,32,60.0,100.0,3,37.5,3,86.4,0,100.0,8,8,85.7,100.0,5,62.5,5
Russell Gage,44771,WR,SF,1,0,28,59.7,100.0,2,25.0,2,58.2,0,100.0,8,8,57.9,100.0,4,50.0,4
Ke'Shawn Williams,123406,WR,CIN,4,0,7,59.8,100.0,1,12.5,1,60.4,0,80.0,8,10,60.0,100.0,4,50.0,4
Anthony Richardson,124393,QB,IND,2,0,14,60.0,100.0,6,75.0,6,60.0,0,66.7,8,12,60.0,100.0,2,25.0,2
Evan Hull,97302,HB,NO,6,0,20,60.0,10.0,1,12.5,10,60.3,0,28.6,8,28,60.0,8.3,1,12.5,12
Talanoa Hufanga,83903,S,DEN,4,0,10,,,0,0.0,0,60.0,0,100.0,7,7,,,0,0.0,0
Jaydon Blue,157303,HB,DAL,5,0,9,,0.0,0,0.0,14,60.0,0,14.9,7,47,,0.0,0,0.0,24
Jacob Saylors,87559,HB,DET,4,0,11,,0.0,0,0.0,1,59.8,0,77.8,7,9,,0.0,0,0.0,1
Sal Cannella,60853,TE,CLV,2,0,8,59.2,100.0,2,28.6,2,54.1,0,100.0,7,7,55.0,100.0,3,42.9,3
Jalen Moreno-Cropper,97273,WR,DAL,2,0,9,59.8,100.0,2,28.6,2,60.6,1,100.0,7,7,60.0,100.0,2,28.6,2
Julius Chestnut,109239,HB,TEN,10,0,31,51.8,22.2,2,28.6,9,40.4,0,38.9,7,18,60.0,25.0,1,14.3,4
Michael Niese,108444,C,DET,1,0,11,59.9,100.0,2,28.6,2,65.1,0,100.0,7,7,65.8,100.0,4,57.1,4
Raheim Sanders,146626,HB,CLV,4,0,8,,0.0,0,0.0,10,59.7,0,20.0,7,35,60.0,5.6,1,14.3,18
Tyler Badie,83714,HB,DEN,8,0,10,59.3,66.7,2,28.6,3,58.6,0,43.8,7,16,60.0,12.5,1,14.3,8
Treyton Welch,98097,TE,NO,3,0,20,60.0,100.0,1,14.3,1,57.1,0,100.0,7,7,56.5,100.0,5,71.4,5
Brayden Willis,77917,TE,SF,5,0,28,60.0,100.0,1,14.3,1,60.0,0,100.0,7,7,60.0,100.0,1,14.3,1
Albert Okwuegbunam,41933,TE,LV,1,0,23,60.0,100.0,1,16.7,1,56.0,0,100.0,6,6,57.6,100.0,4,66.7,4
Ronnie Rivers,57208,HB,LA,3,0,26,,0.0,0,0.0,8,60.0,0,37.5,6,16,,0.0,0,0.0,2
Stephen Carlson,94365,TE,CHI,2,0,6,56.5,100.0,2,33.3,2,55.1,0,100.0,6,6,59.4,100.0,3,50.0,3
Chris Blair,84096,WR,ATL,1,0,2,60.0,100.0,1,16.7,1,58.4,1,100.0,6,6,58.2,100.0,5,83.3,5
Caedan Wallace,98427,G,NE,1,0,19,60.0,100.0,1,16.7,1,69.1,0,100.0,6,6,68.4,100.0,3,50.0,3
George Holani,72154,HB,SEA,6,0,29,59.9,14.3,1,16.7,7,60.0,0,18.2,6,33,,0.0,0,0.0,21
Hassan Haskins,83701,HB,LAC,6,0,27,60.0,18.2,2,33.3,11,71.6,0,26.1,6,23,,0.0,0,0.0,8
Raheem Mostert,9783,HB,LV,9,0,23,,0.0,0,0.0,3,60.0,0,21.4,6,28,60.0,5.6,1,16.7,18
Zach Davidson,143780,TE,NYG,1,0,21,63.7,100.0,3,50.0,3,72.8,0,100.0,6,6,,,0,0.0,0
Ryan McCollum,41974,C,PIT,2,0,25,,,0,0.0,0,67.6,0,100.0,6,6,68.1,100.0,3,50.0,3
Kendall Lamm,10017,T,MIA,1,0,17,55.3,100.0,3,50.0,3,51.1,0,100.0,6,6,53.9,100.0,3,50.0,3
Carson Vinson,142734,T,BLT,2,0,3,60.0,100.0,1,16.7,1,74.6,0,100.0,6,6,61.0,100.0,1,16.7,1
Jovaughn Gwyn,81839,G,ATL,4,0,2,,,0,0.0,0,77.6,0,100.0,6,6,77.5,100.0,5,83.3,5
Garrett Dellinger,146770,G,TEN,1,0,31,,,0,0.0,0,62.2,0,100.0,6,6,49.3,100.0,5,83.3,5
Quentin Skinner,122579,WR,NYJ,1,0,22,,,0,0.0,0,48.2,0,100.0,6,6,48.8,100.0,5,83.3,5
Velus Jones Jr.,40573,HB,SEA,5,0,29,58.5,28.6,2,33.3,7,59.8,0,35.3,6,17,60.0,14.3,1,16.7,7
DeeJay Dallas,55632,HB,JAX,3,0,15,,0.0,0,0.0,1,60.0,0,66.7,6,9,,0.0,0,0.0,2
Xavier Restrepo,122220,WR,TEN,2,0,31,59.7,100.0,2,33.3,2,53.5,0,100.0,6,6,60.2,100.0,3,50.0,3
D'Ernest Johnson,45734,HB,NE,5,0,19,,0.0,0,0.0,6,60.0,0,25.0,5,20,60.0,11.1,1,20.0,9
River Cracraft,47417,WR,WAS,1,0,32,,,0,0.0,0,59.7,0,100.0,5,5,59.3,100.0,4,80.0,4
Justin Shorter,84376,WR,LV,3,0,23,,,0,0.0,0,60.0,0,100.0,5,5,60.0,100.0,3,60.0,3
Tahj Washington,97288,WR,MIA,2,0,17,60.0,100.0,2,40.0,2,60.0,0,100.0,5,5,60.0,100.0,1,20.0,1
Brandon Smith,61327,WR,NYJ,1,0,22,60.0,100.0,1,20.0,1,60.6,0,100.0,5,5,60.0,100.0,2,40.0,2
Xavier Gipson,104136,WR,NYG,2,0,21,,,0,0.0,0,60.0,0,100.0,5,5,60.0,100.0,2,40.0,2
Dameon Pierce,83659,HB,KC,3,0,16,,0.0,0,0.0,8,60.0,0,26.3,5,19,60.0,14.3,1,20.0,7
Ameer Abdullah,9487,HB,IND,9,0,14,59.8,50.0,2,40.0,4,56.3,0,26.3,5,19,60.0,14.3,2,40.0,14
Michael Carter,57337,HB,ARZ,13,0,1,60.0,1.6,1,20.0,62,71.3,0,5.0,5,100,60.0,2.9,1,20.0,34
Sam Mustipher,13026,C,DEN,2,0,10,59.1,100.0,2,40.0,2,62.5,0,100.0,5,5,60.0,100.0,1,20.0,1
Jackson Meeks,146714,WR,DET,2,0,11,60.0,100.0,1,20.0,1,60.3,0,100.0,5,5,60.0,100.0,1,20.0,1
Kaleb Johnson,156419,HB,PIT,10,0,25,,0.0,0,0.0,6,60.0,1,12.1,4,33,,0.0,0,0.0,23
Zamir White,83665,HB,LV,5,0,23,,0.0,0,0.0,1,60.0,0,25.0,4,16,,0.0,0,0.0,11
Emari Demercado,77763,HB,ARZ,12,0,1,60.0,3.0,1,25.0,33,29.6,0,8.3,4,48,,0.0,0,0.0,12
Dan Chisena,34061,WR,CAR,1,0,5,60.0,100.0,1,25.0,1,54.3,0,100.0,4,4,60.0,100.0,3,75.0,3
Trayveon Williams,45775,HB,CLV,5,0,8,60.0,33.3,1,25.0,3,60.0,0,28.6,4,14,60.0,11.1,1,25.0,9
Ja'Corey Brooks,146587,WR,WAS,1,0,32,57.1,100.0,3,75.0,3,55.8,0,100.0,4,4,60.0,100.0,1,25.0,1
Jack Nelson,129927,T,ATL,2,0,2,60.2,100.0,3,75.0,3,60.1,0,100.0,4,4,,,0,0.0,0
Tyler Goodson,101659,HB,IND,7,0,14,,0.0,0,0.0,7,60.2,0,30.8,4,13,60.0,50.0,2,50.0,4
Antonio Gibson,78050,HB,NE,5,0,19,60.0,10.0,1,25.0,10,60.0,0,13.8,4,29,,0.0,0,0.0,13
Nick Zakelj,59693,G,SF,1,0,28,60.0,100.0,1,25.0,1,48.6,0,100.0,4,4,48.8,100.0,3,75.0,3
Jordan James,163295,HB,SF,2,0,28,,,0,0.0,0,60.0,0,40.0,4,10,,0.0,0,0.0,5
Kalel Mullings,129590,HB,TEN,3,0,31,,0.0,0,0.0,3,60.0,0,57.1,4,7,,,0,0.0,0
Dalevon Campbell,101711,WR,LAC,1,0,27,,,0,0.0,0,60.0,0,100.0,3,3,60.0,100.0,3,100.0,3
Austin McNamara,99363,P,NYJ,3,0,22,,,0,0.0,0,59.7,0,100.0,3,3,,,0,0.0,0
James Conner,11860,HB,ARZ,3,1,1,60.0,6.5,2,66.7,31,60.0,1,7.9,3,38,60.0,16.7,1,33.3,6
Austin Ekeler,12164,HB,WAS,2,0,32,60.0,22.2,2,66.7,9,58.8,0,17.6,3,17,60.0,14.3,1,33.3,7
Sean McKeon,42266,TE,IND,1,0,14,,,0,0.0,0,60.6,0,100.0,3,3,60.6,100.0,3,100.0,3
Josh Sills,41748,G,IND,1,0,14,74.2,100.0,2,66.7,2,77.9,0,100.0,3,3,60.0,100.0,1,33.3,1
Khalil Herbert,41668,HB,NYJ,3,0,22,,0.0,0,0.0,1,60.0,0,15.8,3,19,,0.0,0,0.0,14
Chase Lundt,98515,T,BUF,1,0,4,,,0,0.0,0,60.0,0,100.0,3,3,,,0,0.0,0
Nate Carter,147376,HB,ATL,4,0,2,,0.0,0,0.0,2,60.0,0,25.0,3,12,,0.0,0,0.0,7
Najee Harris,57121,HB,LAC,3,0,27,,0.0,0,0.0,7,60.0,0,15.8,3,19,,0.0,0,0.0,8
Eric Gray,99143,HB,NYG,1,0,21,,,0,0.0,0,60.0,0,100.0,3,3,,,0,0.0,0
Tejhaun Palmer,145443,WR,ARZ,1,0,1,60.2,100.0,3,100.0,3,60.2,0,100.0,3,3,,,0,0.0,0
Cameron Heyward,6183,DI,PIT,1,0,25,,,0,0.0,0,60.0,0,100.0,3,3,,,0,0.0,0
Kedon Slovis,100580,QB,ARZ,2,0,1,60.0,100.0,3,100.0,3,60.0,0,100.0,3,3,,,0,0.0,0
Shedrick Jackson,84136,WR,LV,3,0,23,,,0,0.0,0,59.8,0,75.0,3,4,60.0,66.7,2,66.7,3
Elijah Chatman,97568,DI,NYG,2,0,21,59.2,100.0,1,33.3,1,53.7,0,100.0,3,3,55.6,100.0,2,66.7,2
Bryan Hudson,98241,C,NYG,1,0,21,,,0,0.0,0,60.0,0,100.0,3,3,,,0,0.0,0
Aaron Jones,11937,HB,MIN,12,0,18,,0.0,0,0.0,56,87.9,0,2.2,3,136,,0.0,0,0.0,75
Thomas Fidone II,144997,TE,NYG,2,0,21,60.0,100.0,1,50.0,1,60.3,0,100.0,2,2,60.0,100.0,1,50.0,1
Frank Gore Jr.,121457,HB,BUF,1,0,4,,,0,0.0,0,60.0,0,100.0,2,2,,,0,0.0,0
Sidy Sow,59675,G,HST,1,0,13,52.4,100.0,2,100.0,2,52.4,0,100.0,2,2,,,0,0.0,0
Dalton Wagner,58493,T,LV,1,0,23,60.0,100.0,1,50.0,1,70.1,0,100.0,2,2,63.4,100.0,1,50.0,1
Mykal Walker,57834,LB,NYJ,2,0,22,,,0,0.0,0,60.0,0,100.0,2,2,,,0,0.0,0
Trevor Keegan,101544,G,DAL,1,0,9,57.7,100.0,2,100.0,2,57.7,0,100.0,2,2,,,0,0.0,0
Owen Wright,57486,HB,TB,3,0,30,,,0,0.0,0,60.0,0,40.0,2,5,,0.0,0,0.0,3
Clyde Edwards-Helaire,57279,HB,KC,2,0,16,,0.0,0,0.0,4,60.0,0,22.2,2,9,,0.0,0,0.0,3
Vita Vea,48956,DI,TB,2,0,30,58.9,100.0,2,100.0,2,58.9,0,100.0,2,2,,,0,0.0,0
Parris Campbell,47940,WR,DAL,1,0,9,,,0,0.0,0,59.9,0,100.0,2,2,60.0,100.0,1,50.0,1
Jawhar Jordan,99595,HB,HST,4,0,13,,0.0,0,0.0,14,60.0,0,4.4,2,45,,0.0,0,0.0,28
Brett Rypien,46487,QB,MIN,1,0,18,60.0,100.0,1,50.0,1,60.0,0,100.0,2,2,60.0,100.0,1,50.0,1
Tommy Togiai,82501,DI,HST,2,0,13,60.0,100.0,1,50.0,1,60.0,1,100.0,2,2,,,0,0.0,0
Josh Williams,99171,HB,TB,2,0,30,58.6,50.0,2,100.0,4,58.6,0,28.6,2,7,,0.0,0,0.0,3
James Daniels,45576,G,MIA,1,0,17,60.0,100.0,1,50.0,1,59.4,0,100.0,2,2,60.0,100.0,1,50.0,1
Ben Cleveland,41696,G,BLT,2,0,3,51.4,100.0,2,100.0,2,51.4,0,100.0,2,2,,,0,0.0,0
Phil Mafah,144123,HB,DAL,1,0,9,,0.0,0,0.0,3,59.4,0,28.6,2,7,59.4,50.0,2,100.0,4
Miles Sanders,40555,HB,DAL,4,0,9,,0.0,0,0.0,9,60.0,0,8.7,2,23,,0.0,0,0.0,11
Kene Nwangwu,40547,HB,NYJ,3,0,22,,0.0,0,0.0,4,60.0,0,13.3,2,15,,0.0,0,0.0,9
Ty Chandler,62942,HB,MIN,2,0,18,,0.0,0,0.0,4,60.0,0,10.0,2,20,,0.0,0,0.0,14
Kobe King,145097,LB,NYJ,2,0,22,,,0,0.0,0,60.0,0,100.0,2,2,,,0,0.0,0
Jeff Wilson Jr.,29413,HB,MIA,1,0,17,59.7,100.0,2,100.0,2,59.7,0,100.0,2,2,,,0,0.0,0
Michael Bandy,91824,WR,DEN,2,0,10,60.0,100.0,2,100.0,2,60.0,0,100.0,2,2,,,0,0.0,0
Samori Toure,25276,WR,NO,1,0,20,60.0,100.0,1,50.0,1,60.0,0,100.0,2,2,60.0,100.0,1,50.0,1
Thomas Hennessy,12124,LS,NYJ,2,0,22,,,0,0.0,0,60.0,0,100.0,2,2,,,0,0.0,0
Donovan Jennings,86861,G,GB,1,0,12,,,0,0.0,0,59.1,0,100.0,2,2,59.1,100.0,2,100.0,2
Dylan Laube,88664,HB,LV,4,0,23,,0.0,0,0.0,2,60.0,0,22.2,2,9,60.0,16.7,1,50.0,6
Adetomiwa Adebawore,97934,DI,IND,1,0,14,,,0,0.0,0,60.0,1,100.0,1,1,,,0,0.0,0
Younghoe Koo,12042,K,NYG,1,0,21,,,0,0.0,0,60.0,0,100.0,1,1,,,0,0.0,0
Michael Davis,12040,CB,NO,1,0,20,,,0,0.0,0,60.0,0,100.0,1,1,,,0,0.0,0
Trent Sieg,27036,LS,DAL,1,0,9,,,0,0.0,0,60.0,0,100.0,1,1,,,0,0.0,0
Ty Summers,30242,LB,CHI,1,0,6,,,0,0.0,0,60.0,0,100.0,1,1,,,0,0.0,0
Jacob Bobenmoyer,30352,LS,LV,1,0,23,,,0,0.0,0,60.0,0,100.0,1,1,,,0,0.0,0
Jack Fox,34735,P,DET,1,0,11,,,0,0.0,0,60.0,0,100.0,1,1,,,0,0.0,0
Lawrence Cager,34914,TE,WAS,1,0,32,,,0,0.0,0,60.0,0,100.0,1,1,,,0,0.0,0
AJ Cole,36038,P,LV,1,0,23,,,0,0.0,0,60.0,0,100.0,1,1,,,0,0.0,0
Jamal Agnew,11920,WR,ATL,1,0,2,,,0,0.0,0,60.0,0,100.0,1,1,60.0,100.0,1,100.0,1
Austin Ajiake,83826,LB,IND,1,0,14,,,0,0.0,0,60.0,0,100.0,1,1,,,0,0.0,0
Brittain Brown,40399,HB,CHI,2,0,6,,0.0,0,0.0,3,60.0,0,16.7,1,6,,0.0,0,0.0,2
Danny Stutsman,144632,LB,NO,1,0,20,,,0,0.0,0,60.0,0,100.0,1,1,,,0,0.0,0
Kaden Davis,156151,WR,CLV,1,0,8,60.0,100.0,1,100.0,1,60.0,0,100.0,1,1,,,0,0.0,0
Mac McWilliams,121497,CB,PHI,1,0,24,,,0,0.0,0,60.0,0,100.0,1,1,,,0,0.0,0
Jeremiah Trotter Jr.,144142,LB,PHI,1,0,24,,,0,0.0,0,60.0,0,100.0,1,1,,,0,0.0,0
Daniel Thomas,42544,S,DET,1,0,11,,,0,0.0,0,60.0,0,100.0,1,1,,,0,0.0,0
Jeffery Simmons,43742,DI,TEN,1,2,31,60.0,100.0,1,100.0,1,60.0,4,100.0,1,1,,,0,0.0,0
Jerome Ford,83601,HB,CLV,9,0,8,,0.0,0,0.0,9,60.0,0,4.0,1,25,,0.0,0,0.0,13
Isaiah Stalbird,83325,LB,NO,1,0,20,,,0,0.0,0,60.0,0,100.0,1,1,,,0,0.0,0
Craig Reynolds,94383,HB,DET,2,0,11,,,0,0.0,0,60.0,0,25.0,1,4,,0.0,0,0.0,3
Sydney Brown,83241,S,PHI,1,0,24,,,0,0.0,0,60.0,0,100.0,1,1,,,0,0.0,0
Roschon Johnson,99467,HB,CHI,2,0,6,,0.0,0,0.0,1,60.0,0,33.3,1,3,,0.0,0,0.0,1
Bryan Anger,7072,P,DAL,1,0,9,,,0,0.0,0,60.0,0,100.0,1,1,,,0,0.0,0
Cody Lindenberg,129660,LB,LV,1,0,23,,,0,0.0,0,60.0,0,100.0,1,1,,,0,0.0,0
Cam Jones,81244,LB,NYJ,1,0,22,,,0,0.0,0,60.0,0,100.0,1,1,,,0,0.0,0
Isaac Yiadom,49355,CB,NO,1,0,20,,,0,0.0,0,60.0,0,100.0,1,1,,,0,0.0,0
Jarius Monroe,103580,S,NYJ,1,0,22,,,0,0.0,0,60.0,0,100.0,1,1,,,0,0.0,0
Isaiah Oliver,50393,S,NYJ,1,0,22,,,0,0.0,0,60.0,0,100.0,1,1,,,0,0.0,0
Daniel Hardy,91336,ED,CHI,1,0,6,,,0,0.0,0,60.0,0,100.0,1,1,60.0,100.0,1,100.0,1
Sione Vaki,158505,HB,DET,2,0,11,,0.0,0,0.0,1,60.0,0,50.0,1,2,,,0,0.0,0
Zach Wood,11414,LS,NO,1,0,20,,,0,0.0,0,60.0,0,100.0,1,1,,,0,0.0,0
Segun Olubi,128312,LB,IND,1,0,14,,,0,0.0,0,60.0,0,100.0,1,1,,,0,0.0,0
Luke Rhodes,10940,LS,IND,1,0,14,,,0,0.0,0,60.0,0,100.0,1,1,,,0,0.0,0
Chris Rumph II,56345,ED,NO,1,0,20,,,0,0.0,0,60.0,0,100.0,1,1,,,0,0.0,0
Patrick Johnson,56460,ED,PHI,1,0,24,,,0,0.0,0,60.0,0,100.0,1,1,,,0,0.0,0
D.J. Davidson,56523,DI,NYG,1,0,21,,,0,0.0,0,60.0,0,100.0,1,1,,,0,0.0,0
Kai Kroeger,124245,P,NO,1,0,20,,,0,0.0,0,60.0,0,100.0,1,1,,,0,0.0,0
Milton Williams,56682,DI,NE,1,0,19,,,0,0.0,0,60.0,0,100.0,1,1,,,0,0.0,0
Kendall Milton,124031,HB,CIN,1,0,7,,0.0,0,0.0,1,60.0,0,25.0,1,4,,0.0,0,0.0,2
Malachi Moore,123928,S,NYJ,1,0,22,,,0,0.0,0,60.0,0,100.0,1,1,,,0,0.0,0
Trey Sermon,57372,HB,PIT,1,0,25,,,0,0.0,0,60.0,0,100.0,1,1,,,0,0.0,0
Tommy Eichenberg,101488,LB,LV,1,0,23,,,0,0.0,0,60.0,0,100.0,1,1,,,0,0.0,0
Casey Kreiter,8959,LS,NYG,1,0,21,,,0,0.0,0,60.0,0,100.0,1,1,,,0,0.0,0
Jon Rhattigan,57718,LB,LV,1,0,23,,,0,0.0,0,60.0,0,100.0,1,1,,,0,0.0,0
Jaylan Ford,123114,LB,NO,1,0,20,,,0,0.0,0,60.0,0,100.0,1,1,,,0,0.0,0
Pete Werner,58093,LB,NO,1,0,20,,,0,0.0,0,60.0,0,100.0,1,1,,,0,0.0,0
Derrick Barnes,58120,LB,DET,1,0,11,,,0,0.0,0,60.0,0,100.0,1,1,,,0,0.0,0
Buddy Johnson,58189,LB,IND,1,0,14,,,0,0.0,0,60.0,0,100.0,1,1,,,0,0.0,0
Qwan'tez Stiggers,169764,CB,NYJ,1,0,22,,,0,0.0,0,60.0,1,100.0,1,1,,,0,0.0,0
Easton Mascarenas-Arnold,71410,LB,CLV,1,0,8,60.0,100.0,1,100.0,1,60.0,0,100.0,1,1,,,0,0.0,0
Trevor Nowaske,169859,ED,DET,1,0,11,,,0,0.0,0,60.0,0,100.0,1,1,,,0,0.0,0
Hogan Hatten,102135,LS,DET,1,0,11,,,0,0.0,0,60.0,0,100.0,1,1,,,0,0.0,0
C.J. Hanson,102272,G,KC,1,0,16,,,0,0.0,0,60.0,0,100.0,1,1,,,0,0.0,0
Tristin McCollum,66771,S,LV,1,0,23,,,0,0.0,0,60.0,0,100.0,1,1,,,0,0.0,0
Charley Hughlett,7336,LS,PHI,1,0,24,,,0,0.0,0,60.0,0,100.0,1,1,,,0,0.0,0
Rigoberto Sanchez,12130,P,IND,1,0,14,,,0,0.0,0,60.0,0,100.0,1,1,,,0,0.0,0
Smael Mondon Jr.,146725,LB,PHI,1,0,24,,,0,0.0,0,60.0,0,100.0,1,1,,,0,0.0,0
