player,player_id,position,team_name,player_game_count,declined_penalties,franchise_id,grades_pass_block,hits_allowed,hurries_allowed,non_spike_pass_block,non_spike_pass_block_percentage,pass_block_percent,pbe,penalties,pressures_allowed,sacks_allowed,snap_counts_pass_block,snap_counts_pass_play,true_pass_set_grades_pass_block,true_pass_set_hits_allowed,true_pass_set_hurries_allowed,true_pass_set_non_spike_pass_block,true_pass_set_non_spike_pass_block_percentage,true_pass_set_pass_block_percent,true_pass_set_pbe,true_pass_set_pressures_allowed,true_pass_set_sacks_allowed,true_pass_set_snap_counts_pass_block,true_pass_set_snap_counts_pass_play
Joe Thuney,10712,G,KC,20,2,16,90.5,2,14,898,100.0,100.0,99.0,5,17,1,956,956,82.9,1,12,369,100.0,100.0,98.0,14,1,406,406
Creed Humphrey,59996,C,KC,20,2,16,79.8,1,8,898,100.0,100.0,99.2,4,12,3,956,956,74.2,0,5,369,100.0,100.0,98.8,7,2,406,406
Trey Smith,62960,G,KC,20,1,16,61.5,10,42,898,100.0,100.0,96.5,5,57,5,956,956,46.9,4,34,369,100.0,100.0,93.8,42,4,406,406
Orlando Brown Jr.,46227,T,KC,19,3,16,74.4,13,26,861,100.0,100.0,97.0,5,45,6,916,916,63.8,9,17,351,100.0,100.0,94.9,31,5,387,387
Alex Cappa,66578,G,TB,19,0,30,67.5,7,23,860,100.0,100.0,97.7,0,35,5,896,896,52.6,3,23,381,100.0,100.0,95.5,30,4,398,398
Ryan Jensen,7985,C,TB,19,2,30,61.8,5,18,852,100.0,100.0,98.2,4,27,4,886,886,46.6,3,15,377,100.0,100.0,96.6,22,4,394,394
Donovan Smith,9467,T,TB,19,2,30,80.1,4,35,850,100.0,100.0,97.2,4,43,4,884,884,66.3,4,29,376,100.0,100.0,95.1,35,2,393,393
Mitch Morse,9482,C,BUF,19,1,4,74.1,2,22,800,100.0,100.0,98.2,4,26,2,851,851,63.6,1,16,339,100.0,100.0,96.9,19,2,363,363
Daryl Williams,9535,G,BUF,19,0,4,72.3,9,31,800,100.0,100.0,97.0,3,44,4,850,850,62.3,5,22,338,100.0,100.0,95.1,30,3,361,361
David Edwards,35941,G,LA,21,1,26,70.7,4,30,799,100.0,100.0,97.0,1,41,7,838,838,60.7,4,22,376,100.0,100.0,94.9,32,6,398,398
Austin Corbett,46290,G,LA,21,0,26,63.1,10,28,798,100.0,100.0,97.2,3,41,3,838,838,51.5,8,20,375,100.0,100.0,95.5,31,3,397,397
Tyler Biadasz,41178,C,DAL,18,0,9,70.9,4,17,755,100.0,100.0,98.5,1,22,1,819,819,59.8,3,13,333,100.0,100.0,97.3,17,1,368,368
Ali Marpet,9494,G,TB,18,0,30,75.6,2,20,784,100.0,100.0,98.2,1,25,3,812,812,65.6,1,17,345,100.0,100.0,96.5,21,3,358,358
Jonah Williams,41651,T,CIN,20,0,7,67.5,7,34,762,100.0,100.0,96.0,2,51,10,808,808,60.9,6,26,351,100.0,100.0,93.7,38,6,376,376
Tristan Wirfs,64818,T,TB,18,1,30,83.8,2,10,766,100.0,100.0,98.8,2,15,3,801,801,80.2,1,7,334,100.0,100.0,98.2,10,2,350,350
Dion Dawkins,11818,T,BUF,18,2,4,82.8,6,18,748,99.9,99.9,97.9,7,28,4,795,796,76.6,5,10,318,100.0,100.0,96.7,18,3,340,340
Andre James,47058,C,LV,18,0,23,70.0,3,12,743,100.0,100.0,98.6,0,18,3,792,792,72.7,2,9,403,100.0,100.0,98.1,13,2,440,440
Kolton Miller,47013,T,LV,18,2,23,85.1,5,26,743,100.0,100.0,97.4,4,35,4,792,792,84.5,3,21,403,100.0,100.0,96.3,27,3,440,440
Quinton Spain,10110,G,CIN,20,0,7,56.2,4,19,740,100.0,100.0,97.5,3,30,7,782,782,49.6,3,9,340,100.0,100.0,96.5,18,6,362,362
John Simpson,41715,G,LV,18,1,23,64.1,5,32,723,100.0,100.0,97.0,5,40,3,772,772,50.2,5,23,391,100.0,100.0,95.7,31,3,428,428
Kevin Zeitler,7032,G,BLT,17,0,3,79.7,0,16,724,100.0,100.0,98.8,3,17,1,771,771,64.6,0,14,290,100.0,100.0,97.2,15,1,310,310
Alex Leatherwood,58468,G,LV,18,3,23,31.3,17,42,721,100.0,100.0,94.8,7,67,8,770,770,24.5,13,37,390,100.0,100.0,92.3,55,5,427,427
Alejandro Villanueva,9091,T,BLT,17,1,3,58.7,9,36,717,100.0,100.0,95.6,7,54,9,764,764,38.0,6,30,295,100.0,100.0,91.9,42,6,315,315
Rob Havenstein,9490,T,LA,19,2,26,77.5,6,17,732,100.0,100.0,97.5,3,30,7,764,764,73.6,2,13,345,100.0,100.0,96.4,20,5,362,362
Dan Moore Jr.,60120,T,PIT,17,1,25,59.5,11,30,699,100.0,100.0,96.1,2,48,7,752,752,41.7,8,26,294,100.0,100.0,92.9,38,4,316,316
Rashawn Slater,59971,T,LAC,16,0,27,80.3,6,16,698,100.0,100.0,97.9,2,26,4,752,752,66.6,5,13,334,100.0,100.0,96.4,21,3,359,359
Trey Hopkins,9276,C,CIN,19,0,7,63.0,3,14,709,100.0,100.0,98.1,1,22,5,750,750,54.8,2,10,322,100.0,100.0,96.9,16,4,343,343
Trai Turner,8727,G,PIT,18,2,25,72.5,0,13,697,100.0,100.0,97.9,2,21,8,750,750,61.7,0,12,287,100.0,100.0,96.5,16,4,309,309
Zack Martin,8651,G,DAL,17,0,9,87.6,6,15,687,100.0,100.0,98.2,1,23,2,743,743,77.7,6,12,304,100.0,100.0,96.4,20,2,332,332
Robert Hunt,46139,G,MIA,17,1,17,68.3,3,26,688,100.0,100.0,97.6,4,31,2,740,740,60.5,0,18,256,100.0,100.0,95.7,20,2,284,284
Matt Feiler,9289,G,LAC,16,0,27,62.2,7,13,689,100.0,100.0,97.8,3,25,5,737,737,48.6,4,10,311,100.0,100.0,96.8,17,3,334,334
Storm Norton,12188,T,LAC,16,4,27,44.9,8,42,680,100.0,100.0,95.0,4,59,9,732,732,34.5,6,34,326,100.0,100.0,91.4,48,8,348,348
Brian Allen,46104,C,LA,19,0,26,62.9,5,15,697,100.0,100.0,97.8,1,25,5,730,730,51.3,5,10,331,100.0,100.0,96.2,20,5,350,350
Corey Linsley,8796,C,LAC,16,1,27,85.8,2,8,673,100.0,100.0,99.3,4,10,0,724,724,78.6,1,6,313,100.0,100.0,98.9,7,0,337,337
Chukwuma Okorafor,46302,T,PIT,17,2,25,61.1,7,14,668,100.0,100.0,98.1,4,23,2,720,720,51.5,7,10,282,100.0,100.0,96.3,19,2,304,304
Bradley Bozeman,27934,C,BLT,16,0,3,75.2,3,15,673,100.0,100.0,98.2,0,21,3,718,718,70.4,3,9,275,100.0,100.0,97.5,13,1,294,294
Taylor Moton,11819,T,CAR,17,0,5,79.4,4,22,679,100.0,100.0,97.9,1,27,1,713,713,73.5,3,19,330,100.0,100.0,96.4,23,1,350,350
Jawaan Taylor,41665,T,JAX,17,2,15,72.0,3,25,667,100.0,100.0,97.0,9,34,6,712,712,67.2,2,19,318,100.0,100.0,95.4,25,4,338,338
Andrew Norwell,9126,G,JAX,17,1,15,73.5,5,16,664,100.0,100.0,98.0,4,24,3,709,709,59.7,5,14,316,100.0,100.0,96.4,21,2,336,336
Austin Jackson,60816,G,MIA,16,0,17,49.1,6,41,657,100.0,100.0,96.1,5,49,2,708,708,33.3,6,27,249,100.0,100.0,92.6,35,2,277,277
Liam Eichenberg,41851,T,MIA,17,3,17,46.9,8,45,655,100.0,100.0,94.6,5,62,9,704,704,31.0,6,30,241,100.0,100.0,89.2,44,8,267,267
Andrew Whitworth,3000,T,LA,18,2,26,89.8,3,11,669,100.0,100.0,98.1,5,20,6,703,703,86.8,2,9,317,100.0,100.0,97.3,14,3,338,338
James Daniels,45576,G,CHI,17,1,6,68.3,4,33,658,100.0,100.0,96.7,4,40,3,701,701,60.7,1,25,292,100.0,100.0,94.9,28,2,306,306
Cody Whitehair,10690,G,CHI,17,1,6,61.3,5,24,658,100.0,100.0,97.2,3,33,4,701,701,52.3,4,17,292,100.0,100.0,95.0,25,4,306,306
Sam Mustipher,13026,C,CHI,17,0,6,62.6,3,24,658,100.0,100.0,97.8,2,28,1,701,701,46.7,2,16,292,100.0,100.0,96.6,19,1,306,306
D.J. Humphries,9457,T,ARZ,17,3,1,65.7,4,33,663,100.0,100.0,96.0,6,45,8,699,699,56.1,1,21,235,100.0,100.0,92.8,28,6,254,254
Ezra Cleveland,41973,G,MIN,17,0,18,55.5,6,27,652,100.0,100.0,97.3,1,34,1,695,695,40.0,4,23,265,100.0,100.0,94.5,28,1,280,280
Brian O'Neill,46854,T,MIN,17,0,18,77.5,2,19,652,100.0,100.0,98.2,0,22,1,695,695,72.5,0,12,265,100.0,100.0,97.4,13,1,280,280
Alijah Vera-Tucker,57107,G,NYJ,16,1,22,56.9,6,34,652,100.0,100.0,96.6,3,42,2,693,693,54.8,4,20,299,100.0,100.0,95.3,26,2,314,314
Jesse Davis,9989,T,MIA,17,1,17,51.1,10,39,644,100.0,100.0,95.0,2,57,8,692,692,42.1,7,23,237,100.0,100.0,90.7,37,7,261,261
Laken Tomlinson,9461,G,SF,20,0,28,69.2,9,21,641,100.0,100.0,97.2,1,33,3,681,681,54.2,9,13,262,100.0,100.0,94.7,25,3,279,279
Daniel Brunskill,34807,G,SF,20,1,28,48.2,6,30,641,100.0,100.0,96.4,1,41,5,681,681,27.8,5,24,262,100.0,100.0,92.6,34,5,279,279
Alex Mack,4944,C,SF,20,0,28,77.2,2,11,640,100.0,100.0,98.7,1,15,2,680,680,78.9,0,5,261,100.0,100.0,98.3,7,2,278,278
Morgan Moses,8701,T,NYJ,17,0,22,65.7,10,35,639,100.0,100.0,95.9,2,49,4,679,679,60.5,9,25,292,100.0,100.0,93.2,37,3,306,306
Charles Leno Jr.,8880,T,WAS,17,0,32,87.3,7,23,633,100.0,100.0,96.7,0,36,6,678,678,79.9,5,16,258,100.0,100.0,94.4,25,4,278,278
Will Hernandez,46180,G,NYG,17,2,21,56.0,7,22,628,100.0,100.0,96.6,3,36,7,676,676,55.6,4,13,276,100.0,100.0,95.5,21,4,296,296
Jon Runyan,36661,G,GB,17,1,12,72.0,3,16,636,100.0,100.0,98.2,1,21,2,672,672,65.3,2,11,213,100.0,100.0,96.0,15,2,232,232
Olisaemeka Udoh,28394,G,MIN,16,2,18,39.0,6,38,622,100.0,100.0,96.3,7,45,1,662,662,19.8,4,32,248,100.0,100.0,92.3,37,1,261,261
David Quessenberry,7957,T,TEN,18,1,31,61.6,12,23,626,100.0,100.0,95.4,2,46,11,662,662,53.5,9,15,255,100.0,100.0,92.2,32,8,270,270
Chris Lindstrom,46692,G,ATL,17,1,2,65.3,8,23,624,100.0,100.0,97.5,1,31,0,661,661,64.2,7,13,243,100.0,100.0,95.9,20,0,259,259
Jake Matthews,8641,T,ATL,17,0,2,77.2,5,18,623,100.0,100.0,97.7,2,26,3,660,660,73.1,3,10,242,100.0,100.0,96.5,15,2,258,258
Royce Newman,41746,G,GB,17,1,12,60.2,5,21,623,100.0,100.0,97.0,1,32,6,660,660,35.4,2,19,210,100.0,100.0,92.6,26,5,230,230
Ben Jones,7099,C,TEN,18,1,31,67.6,7,18,622,100.0,100.0,97.8,2,26,1,658,658,53.7,4,12,252,100.0,100.0,96.4,17,1,267,267
David Andrews,9948,C,NE,18,0,19,73.7,3,14,617,100.0,100.0,98.5,1,18,1,654,654,58.0,2,10,271,100.0,100.0,97.4,13,1,289,289
Connor McGovern,10778,C,NYJ,15,0,22,69.5,2,13,611,100.0,100.0,98.1,1,19,4,651,651,62.7,0,8,280,100.0,100.0,97.1,12,4,295,295
Billy Price,46795,C,NYG,15,0,21,54.9,4,18,604,100.0,100.0,97.8,1,24,2,649,649,45.4,2,13,261,100.0,100.0,96.7,16,1,280,280
Jonah Jackson,37070,G,DET,16,0,11,56.4,9,22,607,100.0,100.0,96.8,3,35,4,648,648,42.2,7,19,318,100.0,100.0,95.3,28,2,337,337
Penei Sewell,81788,T,DET,16,2,11,69.4,8,22,601,100.0,100.0,96.7,3,35,5,644,644,60.4,6,18,311,100.0,100.0,94.9,28,4,332,332
Ereck Flowers,9442,G,WAS,16,1,32,78.1,3,17,591,100.0,100.0,97.3,2,26,6,635,635,75.4,2,8,239,100.0,100.0,96.2,14,4,260,260
Matt Hennessy,41141,C,ATL,17,0,2,50.5,1,28,596,100.0,100.0,97.1,3,32,3,632,632,51.7,0,13,229,100.0,100.0,96.3,15,2,245,245
Wyatt Teller,46131,G,CLV,17,1,8,70.4,0,20,597,100.0,100.0,97.7,6,24,4,631,631,64.2,0,13,220,100.0,100.0,96.1,15,2,236,236
Joel Bitonio,8670,G,CLV,17,0,8,85.9,2,13,597,100.0,100.0,98.4,0,17,2,631,631,85.3,0,10,220,100.0,100.0,97.3,11,1,236,236
Kendrick Green,56642,C,PIT,15,1,25,54.4,4,11,582,100.0,100.0,98.2,3,18,3,631,631,51.2,3,9,247,100.0,100.0,97.2,13,1,265,265
Kelvin Beachum,7229,T,ARZ,16,1,1,69.4,2,30,593,100.0,100.0,97.0,5,34,2,630,630,64.9,1,18,205,100.0,100.0,94.4,21,2,226,226
Connor Williams,46216,G,DAL,16,2,9,74.0,1,12,577,100.0,100.0,98.5,10,15,2,624,624,60.4,1,11,258,100.0,100.0,96.9,14,2,282,282
Kaleb McGary,46912,T,ATL,16,0,2,50.6,10,22,587,100.0,100.0,95.7,0,41,9,624,624,52.7,2,14,229,100.0,100.0,94.3,21,5,245,245
Jalen Mayfield,81725,G,ATL,16,1,2,27.6,21,25,588,100.0,100.0,94.2,3,57,11,622,622,11.3,14,16,231,100.0,100.0,88.7,41,11,246,246
Brandon Parker,34693,T,LV,15,0,23,55.0,12,33,579,100.0,100.0,94.6,2,54,9,618,618,52.7,8,24,292,100.0,100.0,91.8,40,8,323,323
Lloyd Cushenberry III,41924,C,DEN,16,0,10,72.9,5,14,577,100.0,100.0,97.5,2,24,5,610,610,70.0,3,6,246,100.0,100.0,97.0,12,3,260,260
Cesar Ruiz,59857,G,NO,17,0,20,63.8,2,24,579,100.0,100.0,96.9,0,31,5,610,610,52.9,0,17,293,100.0,100.0,96.1,20,3,311,311
Jason Kelce,6343,C,PHI,18,0,24,71.2,0,16,569,100.0,100.0,98.4,3,17,1,607,607,68.8,0,10,267,100.0,100.0,98.1,10,0,280,280
Michael Schofield III,8730,G,LAC,14,1,27,75.2,4,18,564,100.0,100.0,97.7,1,24,2,605,605,62.1,3,15,282,100.0,100.0,96.1,20,2,302,302
Lucas Patrick,11435,C,GB,15,1,12,66.2,4,15,571,100.0,100.0,98.0,4,21,2,603,603,45.4,3,11,194,100.0,100.0,95.4,16,2,211,211
George Fant,11282,T,NYJ,15,2,22,75.1,3,14,561,100.0,100.0,98.3,2,18,1,594,594,69.5,2,9,258,100.0,100.0,97.9,11,0,270,270
Trent Williams,5529,T,SF,18,2,28,82.7,6,16,558,99.8,99.8,97.8,6,23,1,591,592,70.8,5,12,222,100.0,100.0,95.7,18,1,237,237
Halapoulivaati Vaitai,10798,G,DET,15,0,11,66.9,5,18,552,100.0,100.0,97.9,1,23,0,590,590,59.5,5,14,293,100.0,100.0,96.8,19,0,311,311
Shaq Mason,9564,G,NE,16,0,19,72.3,3,11,558,100.0,100.0,98.4,3,16,2,589,589,60.4,2,8,250,100.0,100.0,97.2,12,2,266,266
J.C. Tretter,7904,C,CLV,16,0,8,83.7,1,8,555,100.0,100.0,99.0,1,10,1,587,587,79.6,1,5,204,100.0,100.0,98.0,7,1,220,220
Nate Solder,6169,T,NYG,16,2,21,52.7,7,23,545,100.0,100.0,96.1,5,36,6,586,586,48.1,5,15,225,100.0,100.0,93.3,25,5,243,243
Duane Brown,4340,T,SEA,17,0,29,69.9,3,22,552,100.0,100.0,96.3,1,33,8,585,585,58.4,3,15,193,100.0,100.0,92.2,24,6,211,211
Tytus Howard,25472,G,HST,15,1,13,70.1,2,19,545,100.0,100.0,97.7,4,23,2,585,585,71.3,1,15,207,100.0,100.0,95.2,18,2,220,220
Gabe Jackson,8716,G,SEA,16,1,29,55.7,4,30,542,100.0,100.0,96.3,3,37,3,574,574,40.7,2,19,194,100.0,100.0,93.0,24,3,211,211
Cam Robinson,11789,T,JAX,14,2,15,76.6,8,22,537,100.0,100.0,97.0,2,31,1,573,573,67.0,6,18,255,100.0,100.0,94.9,25,1,273,273
Ryan Kelly,10652,C,IND,14,2,14,57.7,3,23,510,100.0,100.0,96.9,4,29,3,550,550,53.6,2,15,236,100.0,100.0,95.6,19,2,258,258
Garrett Bradbury,46013,C,MIN,13,2,18,43.7,6,18,513,100.0,100.0,97.3,4,26,2,546,546,39.2,4,11,204,100.0,100.0,95.8,16,1,215,215
Landon Dickerson,41712,G,PHI,15,0,24,60.5,8,23,502,100.0,100.0,96.5,1,33,2,535,535,46.6,5,21,240,100.0,100.0,94.6,26,0,250,250
Nate Davis,46808,G,TEN,15,1,31,49.5,6,24,501,100.0,100.0,96.0,2,35,5,534,534,41.9,4,16,198,100.0,100.0,92.9,24,4,213,213
Billy Turner,8702,T,GB,14,1,12,69.3,3,28,499,100.0,100.0,96.3,4,34,3,533,533,62.1,1,20,188,100.0,100.0,93.4,23,2,205,205
Max Garcia,9566,G,ARZ,14,1,1,56.1,0,15,501,100.0,100.0,97.5,1,20,5,532,532,58.4,0,8,177,100.0,100.0,96.6,10,2,196,196
Ben Powers,41482,G,BLT,13,0,3,66.1,3,15,498,100.0,100.0,97.6,0,21,3,532,532,50.9,2,10,211,100.0,100.0,95.7,15,3,225,225
Terence Steele,39461,T,DAL,15,0,9,60.9,5,24,490,99.0,99.1,96.6,4,31,2,528,533,54.6,4,18,210,100.0,100.0,93.8,24,2,227,227
Garett Bolles,11775,T,DEN,14,3,10,77.8,6,11,497,100.0,100.0,97.3,8,22,5,525,525,75.1,4,5,217,100.0,100.0,96.5,12,3,228,228
Justin Pugh,7800,G,ARZ,14,0,1,73.4,0,20,494,100.0,100.0,98.0,0,20,0,524,524,61.0,0,15,184,100.0,100.0,95.9,15,0,202,202
Rodney Hudson,6207,C,ARZ,13,1,1,75.0,0,4,493,100.0,100.0,99.4,1,5,1,523,523,69.3,0,2,165,100.0,100.0,99.4,2,0,179,179
Spencer Brown,42296,T,BUF,15,1,4,49.1,5,30,493,100.0,100.0,96.2,3,36,1,523,523,29.3,4,24,194,100.0,100.0,92.3,29,1,205,205
Charlie Heck,36501,T,HST,13,0,13,66.5,3,21,488,100.0,100.0,96.5,0,29,5,519,519,59.4,0,13,181,100.0,100.0,94.2,17,4,193,193
Isaiah Wynn,46048,T,NE,16,1,19,70.7,5,17,491,100.0,100.0,96.5,2,28,6,518,518,66.7,4,8,209,100.0,100.0,94.7,17,5,223,223
Jason Peters,2148,T,CHI,15,0,6,77.9,5,17,483,100.0,100.0,96.5,1,28,6,517,517,77.2,2,10,194,100.0,100.0,94.3,17,5,206,206
Andrew Thomas,59701,T,NYG,13,0,21,82.1,3,13,482,99.8,99.8,97.9,1,18,2,517,518,78.2,1,9,225,100.0,100.0,96.9,12,2,239,239
James Hurst,9001,T,NO,17,1,20,76.9,4,20,491,100.0,100.0,96.9,1,27,3,516,516,72.0,0,17,245,100.0,100.0,96.1,18,1,259,259
Tyron Smith,6161,T,DAL,12,1,9,87.0,5,9,467,100.0,100.0,97.9,8,17,3,515,515,78.9,5,7,201,100.0,100.0,95.5,15,3,226,226
Jordan Mailata,66916,T,PHI,15,0,24,83.8,2,20,481,100.0,100.0,97.1,2,25,3,511,511,78.9,0,12,224,100.0,100.0,96.9,13,1,235,235
La'el Collins,9719,T,DAL,13,0,9,74.3,0,18,473,100.0,100.0,97.7,4,20,2,509,509,68.5,0,12,216,100.0,100.0,97.2,12,0,240,240
Calvin Throckmorton,28238,G,NO,17,0,20,43.7,7,25,483,100.0,100.0,96.5,0,33,1,507,507,38.1,4,18,240,100.0,100.0,95.0,23,1,252,252
Dalton Risner,47008,G,DEN,15,0,10,73.6,5,12,476,100.0,100.0,97.4,0,21,4,504,504,60.8,4,10,206,100.0,100.0,95.1,17,3,218,218
Hakeem Adeniji,45419,G,CIN,13,1,7,36.1,4,24,470,100.0,100.0,95.1,3,37,9,501,501,28.1,3,14,213,100.0,100.0,92.7,24,7,230,230
Josh Jones,26634,G,ARZ,17,2,1,48.3,3,22,472,100.0,100.0,96.5,5,29,4,498,498,36.7,1,12,160,100.0,100.0,94.7,15,2,176,176
Rodger Saffold,5558,G,TEN,16,1,31,46.7,8,18,468,100.0,100.0,96.8,4,28,2,494,494,31.8,7,14,180,100.0,100.0,93.1,23,2,191,191
Eric Fisher,7783,T,IND,15,2,14,61.0,11,23,457,100.0,100.0,94.7,2,41,7,490,490,50.5,6,15,187,100.0,100.0,91.2,27,6,205,205
Bobby Massie,7112,T,DEN,13,0,10,60.1,6,25,458,100.0,100.0,95.5,0,36,5,484,484,59.0,3,13,193,100.0,100.0,93.3,21,5,202,202
Taylor Lewan,8646,T,TEN,14,0,31,70.2,5,13,459,100.0,100.0,97.2,2,22,4,483,483,61.3,4,10,199,100.0,100.0,95.0,17,3,210,210
Andrew Wylie,12333,T,KC,11,1,16,56.2,3,31,453,100.0,100.0,95.4,3,38,4,479,479,46.9,1,22,182,100.0,100.0,92.0,26,3,198,198
Mark Glowinski,9567,G,IND,16,0,14,62.6,8,28,445,100.0,100.0,95.5,1,38,2,476,476,58.3,6,19,209,100.0,100.0,93.1,27,2,226,226
Greg Van Roten,7746,G,NYJ,12,0,22,53.7,1,33,444,100.0,100.0,95.5,0,37,3,474,474,42.6,1,24,216,100.0,100.0,92.8,28,3,228,228
Matt Skura,11102,G,NYG,14,0,21,29.5,10,20,443,100.0,100.0,96.2,2,32,2,473,473,10.7,6,13,170,100.0,100.0,93.8,20,1,183,183
Ted Karras,10855,G,NE,15,0,19,76.5,2,8,441,99.8,99.8,98.2,1,13,3,469,470,81.4,0,4,196,100.0,100.0,98.5,5,1,211,211
Ben Bartch,84236,G,JAX,14,0,15,52.8,5,16,431,100.0,100.0,96.9,2,24,3,460,460,51.5,2,12,210,100.0,100.0,95.2,17,3,220,220
Evan Brown,38709,C,DET,13,0,11,72.4,3,4,422,100.0,100.0,98.9,1,8,1,455,455,71.5,2,1,209,100.0,100.0,98.8,4,1,224,224
Lane Johnson,7786,T,PHI,14,1,24,82.6,1,10,426,99.8,99.8,98.7,4,11,0,448,449,74.6,1,8,197,100.0,100.0,97.7,9,0,203,203
Quenton Nelson,12954,G,IND,13,1,14,62.0,6,8,419,100.0,100.0,98.1,3,15,1,448,448,63.8,5,6,188,100.0,100.0,96.5,12,1,205,205
Patrick Mekari,46219,T,BLT,13,0,3,73.8,1,18,423,99.8,99.8,96.8,0,23,4,447,448,68.1,0,15,179,100.0,100.0,94.7,17,2,188,188
Michael Jordan,28021,G,CAR,11,0,5,49.0,4,22,417,100.0,100.0,95.4,2,32,6,439,439,29.6,3,16,204,100.0,100.0,92.4,25,6,216,216
Jedrick Wills Jr.,58467,T,CLV,13,0,8,67.9,4,19,413,100.0,100.0,96.0,1,28,5,437,437,46.1,1,14,139,100.0,100.0,91.7,19,4,151,151
Erik McCoy,37347,C,NO,12,0,20,70.6,2,5,408,100.0,100.0,99.1,3,7,0,433,433,58.5,2,4,212,100.0,100.0,98.6,6,0,228,228
Damien Lewis,81532,G,SEA,13,1,29,47.9,7,13,405,100.0,100.0,97.3,2,21,1,431,431,48.7,5,7,148,100.0,100.0,95.9,12,0,163,163
Ike Boettger,46918,G,BUF,12,0,4,72.2,1,15,401,100.0,100.0,97.8,1,17,1,425,425,63.5,1,10,171,100.0,100.0,96.8,11,0,182,182
Riley Reiff,7029,T,CIN,12,0,7,58.4,3,14,396,100.0,100.0,96.8,1,21,4,422,422,48.8,2,11,169,100.0,100.0,95.6,14,1,185,185
John Miller,9514,G,CAR,10,0,5,50.5,1,21,398,100.0,100.0,95.5,2,29,7,421,421,27.9,1,16,201,100.0,100.0,92.3,24,7,216,216
Justin Britt,8699,C,HST,11,1,13,53.7,3,5,382,100.0,100.0,98.2,3,11,3,419,419,51.3,2,3,153,100.0,100.0,96.4,8,3,168,168
Matt Nelson,48584,T,DET,13,2,11,45.8,4,34,387,99.5,99.5,94.3,2,41,3,416,418,36.8,4,31,211,100.0,100.0,90.8,37,2,226,226
Larry Borom,59879,T,CHI,10,0,6,62.7,4,23,389,100.0,100.0,95.2,2,32,5,415,415,59.4,3,19,173,100.0,100.0,91.9,25,3,182,182
Max Scharping,46961,G,HST,15,0,13,53.8,4,13,373,100.0,100.0,97.2,2,19,2,400,400,34.4,2,10,146,100.0,100.0,94.5,14,2,156,156
Christian Darrisaw,77373,T,MIN,11,0,18,63.1,6,11,375,100.0,100.0,96.4,2,22,5,398,398,58.0,4,8,165,100.0,100.0,93.9,16,4,174,174
Brandon Scherff,9438,G,WAS,11,1,32,72.4,1,18,370,100.0,100.0,97.4,1,19,0,398,398,68.6,0,12,147,100.0,100.0,95.9,12,0,163,163
Isaiah Prince,47019,T,CIN,15,2,7,39.7,7,24,375,99.7,99.7,94.5,5,36,5,395,396,46.3,4,14,177,100.0,100.0,93.8,20,2,187,187
Braden Smith,46794,T,IND,11,1,14,70.8,3,15,363,100.0,100.0,96.4,3,22,4,391,391,66.7,2,12,160,100.0,100.0,93.7,17,3,176,176
Tom Compton,7181,T,SF,13,1,28,64.6,3,18,369,100.0,100.0,95.5,1,27,6,387,387,53.1,3,12,162,100.0,100.0,92.3,20,5,169,169
Ethan Pocic,11813,C,SEA,11,0,29,48.4,4,12,347,100.0,100.0,97.1,1,18,2,367,367,27.2,2,7,112,100.0,100.0,94.2,11,2,123,123
Blake Hance,46301,T,CLV,13,1,8,36.9,5,22,346,99.7,99.7,94.9,2,31,4,366,367,28.0,4,16,127,100.0,100.0,89.8,23,3,136,136
Tyler Shatley,9257,C,JAX,10,0,15,62.9,2,11,347,100.0,100.0,98.1,1,13,0,364,364,52.6,2,7,173,100.0,100.0,97.4,9,0,183,183
Ryan Ramczyk,11787,T,NO,10,0,20,73.0,2,15,339,100.0,100.0,96.9,0,19,2,361,361,65.1,2,13,169,100.0,100.0,94.4,17,2,185,185
Justin McCray,9234,G,HST,9,1,13,35.1,3,12,337,100.0,100.0,96.6,1,19,4,360,360,26.7,1,8,125,100.0,100.0,94.8,11,2,133,133
Lucas Niang,47004,T,KC,10,0,16,59.1,2,22,334,99.7,99.7,95.8,2,26,2,360,361,50.8,1,16,126,100.0,100.0,91.7,19,2,141,141
Geron Christian,46375,T,HST,12,1,13,78.8,1,15,335,100.0,100.0,97.3,3,17,1,357,357,73.3,1,6,115,100.0,100.0,97.0,7,0,124,124
Yosh Nijman,60822,T,GB,10,1,12,66.9,7,10,340,100.0,100.0,96.6,2,20,3,356,356,53.1,6,5,119,100.0,100.0,93.7,13,2,126,126
Kevin Dotson,46735,G,PIT,9,0,25,78.4,2,5,329,100.0,100.0,98.0,0,10,3,354,354,64.5,2,4,128,100.0,100.0,96.1,8,2,136,136
Brandon Shell,10792,T,SEA,10,0,29,60.4,4,14,334,100.0,100.0,96.4,0,21,3,354,354,51.7,4,11,128,100.0,100.0,93.4,16,1,138,138
Cornelius Lucas,9025,T,WAS,10,0,32,73.5,4,18,329,100.0,100.0,95.7,0,25,3,354,354,66.3,4,10,136,100.0,100.0,93.4,16,2,149,149
Dennis Daley,60063,G,CAR,12,0,5,36.4,7,10,331,100.0,100.0,96.5,3,20,3,348,348,21.0,7,8,169,100.0,100.0,93.8,18,3,180,180
Cameron Erving,9452,T,CAR,9,1,5,49.7,7,21,328,100.0,100.0,94.8,3,31,3,348,348,39.0,5,13,148,100.0,100.0,91.9,21,3,160,160
Brandon Linder,8728,C,JAX,9,0,15,67.0,3,5,320,100.0,100.0,98.1,0,10,2,348,348,57.0,2,4,145,100.0,100.0,97.2,7,1,155,155
Matt Paradis,8841,C,CAR,8,0,5,53.6,2,12,325,100.0,100.0,97.2,0,16,2,343,343,34.4,1,10,160,100.0,100.0,95.3,13,2,172,172
Quinn Meinerz,112915,G,DEN,11,0,10,66.7,3,9,320,100.0,100.0,97.2,0,15,3,343,343,55.0,2,4,132,100.0,100.0,96.2,8,2,144,144
Mike Onwenu,27357,G,NE,16,0,19,70.0,4,5,323,100.0,100.0,98.0,0,11,2,340,340,58.3,4,3,127,100.0,100.0,96.5,8,1,133,133
Michael Deiter,38554,C,MIA,8,1,17,58.5,2,7,313,100.0,100.0,98.2,2,10,1,335,335,49.6,1,5,116,100.0,100.0,96.6,7,1,130,130
Cody Ford,39805,G,BUF,10,0,4,47.2,4,20,302,100.0,100.0,95.4,1,26,2,323,323,42.4,3,10,143,100.0,100.0,94.8,14,1,156,156
Pat Elflein,11825,C,CAR,9,0,5,45.6,3,9,306,100.0,100.0,98.0,1,12,0,322,322,29.8,3,6,129,100.0,100.0,96.5,9,0,135,135
Brady Christensen,51985,T,CAR,10,0,5,63.2,4,17,311,100.0,100.0,95.3,0,25,4,321,321,58.1,3,13,146,100.0,100.0,93.2,18,2,152,152
Chase Roullier,11954,C,WAS,8,0,32,71.1,2,7,292,100.0,100.0,98.5,0,9,0,315,315,65.5,1,4,115,100.0,100.0,97.8,5,0,125,125
John Leglue,46859,G,PIT,7,0,25,68.6,1,9,287,100.0,100.0,98.3,2,10,0,307,307,48.0,1,9,110,100.0,100.0,95.5,10,0,119,119
Elgton Jenkins,46298,T,GB,8,0,12,81.2,3,7,285,100.0,100.0,97.5,1,12,2,306,306,78.3,1,4,91,100.0,100.0,95.1,7,2,104,104
Jackson Carman,52575,G,CIN,13,1,7,45.9,5,14,280,99.6,99.7,96.6,1,19,0,298,299,37.8,5,12,135,100.0,100.0,93.7,17,0,145,145
Taylor Decker,10650,T,DET,9,1,11,84.0,5,8,284,99.6,99.7,97.0,2,15,2,298,299,80.1,4,3,128,100.0,100.0,96.5,8,1,134,134
Trent Brown,9677,T,NE,10,0,19,78.2,3,7,282,100.0,100.0,97.9,0,11,1,296,296,76.0,2,6,144,100.0,100.0,96.5,9,1,153,153
Connor McGovern,41714,G,DAL,15,0,9,69.5,3,12,269,96.4,96.7,96.8,2,16,1,295,305,53.9,2,9,104,100.0,100.0,93.7,12,1,122,122
Jack Driscoll,27064,G,PHI,9,1,24,73.9,3,14,275,100.0,100.0,96.5,1,18,1,293,293,70.5,2,10,136,100.0,100.0,94.9,13,1,142,142
Jon Feliciano,9561,G,BUF,9,1,4,55.3,4,12,273,100.0,100.0,97.1,1,16,0,291,291,37.3,3,10,112,100.0,100.0,94.2,13,0,123,123
Chris Reed,9830,G,IND,11,0,14,55.5,5,11,259,100.0,100.0,96.9,1,16,0,284,284,40.5,3,8,103,100.0,100.0,94.7,11,0,116,116
Sam Cosmi,60114,T,WAS,9,0,32,63.4,1,11,261,100.0,100.0,96.2,2,16,4,282,282,57.3,0,5,106,100.0,100.0,94.8,8,3,115,115
Kyle Fuller,11998,C,SEA,10,0,29,32.3,4,11,266,100.0,100.0,96.4,0,17,2,281,281,22.2,2,5,106,100.0,100.0,95.8,8,1,115,115
Justin Herron,46271,T,NE,12,0,19,51.2,3,13,262,100.0,100.0,96.6,1,17,1,278,278,53.8,1,6,117,100.0,100.0,97.0,7,0,124,124
Mike McGlinchey,46275,T,SF,8,0,28,70.0,3,8,256,100.0,100.0,97.1,2,13,2,275,275,60.1,0,6,95,100.0,100.0,94.7,8,2,103,103
Matt Peart,46179,T,NYG,11,0,21,62.3,1,10,252,100.0,100.0,96.2,1,15,4,272,272,51.8,1,7,102,100.0,100.0,92.2,12,4,110,110
Tyre Phillips,59874,T,BLT,8,0,3,63.1,3,13,252,100.0,100.0,96.4,2,17,1,271,271,56.8,2,10,101,100.0,100.0,94.1,12,0,108,108
Mason Cole,45547,C,MIN,8,0,18,45.8,4,14,248,99.6,99.6,95.6,0,20,2,264,265,32.3,2,8,104,100.0,100.0,93.3,12,2,112,112
Terron Armstead,7856,T,NO,8,0,20,85.6,2,9,248,100.0,100.0,97.4,0,12,1,263,263,75.6,1,9,128,100.0,100.0,95.3,11,1,139,139
Austin Reiter,9655,C,MIA,6,0,17,53.2,1,11,240,100.0,100.0,97.5,1,12,0,262,262,40.5,1,7,89,100.0,100.0,95.5,8,0,100,100
Sean Harlow,11891,G,ARZ,8,0,1,64.6,0,7,245,100.0,100.0,98.2,2,8,1,260,260,45.5,0,4,75,100.0,100.0,96.0,5,1,83,83
Aaron Brewer,46014,G,TEN,11,0,31,48.7,0,8,246,98.4,98.1,95.9,0,14,6,257,262,47.2,0,4,113,100.0,100.0,95.6,7,3,116,116
Nate Herbig,28844,G,PHI,9,0,24,64.9,4,11,236,100.0,100.0,96.4,2,16,1,252,252,46.6,3,8,105,100.0,100.0,93.8,12,1,109,109
Graham Glasgow,10729,G,DEN,7,0,10,70.1,2,9,241,100.0,100.0,96.9,0,13,2,251,251,61.6,1,6,110,100.0,100.0,95.9,8,1,113,113
Andre Dillard,29250,T,PHI,8,4,24,71.7,1,18,227,100.0,100.0,95.4,7,20,1,250,250,59.6,0,15,107,100.0,100.0,92.1,16,1,115,115
Laurent Duvernay-Tardif,8834,G,NYJ,7,1,22,52.5,6,13,237,100.0,100.0,95.6,1,20,1,248,248,32.5,4,9,93,100.0,100.0,91.9,14,1,96,96
Wes Schweitzer,10829,G,WAS,10,0,32,65.9,2,8,230,100.0,100.0,97.4,2,11,1,246,246,49.7,2,5,94,100.0,100.0,95.2,8,1,99,99
Matt Pryor,46647,T,IND,11,0,14,75.2,2,6,216,100.0,100.0,98.1,3,8,0,241,241,62.4,2,5,88,100.0,100.0,96.0,7,0,99,99
Germain Ifedi,10665,T,CHI,7,0,6,70.7,1,7,227,100.0,100.0,97.4,0,10,2,240,240,71.8,0,7,100,100.0,100.0,95.5,8,1,104,104
Ben Cleveland,41696,G,BLT,8,0,3,54.8,1,7,221,100.0,100.0,98.2,0,8,0,235,235,51.2,0,4,80,100.0,100.0,97.5,4,0,86,86
Ryan Bates,28300,G,BUF,13,0,4,70.5,3,1,216,98.6,98.7,99.1,0,4,0,232,235,59.2,2,0,84,100.0,100.0,98.8,2,0,89,89
Jake Curhan,38549,T,SEA,10,0,29,37.2,4,12,217,100.0,100.0,94.5,0,20,4,230,230,21.1,4,8,75,100.0,100.0,89.3,14,2,82,82
J.C. Hassenauer,45600,C,PIT,9,0,25,69.6,1,5,214,100.0,100.0,98.6,0,6,0,224,224,60.2,1,3,90,100.0,100.0,97.8,4,0,98,98
Dennis Kelly,7146,T,GB,6,0,12,73.6,1,6,212,100.0,100.0,97.4,0,9,2,221,221,71.3,0,4,60,100.0,100.0,95.0,5,1,65,65
Joe Haeg,10789,T,PIT,9,0,25,74.1,1,3,211,99.5,99.5,97.6,1,7,3,220,221,66.9,0,3,100,100.0,100.0,95.5,6,3,103,103
Keith Ismael,41878,C,WAS,9,0,32,51.7,3,7,202,100.0,100.0,96.0,0,13,3,217,217,41.6,2,4,90,100.0,100.0,94.4,8,2,96,96
Rashod Hill,11369,T,MIN,6,1,18,39.3,6,11,198,100.0,100.0,94.2,3,20,3,215,215,18.5,5,8,73,100.0,100.0,89.7,14,1,77,77
Josh Myers,59992,C,GB,7,0,12,65.9,1,8,199,100.0,100.0,97.7,0,9,0,214,214,59.2,0,5,77,100.0,100.0,96.8,5,0,84,84
Lane Taylor,8365,G,HST,5,1,13,49.3,0,7,191,100.0,100.0,98.2,1,7,0,206,206,35.1,0,5,85,100.0,100.0,97.1,5,0,92,92
Trent Scott,24481,G,CAR,7,0,5,28.6,2,13,189,100.0,100.0,95.5,0,16,1,195,195,11.0,2,11,97,100.0,100.0,92.3,14,1,100,100
Oday Aboushi,7923,G,LAC,5,0,27,70.6,1,4,179,100.0,100.0,98.6,2,5,0,193,193,59.5,1,4,66,100.0,100.0,96.2,5,0,71,71
Ben Bredeson,27305,G,NYG,7,2,21,22.7,2,10,175,100.0,100.0,95.4,2,14,2,190,190,36.4,0,3,89,100.0,100.0,96.1,5,2,96,96
Jack Conklin,10642,T,CLV,7,1,8,63.8,0,6,176,100.0,100.0,97.2,2,8,2,186,186,62.2,0,6,67,100.0,100.0,92.5,8,2,73,73
James Hudson III,59854,T,CLV,6,0,8,57.9,1,9,172,100.0,100.0,95.3,1,13,3,181,181,48.4,1,7,70,100.0,100.0,90.0,11,3,73,73
Jermaine Eluemunor,11914,G,LV,4,0,23,67.0,1,4,168,100.0,100.0,98.5,0,5,0,178,178,64.3,1,3,113,100.0,100.0,98.2,4,0,119,119
Netane Muti,41339,G,DEN,6,0,10,52.0,3,7,167,100.0,100.0,94.6,0,14,4,176,176,54.8,1,4,68,100.0,100.0,93.4,7,2,71,71
Julie'n Davenport,11885,T,IND,5,0,14,28.8,4,12,157,100.0,100.0,92.4,0,20,4,171,171,19.6,3,9,83,100.0,100.0,88.0,16,4,90,90
Saahdiq Charles,59820,G,WAS,5,0,32,62.3,2,9,154,100.0,100.0,93.8,0,15,4,164,164,54.2,0,7,69,100.0,100.0,89.1,11,4,74,74
Cam Fleming,8775,T,DEN,5,1,10,65.0,0,8,144,100.0,100.0,97.2,2,8,0,153,153,65.7,0,5,65,100.0,100.0,96.2,5,0,71,71
Andrus Peat,9446,G,NO,6,1,20,20.1,2,9,146,100.0,100.0,94.2,1,14,3,150,150,0.0,2,8,66,100.0,100.0,90.9,11,1,68,68
Laremy Tunsil,10647,T,HST,5,0,13,75.2,2,5,134,100.0,100.0,97.4,1,7,0,150,150,62.1,1,5,55,100.0,100.0,94.5,6,0,60,60
Frank Ragnow,39137,C,DET,4,0,11,75.6,1,3,139,100.0,100.0,98.6,0,4,0,149,149,70.5,1,3,78,100.0,100.0,97.4,4,0,84,84
Jimmy Morrissey,41626,C,HST,4,0,13,20.0,0,6,140,100.0,100.0,96.4,0,8,2,147,147,14.2,0,3,46,100.0,100.0,94.6,4,1,47,47
Greg Mancz,10019,C,MIA,4,0,17,64.5,0,4,134,100.0,100.0,97.8,0,5,1,142,142,83.8,0,0,51,100.0,100.0,98.0,1,1,54,54
Joe Noteboom,46249,T,LA,8,0,26,81.6,1,3,133,100.0,100.0,97.7,0,5,1,142,142,77.0,1,3,57,100.0,100.0,94.7,5,1,60,60
Walker Little,52287,T,JAX,6,0,15,70.0,1,3,129,99.2,99.3,96.9,0,6,2,138,139,60.4,1,3,63,100.0,100.0,95.2,5,1,65,65
A.J. Cann,9500,G,JAX,4,0,15,32.6,1,9,125,100.0,100.0,95.2,0,11,1,134,134,29.6,0,8,63,100.0,100.0,92.1,9,1,69,69
Najee Harris,57121,HB,PIT,18,0,25,67.0,3,7,121,20.2,20.7,95.0,0,11,1,133,642,74.4,1,2,47,19.5,20.6,96.8,3,0,53,257
Sua Opeta,45110,G,PHI,4,0,24,62.9,1,9,120,100.0,100.0,95.0,1,11,1,128,128,51.8,1,7,54,100.0,100.0,90.7,9,1,57,57
Marcus Cannon,6290,T,HST,4,0,13,69.9,0,4,112,100.0,100.0,97.3,0,5,1,127,127,63.8,0,4,51,100.0,100.0,94.1,5,1,56,56
Tommy Kraemer,40976,G,DET,6,1,11,66.0,2,6,118,100.0,100.0,96.6,1,8,0,125,125,64.4,1,3,52,100.0,100.0,96.2,4,0,57,57
Coleman Shelton,39316,C,LA,9,0,26,60.5,2,3,117,100.0,100.0,97.9,0,5,0,125,125,44.3,1,3,48,100.0,100.0,95.8,4,0,51,51
Mike Remmers,7431,T,KC,4,0,16,63.6,1,3,114,99.1,99.2,97.4,1,5,1,122,123,61.0,1,3,62,100.0,100.0,95.2,5,1,68,68
Josh Wells,8968,T,TB,16,0,30,59.2,1,7,114,95.8,96.0,95.6,0,9,1,121,126,39.5,1,6,45,97.8,97.9,90.0,8,1,46,47
Tyler Larsen,9304,C,WAS,5,1,32,72.7,0,3,112,100.0,100.0,97.8,1,4,1,120,120,69.9,0,1,45,100.0,100.0,96.7,2,1,50,50
Trey Hill,81653,C,CIN,6,1,7,70.8,0,1,109,100.0,100.0,99.5,2,1,0,117,117,61.3,0,1,50,100.0,100.0,99.0,1,0,55,55
Teven Jenkins,41534,T,CHI,5,1,6,54.6,2,7,111,100.0,100.0,94.1,3,11,2,117,117,64.5,2,4,68,100.0,100.0,94.1,7,1,69,69
Jordan Mills,7945,T,NO,4,0,20,56.2,0,5,112,100.0,100.0,97.8,0,5,0,115,115,57.5,0,3,60,100.0,100.0,97.5,3,0,60,60
Isaac Seumalo,10713,G,PHI,3,0,24,82.9,0,1,102,100.0,100.0,99.5,1,1,0,109,109,77.4,0,1,51,100.0,100.0,99.0,1,0,55,55
Dan Feeney,11826,C,NYJ,8,0,22,57.5,0,4,100,99.0,99.0,98.0,0,4,0,101,102,22.9,0,4,39,100.0,100.0,94.9,4,0,39,39
Devin Singletary,40485,HB,BUF,19,0,4,48.0,3,6,93,17.6,17.8,95.2,0,9,0,100,561,41.5,2,5,37,17.2,18.1,90.5,7,0,42,232
Jamarco Jones,46226,G,SEA,6,1,29,54.6,1,5,98,100.0,100.0,96.9,1,6,0,100,100,50.5,0,3,40,100.0,100.0,96.2,3,0,40,40
Tyler Conklin,47124,TE,MIN,17,0,18,58.5,2,7,91,16.1,16.2,94.0,1,10,1,98,604,50.5,0,2,17,6.8,7.6,94.1,2,0,20,263
Calvin Anderson,46247,T,DEN,5,0,10,79.5,2,5,92,100.0,100.0,96.2,0,7,0,97,97,66.5,2,5,38,100.0,100.0,90.8,7,0,42,42
Sam Tecklenburg,47316,C,CAR,3,0,5,70.6,0,3,94,100.0,100.0,98.4,0,3,0,97,97,64.8,0,3,58,100.0,100.0,97.4,3,0,61,61
Geoff Swaim,9679,TE,TEN,17,0,31,57.0,2,3,88,30.8,31.6,94.9,0,7,2,96,304,17.2,0,1,3,5.0,6.3,83.3,1,0,4,64
Patrick Ricard,48862,FB,BLT,13,0,3,61.1,0,3,89,38.7,39.6,97.2,1,4,1,95,240,48.3,0,1,15,34.9,36.2,90.0,2,1,17,47
Mike Davis,9559,HB,ATL,17,1,2,43.2,3,5,86,21.6,21.9,94.2,1,9,1,93,424,25.1,2,3,23,14.2,16.0,84.8,6,1,28,175
Ty Nsekhe,7636,T,DAL,6,0,9,64.6,2,3,87,100.0,100.0,94.8,1,7,2,93,93,55.5,2,3,39,100.0,100.0,91.0,6,1,43,43
Durham Smythe,47257,TE,MIA,17,0,17,65.0,0,4,80,21.9,22.9,97.5,1,4,0,90,393,75.4,0,0,18,20.2,20.0,100.0,0,0,20,100
Foster Moreau,47043,TE,LV,18,0,23,46.6,1,7,87,20.8,19.8,90.8,1,12,4,88,445,59.4,0,2,23,11.7,11.0,91.3,3,1,24,218
Solomon Kindley,41471,G,MIA,3,0,17,38.2,0,6,81,100.0,100.0,96.3,1,6,0,86,86,46.4,0,4,31,100.0,100.0,93.5,4,0,34,34
Ian Thomas,42130,TE,CAR,17,0,5,54.7,0,3,81,21.3,21.2,96.9,0,4,1,85,401,50.1,0,1,22,13.6,13.2,93.2,2,1,23,174
James Conner,11860,HB,ARZ,16,0,1,89.1,1,1,75,23.7,25.0,97.3,0,3,1,85,340,89.3,0,0,24,27.0,27.7,100.0,0,0,28,101
Trey Pipkins III,91462,T,LAC,6,0,27,78.4,0,3,78,97.5,97.6,98.1,0,3,0,82,84,65.4,0,3,30,100.0,100.0,95.0,3,0,31,31
Wes Martin,46087,G,NYG,5,0,21,23.7,0,6,78,100.0,100.0,94.9,0,7,1,82,82,24.6,0,6,47,100.0,100.0,93.6,6,0,49,49
Conor McDermott,11966,T,NYJ,5,0,22,73.7,0,1,77,95.1,95.2,94.2,1,5,4,80,84,59.4,0,1,36,100.0,100.0,87.5,5,4,37,37
Will Richardson Jr.,46980,G,JAX,4,0,15,83.1,0,0,74,100.0,100.0,100.0,0,0,0,80,80,83.9,0,0,29,100.0,100.0,100.0,0,0,32,32
Danny Pinter,47339,C,IND,7,0,14,46.0,0,4,72,98.6,98.8,97.2,1,4,0,79,80,17.2,0,3,20,100.0,100.0,92.5,3,0,23,23
Lee Smith,6311,TE,ATL,16,0,2,55.6,1,3,68,62.4,63.6,95.6,1,5,1,77,121,70.2,0,0,1,8.3,7.7,100.0,0,0,1,13
Michael Dunn,39676,G,CLV,4,0,8,42.7,0,5,73,100.0,100.0,93.8,0,7,2,77,77,53.8,0,4,27,100.0,100.0,92.6,4,0,28,28
Trystan Colon,41117,C,BLT,10,0,3,77.3,1,0,73,96.1,96.3,97.9,0,2,1,77,80,66.2,1,0,30,100.0,100.0,95.0,2,1,31,31
Ezekiel Elliott,10638,HB,DAL,18,1,9,40.2,1,5,67,13.0,13.6,92.5,1,8,2,76,559,51.0,1,2,32,13.6,14.8,92.2,4,1,38,257
Myles Gaskin,45914,HB,MIA,17,0,17,50.5,4,7,72,20.1,19.6,92.4,0,11,0,76,387,20.6,3,5,20,19.4,19.3,80.0,8,0,22,114
Ryan Griffin,7982,TE,NYJ,14,0,22,52.9,2,6,71,21.1,21.0,94.4,1,8,0,75,357,53.6,1,1,14,10.3,10.6,92.9,2,0,15,142
David Montgomery,45719,HB,CHI,13,0,6,76.6,0,4,67,18.8,19.3,95.5,0,5,1,74,384,69.6,0,3,39,25.8,25.8,93.6,4,1,42,163
Ty Sambrailo,9492,T,TEN,3,0,31,59.5,1,3,69,98.6,98.6,97.1,0,4,0,73,74,37.7,1,3,33,100.0,100.0,93.9,4,0,36,36
Joe Mixon,11803,HB,CIN,20,0,7,37.3,3,5,66,14.5,15.2,90.9,0,10,2,73,479,39.2,2,4,36,20.3,21.3,88.9,7,1,40,188
Jaylon Moore,43678,T,SF,4,0,28,56.1,1,3,64,100.0,100.0,95.3,1,5,1,72,72,45.1,1,3,25,100.0,100.0,92.0,4,0,29,29
Jonathan Taylor,57488,HB,IND,17,0,14,31.2,2,7,66,18.4,18.7,93.2,0,9,0,72,385,22.3,2,4,25,19.7,21.0,88.0,6,0,29,138
Pharaoh Brown,12247,TE,HST,15,1,13,44.4,1,2,62,23.8,25.4,96.0,4,4,1,72,284,69.7,0,0,1,1.7,1.5,100.0,0,0,1,65
Scott Quessenberry,23918,C,LAC,2,0,27,60.7,0,1,67,100.0,100.0,99.3,0,1,0,71,71,56.1,0,1,35,100.0,100.0,98.6,1,0,36,36
Devontae Booker,10770,HB,NYG,16,0,21,48.9,1,4,66,20.8,20.9,96.2,0,5,0,71,339,58.2,0,2,28,19.7,21.4,96.4,2,0,33,154
George Kittle,11901,TE,SF,17,0,28,76.4,0,1,67,12.7,12.6,97.8,0,2,1,70,557,63.4,0,1,16,7.2,7.2,90.6,2,1,17,235
Adam Trautman,109795,TE,NO,13,0,20,58.6,0,1,67,21.1,20.9,97.8,1,2,1,70,335,70.2,0,0,18,11.3,11.0,100.0,0,0,19,173
Cole Kmet,60995,TE,CHI,17,0,6,44.5,1,1,65,11.6,11.7,95.4,2,4,2,70,599,25.6,1,0,17,7.1,7.1,97.1,1,0,18,254
Elijah Wilkinson,46238,T,CHI,4,1,6,54.6,0,5,64,100.0,100.0,94.5,1,6,1,70,70,55.1,0,4,30,100.0,100.0,93.3,4,0,31,31
Will Clapp,39386,C,NO,9,1,20,40.5,3,3,66,100.0,100.0,93.9,1,7,1,69,69,27.0,1,1,22,100.0,100.0,90.9,3,1,22,22
B.J. Finney,9875,G,PIT,3,0,25,74.0,1,3,64,100.0,100.0,96.9,0,4,0,68,68,70.0,1,2,42,100.0,100.0,96.4,3,0,45,45
Ryan McCollum,41974,C,DET,4,0,11,36.5,0,5,68,100.0,100.0,93.4,0,7,2,68,68,27.1,0,3,37,100.0,100.0,90.5,5,2,37,37
Xavier Su'a-Filo,8668,G,CIN,2,0,7,52.0,2,3,66,100.0,100.0,96.2,0,5,0,68,68,41.7,1,2,24,100.0,100.0,93.7,3,0,25,25
Chris Manhertz,10211,TE,JAX,17,0,15,64.2,0,3,60,38.2,37.9,95.8,2,4,1,66,174,72.5,0,0,2,5.6,4.9,100.0,0,0,2,41
Kyle Rudolph,6195,TE,NYG,16,0,21,62.9,0,3,59,21.5,22.1,95.8,0,4,1,66,298,53.1,0,1,9,9.2,10.4,94.4,1,0,11,106
Senio Kelemete,7144,G,LAC,4,0,27,36.5,2,3,59,96.7,97.1,94.1,1,6,1,66,68,22.6,2,3,39,100.0,100.0,91.0,6,1,41,41
Drew Sample,47259,TE,CIN,21,0,7,73.4,0,2,61,28.0,27.9,96.7,0,3,1,65,233,49.3,0,0,6,10.7,10.2,83.3,1,1,6,59
James Ferentz,9258,G,NE,3,0,19,43.8,1,2,59,100.0,100.0,97.5,1,3,0,65,65,40.4,0,1,21,100.0,100.0,97.6,1,0,23,23
Phil Haynes,29244,G,SEA,3,0,29,71.3,0,1,63,100.0,100.0,99.2,0,1,0,65,65,75.2,0,0,13,100.0,100.0,100.0,0,0,14,14
Dalton Schultz,47304,TE,DAL,18,0,9,67.3,0,2,55,8.6,9.4,98.2,2,2,0,65,695,72.7,0,0,6,2.1,2.9,100.0,0,0,9,310
Austin Hooper,10715,TE,CLV,16,0,8,56.6,0,3,63,17.3,16.4,96.0,0,4,1,63,383,31.3,0,2,17,14.8,14.0,88.2,3,1,17,121
Antony Auclair,24606,TE,HST,16,0,13,43.1,0,3,57,51.4,52.5,93.9,0,5,2,62,118,46.1,0,1,2,20.0,20.0,75.0,1,0,2,10
Chuma Edoga,46232,T,NYJ,4,1,22,55.0,1,3,56,100.0,100.0,94.6,1,5,1,62,62,48.5,0,2,22,100.0,100.0,90.9,3,1,24,24
Korey Cunningham,38555,T,NYG,8,0,21,53.8,1,4,59,96.7,96.8,92.4,0,7,2,61,63,57.9,1,4,28,100.0,100.0,91.1,5,0,30,30
Le'Raven Clark,10716,T,PHI,2,0,24,56.4,0,5,57,100.0,100.0,95.6,0,5,0,61,61,76.6,0,1,32,100.0,100.0,98.4,1,0,35,35
Zach Gentry,36049,TE,PIT,18,0,25,78.2,0,0,54,23.0,23.3,100.0,0,0,0,60,258,77.0,0,0,4,5.4,7.2,100.0,0,0,6,83
Josh Jacobs,45953,HB,LV,16,0,23,75.3,1,0,54,14.2,14.6,97.2,1,2,1,59,403,58.9,1,0,13,8.7,10.4,88.5,2,1,17,164
Dillon Radunz,30551,T,TEN,4,0,31,39.5,3,3,56,100.0,100.0,91.1,0,8,2,59,59,23.5,3,2,19,100.0,100.0,81.6,6,1,19,19
Aaron Jones,11937,HB,GB,16,1,12,67.5,0,2,52,13.3,14.0,98.1,1,2,0,58,414,56.3,0,1,18,12.9,14.0,97.2,1,0,21,150
Hunter Henry,10669,TE,NE,17,1,19,52.2,2,1,53,10.8,11.1,97.2,1,3,0,58,521,36.7,0,1,13,5.3,5.0,96.2,1,0,13,262
Will Dissly,30762,TE,SEA,15,0,29,64.5,0,5,52,21.1,22.2,95.2,0,5,0,58,261,77.8,0,0,1,1.9,3.3,100.0,0,0,2,60
Chase Edmonds,45851,HB,ARZ,12,0,1,51.7,1,3,52,16.2,16.9,96.2,0,4,0,57,337,35.2,0,3,26,20.8,21.5,94.2,3,0,29,135
Jeremy McNichols,11917,HB,TEN,14,1,31,27.7,1,3,50,25.3,25.9,90.0,1,7,3,56,216,34.7,1,1,23,20.9,21.8,87.0,4,2,26,119
Brandon Bolden,7469,HB,NE,17,0,19,48.9,1,1,52,18.7,18.7,94.2,1,4,2,56,300,47.8,0,1,23,14.3,13.8,93.5,2,1,24,174
Chuba Hubbard,57373,HB,CAR,16,0,5,52.7,0,3,54,23.3,23.0,95.4,0,4,1,56,243,70.0,0,1,23,23.7,22.8,93.5,2,1,23,101
Ty Johnson,45769,HB,NYJ,15,0,22,38.1,1,6,52,16.9,17.2,91.3,0,8,1,56,326,31.8,1,4,29,15.5,16.1,87.9,6,1,31,193
David Njoku,11784,TE,CLV,16,0,8,72.4,0,2,50,14.2,14.7,96.0,1,3,1,55,374,80.5,0,0,13,10.1,9.4,100.0,0,0,13,139
Aaron Stinnie,28653,G,TB,7,0,30,61.6,0,2,50,96.2,96.5,96.0,0,3,1,55,57,49.5,0,1,21,100.0,100.0,92.9,2,1,23,23
Tyler Higbee,10744,TE,LA,18,0,26,72.0,0,1,51,8.3,8.6,97.1,1,2,1,55,639,71.6,0,0,1,0.4,0.3,100.0,0,0,1,290
Sony Michel,27589,HB,LA,21,0,26,66.1,0,3,52,14.6,14.7,95.2,1,4,1,55,373,70.7,0,2,21,12.2,12.6,95.2,2,0,23,183
AJ Dillon,57165,HB,GB,18,0,12,57.7,2,3,55,21.1,20.1,95.5,0,5,0,55,273,38.4,1,3,18,22.2,20.5,88.9,4,0,18,88
Yasir Durant,59878,T,NE,5,0,19,59.4,0,0,51,100.0,100.0,94.1,0,3,3,55,55,75.4,0,0,18,100.0,100.0,88.9,2,2,19,19
Marcedes Lewis,2973,TE,GB,18,0,12,76.7,0,0,52,25.2,25.0,96.2,0,2,2,54,216,,0,0,0,0.0,0.0,,0,0,0,36
Brandon Brooks,7078,G,PHI,2,0,24,62.8,0,3,50,100.0,100.0,97.0,0,3,0,54,54,73.4,0,2,24,100.0,100.0,95.8,2,0,26,26
Bobby Hart,9659,T,BUF,4,1,4,26.5,3,4,50,100.0,100.0,89.0,1,9,2,54,54,68.1,0,1,10,100.0,100.0,95.0,1,0,11,11
Jason Spriggs,10682,T,ATL,5,0,2,53.3,1,3,53,100.0,100.0,96.2,0,4,0,53,53,53.1,0,1,21,100.0,100.0,97.6,1,0,21,21
Nick Gates,29476,C,NYG,2,0,21,50.5,0,1,49,100.0,100.0,99.0,0,1,0,53,53,53.7,0,1,23,100.0,100.0,97.8,1,0,25,25
Michael Carter,57337,HB,NYJ,14,0,22,42.7,0,2,41,15.7,18.6,90.2,2,5,3,52,279,25.4,0,1,15,15.0,19.3,76.7,4,3,21,109
Travis Homer,45859,HB,SEA,14,0,29,67.4,1,2,49,34.0,34.0,94.9,0,4,1,52,153,59.1,1,2,26,31.3,31.1,90.4,4,1,28,90
MyCole Pruitt,9576,TE,TEN,16,0,31,62.6,2,3,48,26.4,26.9,94.8,0,5,0,52,193,76.5,0,0,3,6.3,7.7,100.0,0,0,4,52
Kyle Juszczyk,7912,FB,SF,20,0,28,80.4,0,1,48,13.6,14.1,99.0,1,1,0,52,369,76.3,0,1,14,10.1,10.7,96.4,1,0,16,150
Justin Murray,11022,T,ARZ,3,0,1,76.5,0,1,49,100.0,100.0,96.9,0,2,1,52,52,61.8,0,1,18,100.0,100.0,91.7,2,1,18,18
David Sharpe,11884,T,BLT,3,0,3,56.3,0,3,48,100.0,100.0,94.8,0,4,1,52,52,63.9,0,2,18,100.0,100.0,94.4,2,0,21,21
Mark Ingram II,6180,HB,NO,14,0,20,85.2,0,1,45,23.3,24.1,98.9,0,1,0,51,212,75.6,0,0,15,20.0,20.0,100.0,0,0,16,80
Dalvin Cook,11796,HB,MIN,13,0,18,52.7,2,2,49,15.9,15.0,95.9,0,4,0,50,333,52.6,2,1,15,13.4,13.4,90.0,3,0,16,119
David Johnson,9519,HB,HST,13,0,13,34.4,0,5,47,21.3,20.7,90.4,0,7,2,49,237,20.6,0,4,22,23.9,22.0,81.8,6,2,22,100
Javonte Williams,77803,HB,DEN,17,0,10,63.3,0,2,45,14.7,14.8,91.1,0,5,3,49,330,61.2,0,1,20,15.0,15.8,87.5,3,2,23,146
Colby Gossett,46673,G,ATL,5,0,2,45.7,3,1,46,100.0,100.0,93.5,0,5,1,49,49,16.8,2,1,18,100.0,100.0,86.1,4,1,19,19
D'Ernest Johnson,45734,HB,CLV,12,0,8,80.1,1,0,46,23.4,23.6,98.9,0,1,0,49,208,78.8,1,0,26,26.5,27.4,98.1,1,0,29,106
Austin Ekeler,12164,HB,LAC,16,0,27,57.8,3,0,44,9.6,9.9,94.3,0,4,1,49,495,46.0,2,0,13,5.8,6.2,84.6,3,1,15,241
Damien Harris,35134,HB,NE,15,0,19,49.7,2,2,47,28.1,28.2,93.6,0,5,1,49,174,33.1,1,1,8,17.0,18.4,87.5,2,0,9,49
C.J. Uzomah,9590,TE,CIN,20,0,7,70.6,0,1,42,6.9,7.5,98.8,0,1,0,48,642,65.7,0,1,15,5.0,5.3,96.7,1,0,17,319
Donald Parham Jr.,91014,TE,LAC,14,0,27,54.4,0,2,44,22.3,22.0,93.2,1,4,2,48,218,75.6,0,0,5,8.3,7.5,100.0,0,0,5,67
Rex Burkhead,7971,HB,HST,16,0,13,45.3,0,4,43,18.5,19.0,95.3,0,4,0,47,247,31.8,0,3,22,21.0,20.5,93.2,3,0,23,112
Dawson Knox,35883,TE,BUF,17,2,4,48.4,1,1,45,7.3,7.1,97.8,3,2,0,47,659,22.0,1,0,3,1.2,1.1,83.3,1,0,3,268
Malcolm Brown,9902,HB,MIA,7,0,17,91.7,0,1,44,55.7,52.3,98.9,1,1,0,46,88,90.5,0,1,30,60.0,57.1,98.3,1,0,32,56
Darrell Henderson Jr.,41193,HB,LA,13,0,26,79.1,0,2,43,12.7,13.0,97.7,0,2,0,46,353,91.3,0,1,18,12.2,12.2,97.2,1,0,19,156
Latavius Murray,7962,HB,BLT,14,1,3,48.5,0,2,43,21.9,22.4,97.7,1,2,0,46,205,49.2,0,1,15,18.8,18.3,96.7,1,0,15,82
John Bates,42275,TE,WAS,16,0,32,55.4,2,1,41,16.4,17.0,93.9,1,4,1,46,271,73.2,0,0,4,4.6,5.3,100.0,0,0,5,94
Bobby Evans,36800,T,LA,5,0,26,67.4,1,0,39,100.0,100.0,93.6,1,3,2,45,45,61.0,0,0,17,100.0,100.0,88.2,2,2,20,20
Devonta Freeman,8738,HB,BLT,16,0,3,52.8,0,1,42,13.1,13.0,94.0,1,3,2,45,346,76.1,0,0,10,7.8,7.1,90.0,1,1,10,141
Landon Young,41761,T,NO,2,0,20,32.3,1,1,42,100.0,100.0,97.6,1,2,0,45,45,41.9,1,0,22,100.0,100.0,97.7,1,0,23,23
Zack Moss,40341,HB,BUF,14,0,4,36.6,0,5,41,18.7,19.2,93.9,0,5,0,45,234,41.9,0,2,15,16.0,17.0,93.3,2,0,17,100
Samaje Perine,11869,HB,CIN,19,1,7,42.3,0,2,42,17.4,17.3,90.5,1,5,3,45,260,57.2,0,2,22,15.8,16.0,95.5,2,0,24,150
Adam Shaheen,11800,TE,MIA,12,0,17,63.8,1,1,42,21.6,21.5,97.6,0,2,0,45,209,51.8,0,1,8,12.9,11.3,93.7,1,0,8,71
Nick Harris,46752,C,CLV,1,0,8,80.2,0,0,42,100.0,100.0,100.0,0,0,0,44,44,71.4,0,0,16,100.0,100.0,100.0,0,0,16,16
D'Andre Swift,57212,HB,DET,13,1,11,28.2,1,1,39,10.9,11.3,92.3,2,4,2,44,389,15.8,1,1,18,9.0,9.4,83.3,4,2,20,213
Saquon Barkley,45791,HB,NYG,13,0,21,34.3,2,4,42,14.1,13.4,92.9,0,6,0,43,322,21.7,1,3,15,12.1,12.1,86.7,4,0,16,132
Jonnu Smith,11855,TE,NE,17,0,19,51.9,1,4,39,19.4,20.2,93.6,1,5,0,43,213,30.6,1,0,1,2.2,4.1,50.0,1,0,2,49
Jack Anderson,60130,C,PHI,1,0,24,73.1,1,0,40,100.0,100.0,98.7,0,1,0,43,43,77.8,1,0,21,100.0,100.0,97.6,1,0,23,23
C.J. Ham,11347,FB,MIN,17,0,18,65.6,2,0,39,30.2,30.7,94.9,0,3,1,42,137,78.5,0,0,3,23.1,28.6,100.0,0,0,4,14
Derrick Henry,10679,HB,TEN,9,0,31,54.4,1,1,41,24.1,23.3,95.1,0,3,1,42,180,60.5,0,1,9,20.9,21.3,94.4,1,0,10,47
Blake Bell,9550,TE,KC,19,0,16,70.5,0,2,41,28.5,28.4,97.6,1,2,0,42,148,,0,0,0,0.0,0.0,,0,0,0,8
Melvin Gordon III,9448,HB,DEN,16,1,10,41.4,2,3,39,13.7,13.9,91.0,1,6,1,41,296,32.5,2,2,17,14.2,14.2,82.4,5,1,17,120
Garrett Griffin,11439,TE,NO,13,1,20,59.8,1,4,39,45.3,46.6,93.6,2,5,0,41,88,75.6,0,0,4,21.1,21.1,100.0,0,0,4,19
Alex Bars,47018,T,CHI,8,1,6,19.8,0,1,38,97.4,97.6,96.1,1,2,1,41,42,75.0,0,1,12,100.0,100.0,95.8,1,0,13,13
Leonard Fournette,11759,HB,TB,15,0,30,56.3,1,1,39,8.8,8.9,97.4,0,2,0,41,463,64.5,1,0,19,10.4,10.3,97.4,1,0,20,195
Yodny Cajuste,46297,T,NE,2,0,19,49.3,1,2,36,100.0,100.0,93.1,0,4,1,41,41,40.2,1,2,12,100.0,100.0,87.5,3,0,14,14
Keith Smith,9302,FB,ATL,16,0,2,65.9,1,1,37,39.8,41.4,97.3,0,2,0,41,99,,0,0,0,0.0,0.0,,0,0,0,15
Tyler Kroft,9518,TE,NYJ,9,0,22,59.5,1,2,37,16.5,17.4,95.9,0,3,0,41,236,55.1,1,0,13,12.9,12.4,96.2,1,0,13,105
James Robinson,22425,HB,JAX,14,0,15,53.0,0,3,38,12.8,12.2,96.1,0,3,0,40,328,27.5,0,2,10,8.0,7.9,90.0,2,0,11,139
Ronnie Stanley,10640,T,BLT,1,0,3,27.7,1,8,39,100.0,100.0,88.5,0,9,0,40,40,14.2,1,7,19,100.0,100.0,78.9,8,0,20,20
Dallas Goedert,47272,TE,PHI,16,0,24,66.1,0,1,39,9.0,8.6,96.2,0,2,1,40,463,59.3,0,1,4,1.9,1.8,87.5,1,0,4,218
Antonio Gibson,78050,HB,WAS,16,0,32,45.4,0,5,35,12.4,13.1,90.0,0,6,1,40,306,38.7,0,1,6,8.7,9.1,75.0,2,1,7,77
Nick Leverett,27699,G,TB,3,1,30,33.8,0,3,37,100.0,100.0,93.2,1,4,1,40,40,46.7,0,2,22,100.0,100.0,90.9,3,1,24,24
Fred Johnson,46951,T,CIN,3,0,7,61.3,2,2,35,100.0,100.0,91.4,0,5,1,39,39,46.4,2,2,18,100.0,100.0,83.3,5,1,20,20
Tony Pollard,27126,HB,DAL,16,1,9,50.3,1,2,36,16.4,16.5,87.5,1,6,3,39,236,53.5,0,0,12,14.5,14.4,83.3,2,2,13,90
Nick Allegretti,39268,G,KC,4,0,16,89.0,0,0,36,97.3,97.4,100.0,0,0,0,38,39,86.4,0,0,17,100.0,100.0,100.0,0,0,18,18
Kendall Lamm,10017,T,TEN,5,0,31,46.7,1,1,34,97.1,97.4,91.2,0,4,2,38,39,58.3,0,0,10,100.0,100.0,90.0,1,1,11,11
Hayden Hurst,47294,TE,ATL,13,0,2,32.5,1,3,35,13.8,14.1,91.4,1,5,1,38,269,70.2,0,0,1,1.1,1.0,100.0,0,0,1,96
Khalil Herbert,41668,HB,CHI,16,0,6,61.5,0,1,35,20.1,20.4,95.7,0,2,1,38,186,61.0,0,1,15,20.3,20.3,96.7,1,0,15,74
Carlos Hyde,8692,HB,JAX,12,0,15,45.7,1,4,37,18.9,18.9,90.5,0,6,1,38,201,36.0,1,4,22,20.8,20.6,88.6,5,0,22,107
Nick Chubb,45783,HB,CLV,14,0,8,80.5,0,1,34,15.7,15.9,98.5,0,1,0,37,232,60.7,0,1,4,8.5,7.8,87.5,1,0,4,51
Drew Dalman,52270,C,ATL,4,0,2,40.9,1,3,35,100.0,100.0,94.3,0,4,0,37,37,39.6,0,2,17,100.0,100.0,94.1,2,0,17,17
Le'Veon Bell,7829,HB,TB,8,0,30,57.5,0,3,36,30.8,31.1,95.8,0,3,0,37,119,40.8,0,2,11,22.9,22.4,90.9,2,0,11,49
Mo Alie-Cox,12078,TE,IND,17,0,14,64.0,0,1,37,13.0,12.2,95.9,0,2,1,37,304,69.8,0,0,2,1.6,1.5,100.0,0,0,2,134
Gerald Everett,11799,TE,SEA,15,0,29,76.8,1,1,35,9.0,8.9,97.1,2,2,0,37,414,73.0,0,0,2,1.3,1.2,100.0,0,0,2,163
Colton McKivitz,29314,T,SF,1,0,28,58.8,0,2,35,100.0,100.0,91.4,0,4,2,37,37,46.4,0,1,20,100.0,100.0,92.5,2,1,20,20
Cordarrelle Patterson,7810,HB,ATL,16,0,2,53.0,0,1,33,11.8,12.3,98.5,0,1,0,36,293,27.5,0,1,8,8.2,7.8,93.7,1,0,8,103
Jack Stoll,42058,TE,PHI,17,0,24,84.2,0,0,35,33.0,32.7,100.0,0,0,0,36,110,73.7,0,0,2,8.0,8.0,100.0,0,0,2,25
Jack Doyle,8520,TE,IND,16,1,14,68.3,0,0,34,11.4,11.2,97.1,1,1,1,36,322,76.0,0,0,8,7.8,8.1,100.0,0,0,9,111
Jesse James,9593,TE,CHI,13,0,6,76.4,0,2,30,23.1,25.4,96.7,0,2,0,35,138,70.2,0,0,1,2.6,2.6,100.0,0,0,1,38
Miles Sanders,40555,HB,PHI,13,0,24,47.3,1,4,32,13.6,13.6,92.2,1,5,0,35,257,57.8,0,3,16,20.0,19.5,90.6,3,0,17,87
Eric Saubert,11929,TE,DEN,16,0,10,77.8,0,2,34,31.5,30.4,97.1,0,2,0,35,115,,0,0,0,0.0,0.0,,0,0,0,28
Albert Okwuegbunam,41933,TE,DEN,14,0,10,69.3,1,1,33,16.3,15.7,97.0,1,2,0,34,216,28.1,0,0,2,3.2,2.9,100.0,0,0,2,69
Rob Gronkowski,5567,TE,TB,14,0,30,70.1,0,0,30,6.0,6.5,96.7,1,1,1,34,523,34.5,0,0,4,1.7,1.6,75.0,1,1,4,249
Robert Jones,100786,T,MIA,3,0,17,55.4,0,2,31,100.0,100.0,93.5,0,3,1,34,34,61.0,0,0,10,100.0,100.0,90.0,1,1,13,13
J.D. McKissic,11047,HB,WAS,11,1,32,66.3,0,1,31,12.5,12.5,98.4,2,1,0,33,263,64.5,0,1,18,12.9,13.3,97.2,1,0,20,150
Ameer Abdullah,9487,HB,CAR,15,0,5,31.7,2,3,32,14.2,14.2,92.2,0,5,0,33,233,50.5,1,1,19,17.4,17.7,94.7,2,0,20,113
Darrell Daniels,12122,TE,ARZ,16,0,1,67.0,0,3,32,30.5,29.5,89.1,0,5,2,33,112,69.2,0,0,1,6.7,5.6,100.0,0,0,1,18
Alvin Kamara,11822,HB,NO,13,0,20,12.3,2,3,32,10.6,10.4,85.9,1,7,2,33,316,7.8,1,3,18,11.0,10.9,77.8,6,2,19,174
K.C. McDermott,29035,G,JAX,3,0,15,77.2,1,0,31,100.0,100.0,98.4,0,1,0,32,32,75.6,1,0,13,100.0,100.0,96.2,1,0,14,14
Pat Freiermuth,84085,TE,PIT,17,0,25,81.2,0,0,26,5.9,6.8,100.0,0,0,0,32,473,77.0,0,0,5,2.7,4.5,100.0,0,0,9,201
Alaric Jackson,40972,T,LA,3,0,26,39.1,1,1,31,100.0,100.0,93.5,0,3,1,32,32,41.1,0,1,14,100.0,100.0,89.3,2,1,14,14
Noah Fant,42388,TE,DEN,16,0,10,39.5,0,3,29,6.2,6.5,91.4,1,4,1,32,492,17.2,0,1,3,1.4,1.8,83.3,1,0,4,217
Elijah Mitchell,57272,HB,SF,14,0,28,69.2,0,1,31,14.4,14.2,95.2,0,2,1,32,226,76.4,0,0,2,3.4,3.2,100.0,0,0,2,62
Ricky Seals-Jones,12020,TE,WAS,13,1,32,67.0,2,1,30,9.6,9.4,95.0,1,3,0,31,331,74.0,0,0,7,5.8,5.5,100.0,0,0,7,127
Kaden Smith,40973,TE,NYG,9,0,21,57.4,0,3,30,36.1,34.1,95.0,0,3,0,31,91,26.9,0,1,4,20.0,19.0,87.5,1,0,4,21
Mekhi Becton,59818,T,NYJ,1,0,22,59.7,1,1,30,100.0,100.0,96.7,0,2,0,31,31,68.5,1,0,11,100.0,100.0,95.5,1,0,12,12
D'Ante Smith,41497,T,CIN,2,0,7,43.1,0,0,29,100.0,100.0,96.6,0,1,1,31,31,29.1,0,0,11,100.0,100.0,90.9,1,1,12,12
Nyheim Miller-Hines,48103,HB,IND,17,0,14,47.1,1,1,28,12.1,11.6,96.4,0,2,0,30,259,44.5,1,1,17,13.9,14.0,94.1,2,0,19,136
Kareem Hunt,11841,HB,CLV,8,0,8,66.9,0,2,29,21.0,20.8,96.6,0,2,0,30,144,49.8,0,2,14,24.1,23.0,92.9,2,0,14,61
Cole Toner,10804,G,HST,1,0,13,72.5,0,0,28,100.0,100.0,96.4,0,1,1,30,30,56.1,0,0,11,100.0,100.0,90.9,1,1,11,11
Eric Tomlinson,9786,TE,BLT,16,0,3,71.1,0,1,24,26.1,30.6,97.9,0,1,0,30,98,69.8,0,0,0,0.0,9.1,,0,0,1,11
Bryan Bulaga,5548,T,LAC,1,0,27,45.2,0,1,28,100.0,100.0,98.2,1,1,0,30,30,57.9,0,0,6,100.0,100.0,100.0,0,0,8,8
Darrel Williams,13014,HB,KC,19,0,16,40.4,2,1,28,7.3,7.1,94.6,0,3,0,29,406,34.6,0,1,6,3.8,3.5,91.7,1,0,6,172
Caleb Benenoch,10782,T,NO,1,1,20,46.3,1,3,27,100.0,100.0,88.9,1,5,1,28,28,43.0,0,2,11,100.0,100.0,81.8,3,1,11,11
Brock Wright,60994,TE,DET,10,0,11,35.5,0,3,27,23.3,23.1,90.7,0,4,1,28,121,,0,0,0,0.0,0.0,,0,0,0,36
Royce Freeman,45747,HB,HST,12,0,13,58.9,0,3,26,18.4,18.3,90.4,0,4,1,28,153,49.3,0,2,14,20.3,20.8,85.7,3,1,16,77
Jamaal Williams,11889,HB,DET,13,0,11,70.4,0,1,28,19.6,18.8,94.6,0,2,1,28,149,52.6,0,1,10,19.2,17.9,85.0,2,1,10,56
Dare Ogunbowale,12329,HB,JAX,12,0,15,17.8,0,2,25,19.2,19.7,92.0,0,3,1,27,137,10.6,0,2,14,18.9,19.5,85.7,3,1,15,77
Cedric Ogbuehi,9454,T,BLT,1,0,3,62.0,0,0,25,100.0,100.0,96.0,0,1,1,27,27,54.9,0,0,5,100.0,100.0,80.0,1,1,7,7
Austin Schlottmann,30097,C,DEN,1,0,10,26.3,0,4,25,100.0,100.0,92.0,0,4,0,27,27,81.5,0,0,12,100.0,100.0,100.0,0,0,13,13
O.J. Howard,11774,TE,TB,19,0,30,31.4,1,1,26,14.1,14.0,92.3,0,3,1,27,193,29.2,1,0,1,2.0,1.9,50.0,1,0,1,52
Alexander Mattison,45817,HB,MIN,16,0,18,54.6,0,0,23,10.6,11.4,91.3,0,2,2,26,229,77.3,0,0,8,9.5,10.2,87.5,1,1,9,88
Giovani Bernard,7818,HB,TB,14,0,30,64.5,1,0,25,15.5,15.0,90.0,0,3,2,25,167,58.5,0,0,16,17.4,16.8,87.5,2,2,16,95
Stephen Anderson,11160,TE,LAC,17,0,27,67.3,0,1,25,18.1,16.6,94.0,0,2,1,25,151,74.4,0,0,1,2.9,2.6,100.0,0,0,1,38
Kenyan Drake,10707,HB,LV,12,0,23,51.4,1,1,23,11.9,12.3,91.3,0,3,1,25,204,42.1,1,1,18,14.2,14.1,88.9,3,1,19,135
Nick Vannett,10728,TE,NO,7,0,20,75.8,0,1,23,20.7,21.9,97.8,0,1,0,25,114,74.9,0,0,4,8.7,8.7,100.0,0,0,4,46
Demetrius Harris,8524,TE,ARZ,14,0,1,64.8,0,1,23,24.0,23.8,97.8,0,1,0,24,101,,0,0,0,0.0,0.0,,0,0,0,16
Darren Waller,9637,TE,LV,12,0,23,74.2,0,1,20,4.4,4.9,97.5,1,1,0,24,486,69.6,0,1,10,3.6,4.7,95.0,1,0,14,300
T.J. Hockenson,40912,TE,DET,12,1,11,65.4,0,0,21,5.1,5.2,95.2,2,1,1,23,446,73.6,0,0,3,1.3,1.3,100.0,0,0,3,240
Kenneth Gainwell,77737,HB,PHI,17,0,24,75.8,0,2,20,9.3,9.9,95.0,0,2,0,23,232,70.5,0,2,13,9.5,11.1,92.3,2,0,16,144
Jeremy Sprinkle,11909,TE,DAL,13,0,9,84.6,0,0,23,52.3,50.0,100.0,0,0,0,23,46,,0,0,0,0.0,0.0,,0,0,0,2
Tevin Coleman,9506,HB,NYJ,11,0,22,59.0,0,2,21,26.6,28.4,95.2,0,2,0,23,81,79.1,0,0,3,20.0,20.0,100.0,0,0,3,15
Alex Collins,10805,HB,SEA,11,0,29,69.0,1,1,22,17.1,16.8,95.5,1,2,0,23,137,42.6,0,1,2,6.5,5.9,75.0,1,0,2,34
Jordan Simmons,46744,G,LV,3,0,23,39.6,0,2,23,100.0,100.0,91.3,0,3,1,23,23,28.7,0,1,15,100.0,100.0,90.0,2,1,15,15
Luke Stocker,6256,TE,MIN,12,0,18,44.2,1,0,21,45.7,47.9,97.6,0,1,0,23,48,69.6,0,0,1,20.0,20.0,100.0,0,0,1,5
Brett Toth,46848,C,PHI,3,0,24,68.0,0,0,23,100.0,100.0,100.0,0,0,0,23,23,30.2,0,0,5,100.0,100.0,100.0,0,0,5,5
Christian McCaffrey,11763,HB,CAR,7,0,5,56.8,0,1,22,15.8,15.6,97.7,0,1,0,23,147,66.4,0,1,12,16.4,15.4,95.8,1,0,12,78
Clyde Edwards-Helaire,57279,HB,KC,12,0,16,49.3,0,3,22,10.2,10.0,93.2,1,3,0,23,231,24.5,0,1,3,3.8,3.5,83.3,1,0,3,85
Patrick Laird,28219,HB,MIA,6,0,17,66.3,0,1,21,43.8,41.5,97.6,0,1,0,22,53,61.6,0,1,17,42.5,38.6,97.1,1,0,17,44
Chris Hubbard,8051,T,CLV,1,0,8,42.9,1,1,21,100.0,100.0,90.5,0,3,1,22,22,25.5,1,1,10,100.0,100.0,80.0,3,1,11,11
Tre' McKitty,60896,TE,LAC,10,0,27,53.6,0,0,18,24.0,27.2,100.0,0,0,0,22,81,71.2,0,0,1,7.1,12.5,100.0,0,0,2,16
Kayode Awosika,44909,G,PHI,1,0,24,31.7,0,1,19,100.0,100.0,86.8,0,3,2,22,22,22.7,0,1,15,100.0,100.0,83.3,3,2,17,17
Qadree Ollison,45934,HB,ATL,6,0,2,28.6,1,2,22,50.0,48.9,88.6,0,4,1,22,45,24.9,1,1,12,57.1,54.5,83.3,3,1,12,22
Andre Smith,4929,T,BLT,1,0,3,81.4,0,1,20,100.0,100.0,97.5,1,1,0,21,21,82.5,0,0,6,100.0,100.0,100.0,0,0,6,6
D'Onta Foreman,11844,HB,TEN,10,0,31,60.7,1,1,20,23.3,24.1,95.0,0,2,0,21,87,,0,0,0,0.0,0.0,,0,0,0,13
Rashaad Penny,27414,HB,SEA,10,0,29,71.0,0,0,18,15.5,17.5,100.0,0,0,0,21,120,79.9,0,0,2,11.1,15.8,100.0,0,0,3,19
Maxx Williams,9488,TE,ARZ,5,0,1,70.0,0,2,19,16.1,16.9,94.7,1,2,0,21,124,72.3,0,0,2,7.1,6.7,100.0,0,0,2,30
Jared Cook,5012,TE,LAC,16,1,27,28.1,1,2,19,3.8,3.9,92.1,4,3,0,21,533,44.0,1,0,5,1.8,1.7,90.0,1,0,5,288
Tommy Sweeney,47216,TE,BUF,13,0,4,58.5,0,2,21,15.2,14.4,90.5,0,3,1,21,146,73.7,0,0,3,7.1,6.5,100.0,0,0,3,46
Elijhaa Penny,11300,FB,NYG,16,0,21,57.4,0,2,18,29.5,31.3,94.4,1,2,0,20,64,54.4,0,1,3,13.6,13.0,83.3,1,0,3,23
Charlie Woerner,42257,TE,SF,19,0,28,75.1,0,0,19,20.0,20.0,100.0,0,0,0,20,100,71.4,0,0,2,8.0,7.4,100.0,0,0,2,27
Joshua Kelley,13750,HB,LAC,10,0,27,77.5,0,1,20,21.1,20.4,97.5,0,1,0,20,98,88.2,0,0,10,19.6,18.9,100.0,0,0,10,53
Jordan Akins,47050,TE,HST,13,0,13,32.6,0,2,18,8.3,8.4,94.4,3,2,0,20,238,68.8,0,0,2,2.4,2.2,100.0,0,0,2,91
Jakob Johnson,32565,FB,NE,17,0,19,72.1,0,1,19,22.6,22.7,97.4,0,1,0,20,88,,0,0,0,0.0,0.0,,0,0,0,22
Tommy Tremble,84025,TE,CAR,16,0,5,53.2,0,1,19,6.4,6.5,92.1,0,2,1,20,306,69.6,0,0,1,0.8,0.7,100.0,0,0,1,134
David Bakhtiari,7891,T,GB,1,0,12,72.7,0,0,20,100.0,100.0,100.0,0,0,0,20,20,83.0,0,0,6,100.0,100.0,100.0,0,0,6,6
Evan Engram,11778,TE,NYG,15,0,21,54.6,0,1,19,4.0,3.9,97.4,0,1,0,20,508,43.4,0,0,8,3.8,3.5,100.0,0,0,8,229
Colby Parkinson,52266,TE,SEA,11,0,29,65.7,0,1,18,23.4,25.0,97.2,0,1,0,20,80,,0,0,0,0.0,0.0,,0,0,0,22
Justin Jackson,29539,HB,LAC,13,1,27,23.4,0,2,17,12.1,13.2,94.1,1,2,0,20,152,21.3,0,2,12,17.4,18.7,91.7,2,0,14,75
Salvon Ahmed,57472,HB,MIA,12,0,17,43.3,0,1,17,16.3,17.6,97.1,0,1,0,19,108,45.6,0,1,4,21.1,25.0,87.5,1,0,5,20
Noah Gray,60878,TE,KC,18,0,16,82.2,0,0,19,10.9,10.6,100.0,0,0,0,19,179,70.2,0,0,1,1.7,1.6,100.0,0,0,1,63
Jeff Wilson Jr.,29413,HB,SF,10,0,28,86.7,0,0,18,19.4,19.2,100.0,0,0,0,19,99,75.2,0,0,2,11.1,10.0,100.0,0,0,2,20
Deonte Brown,41457,G,CAR,1,0,5,29.5,1,1,18,100.0,100.0,94.4,0,2,0,19,19,12.2,1,0,8,100.0,100.0,93.7,1,0,8,8
Rhamondre Stevenson,98689,HB,NE,13,0,19,50.3,0,0,17,15.3,16.2,94.1,0,1,1,19,117,76.4,0,0,1,3.4,3.2,100.0,0,0,1,31
Damien Williams,9205,HB,CHI,12,0,6,72.6,1,0,18,15.7,16.1,97.2,0,1,0,19,118,56.4,1,0,8,13.6,13.1,93.7,1,0,8,61
Will Holden,11912,T,DET,6,0,11,28.0,1,1,19,95.0,95.0,89.5,0,3,1,19,20,17.6,0,1,8,100.0,100.0,81.2,2,1,8,8
Jerick McKinnon,8731,HB,KC,15,0,16,87.4,0,0,16,6.3,6.8,100.0,0,0,0,18,266,82.3,0,0,3,2.6,3.9,100.0,0,0,5,129
Travis Kelce,7844,TE,KC,19,1,16,70.8,1,0,17,2.2,2.2,97.1,4,1,0,18,812,69.6,0,0,0,0.0,0.3,,0,0,1,355
Adam Prentice,35639,FB,NO,7,0,20,80.7,0,0,17,32.7,34.0,100.0,0,0,0,18,53,71.3,0,0,6,23.1,25.9,100.0,0,0,7,27
Jaret Patterson,77745,HB,WAS,14,0,32,51.2,1,1,17,23.6,22.1,88.2,0,3,1,17,77,16.1,1,1,3,16.7,15.8,66.7,2,0,3,19
Reggie Gilliam,40951,FB,BUF,16,0,4,84.7,0,0,14,21.5,23.6,100.0,0,0,0,17,72,,0,0,0,0.0,0.0,,0,0,0,14
Zach Ertz,7816,TE,ARZ,18,0,1,77.0,0,0,14,2.5,2.8,100.0,1,0,0,17,604,45.9,0,0,1,0.5,0.4,100.0,0,0,1,232
Colin Thompson,12239,TE,CAR,9,0,5,25.3,1,2,16,59.3,58.6,90.6,0,3,0,17,29,,0,0,0,0.0,0.0,,0,0,0,2
Luke Farrell,42353,TE,JAX,14,0,15,66.2,0,0,16,13.8,12.8,100.0,0,0,0,16,125,,0,0,0,0.0,0.0,,0,0,0,50
Ke'Shawn Vaughn,45866,HB,TB,7,0,30,79.3,0,0,15,17.6,18.2,93.3,0,1,1,16,88,74.2,0,0,9,20.0,20.0,88.9,1,1,9,45
Dontrell Hilliard,45691,HB,TEN,8,0,31,31.7,1,2,15,11.1,11.4,90.0,0,3,0,16,140,32.4,0,2,9,13.4,13.2,88.9,2,0,9,68
Josiah Deguara,47034,TE,GB,17,0,12,35.4,0,1,14,5.6,6.2,89.3,1,2,1,16,260,75.1,0,0,2,2.2,2.0,100.0,0,0,2,99
Logan Thomas,8755,TE,WAS,6,0,32,65.7,0,0,15,9.1,8.9,100.0,0,0,0,16,179,27.4,0,0,0,0.0,1.3,,0,0,1,75
Trevon Wesco,42018,TE,NYJ,12,0,22,55.0,0,2,16,22.9,21.9,93.7,0,2,0,16,73,13.4,0,1,2,10.5,9.5,75.0,1,0,2,21
Chris Myarick,47358,TE,NYG,8,0,21,74.4,0,0,16,38.1,37.2,100.0,0,0,0,16,43,,0,0,0,0.0,0.0,,0,0,0,10
Larry Rountree III,57308,HB,LAC,8,0,27,48.5,1,1,13,23.6,26.7,92.3,0,2,0,16,60,79.7,0,0,1,10.0,25.0,100.0,0,0,3,12
Ty'Son Williams,38287,HB,BLT,8,0,3,89.5,0,0,14,14.3,14.3,100.0,0,0,0,15,105,83.8,0,0,6,12.2,11.5,100.0,0,0,6,52
Darren Fells,8549,TE,TB,9,0,30,83.8,0,0,14,19.4,19.0,100.0,0,0,0,15,79,69.6,0,0,1,3.7,3.3,100.0,0,0,1,30
Blake Jarwin,12320,TE,DAL,9,0,9,74.5,0,0,12,8.1,9.0,100.0,1,0,0,15,166,,0,0,0,0.0,0.0,,0,0,0,68
Tony Jones Jr.,40498,HB,NO,9,0,20,88.9,0,0,15,23.1,22.1,100.0,0,0,0,15,68,83.5,0,0,5,20.0,18.5,100.0,0,0,5,27
Lachavious Simmons,20919,T,CHI,1,0,6,0.0,0,2,15,100.0,100.0,80.0,0,4,2,15,15,0.0,0,2,7,100.0,100.0,57.1,4,2,7,7
Kendall Blanton,47311,TE,LA,13,0,26,65.5,0,1,15,11.7,11.2,96.7,0,1,0,15,134,,0,0,0,0.0,0.0,,0,0,0,58
Jalen Richard,11395,HB,LV,11,0,23,62.8,0,1,15,12.9,11.5,96.7,0,1,0,15,130,60.3,0,1,12,13.3,11.5,95.8,1,0,12,104
Kyle Pitts,83964,TE,ATL,17,0,2,69.7,1,0,14,2.7,2.7,96.4,1,1,0,15,550,,0,0,0,0.0,0.0,,0,0,0,229
Quinn Bailey,46669,T,DEN,1,0,10,60.3,0,1,13,100.0,100.0,96.2,0,1,0,15,15,78.3,0,0,3,100.0,100.0,100.0,0,0,3,3
Sean McKeon,42266,TE,DAL,9,0,9,65.1,0,1,14,31.8,30.4,96.4,0,1,0,14,46,,0,0,0,0.0,0.0,,0,0,0,7
Ross Dwelley,20994,TE,SF,12,0,28,26.3,1,0,12,14.1,15.1,95.8,1,1,0,14,93,75.0,0,0,2,7.1,6.7,100.0,0,0,2,30
Boston Scott,39462,HB,PHI,11,0,24,52.4,0,3,14,13.9,13.6,82.1,0,4,1,14,103,41.3,0,2,9,18.8,18.8,77.8,3,1,9,48
Kalen Ballage,45741,HB,PIT,10,0,25,56.5,0,1,13,20.6,21.2,96.2,0,1,0,14,66,40.2,0,1,4,18.2,21.7,87.5,1,0,5,23
Tommy Doyle,40459,T,BUF,7,0,4,38.1,0,0,11,78.6,82.4,90.9,0,1,1,14,17,31.0,0,0,1,100.0,100.0,0.0,1,1,1,1
Harrison Bryant,26394,TE,CLV,16,0,8,64.2,1,0,13,7.6,7.3,96.2,0,1,0,13,178,69.2,0,0,1,2.8,2.6,100.0,0,0,1,38
Corey Levin,11972,G,TEN,4,0,31,7.3,0,0,13,100.0,100.0,100.0,0,0,0,13,13,34.9,0,0,6,100.0,100.0,100.0,0,0,6,6
Andy Janovich,10810,FB,CLV,13,0,8,52.7,0,0,12,37.5,37.1,91.7,0,1,1,13,35,76.7,0,0,1,20.0,16.7,100.0,0,0,1,6
James White,8765,HB,NE,3,0,19,70.2,0,0,11,22.4,25.0,100.0,0,0,0,13,52,74.2,0,0,7,25.9,28.6,100.0,0,0,8,28
Keaton Sutherland,46035,C,CIN,1,0,7,80.1,0,0,12,100.0,100.0,100.0,0,0,0,13,13,76.4,0,0,5,100.0,100.0,100.0,0,0,5,5
Cam Akers,57206,HB,LA,5,0,26,62.7,0,0,10,11.6,13.0,100.0,0,0,0,12,92,42.0,0,0,4,8.9,8.5,100.0,0,0,4,47
Dan Arnold,51842,TE,JAX,11,0,15,32.2,1,2,11,4.2,4.3,86.4,0,3,0,12,280,24.5,1,1,3,2.1,1.9,66.7,2,0,3,156
Shane Lemieux,28149,G,NYG,1,0,21,81.5,0,0,11,100.0,100.0,100.0,0,0,0,12,12,77.8,0,0,4,100.0,100.0,100.0,0,0,4,4
Patrick Taylor,40448,HB,GB,5,0,12,75.7,0,1,11,33.3,33.3,95.5,0,1,0,12,36,82.5,0,0,3,27.3,30.8,100.0,0,0,4,13
DeeJay Dallas,55632,HB,SEA,13,0,29,61.5,0,1,9,7.9,9.7,94.4,1,1,0,12,124,55.1,0,1,6,10.0,13.4,91.7,1,0,9,67
Denzelle Good,9688,G,LV,1,0,23,42.7,0,0,12,100.0,100.0,100.0,0,0,0,12,12,66.9,0,0,8,100.0,100.0,100.0,0,0,8,8
Blake Brandel,46282,T,MIN,7,0,18,58.5,0,0,10,83.3,85.7,100.0,0,0,0,12,14,71.1,0,0,1,100.0,100.0,100.0,0,0,1,1
Phillip Lindsay,12660,HB,MIA,14,0,17,36.5,0,0,12,22.2,20.3,91.7,0,1,1,12,59,3.6,0,0,1,12.5,10.0,0.0,1,1,1,10
Tyler Davis,47743,TE,GB,11,0,12,69.4,0,0,11,16.2,16.7,100.0,0,0,0,12,72,,0,0,0,0.0,0.0,,0,0,0,12
Ronald Jones,34001,HB,TB,16,0,30,12.4,0,3,10,9.8,11.0,75.0,0,4,1,12,109,5.7,0,1,3,12.0,11.5,50.0,2,1,3,26
Brevin Jordan,77887,TE,HST,9,1,13,77.5,0,0,11,6.9,6.7,100.0,1,0,0,11,165,76.1,0,0,5,6.3,6.2,100.0,0,0,5,81
Dominique Dafney,62825,TE,GB,11,0,12,77.3,0,0,11,16.2,15.5,100.0,1,0,0,11,71,,0,0,0,0.0,0.0,,0,0,0,19
Jacob Hollister,12051,TE,JAX,7,0,15,61.3,0,1,10,9.6,9.8,95.0,0,1,0,11,112,62.3,0,0,1,2.3,2.1,100.0,0,0,1,47
Tre'Vour Wallace-Simms,41855,G,JAX,1,0,15,48.7,0,0,11,100.0,100.0,100.0,0,0,0,11,11,79.5,0,0,5,100.0,100.0,100.0,0,0,5,5
Khari Blasingame,44889,FB,TEN,11,0,31,75.2,0,0,11,31.4,29.7,90.9,0,1,1,11,37,81.7,0,0,4,36.4,36.4,100.0,0,0,4,11
Parker Hesse,48369,TE,ATL,8,0,2,77.4,0,0,9,16.1,17.7,100.0,0,0,0,11,62,,0,0,0,0.0,0.0,,0,0,0,24
Duke Johnson Jr.,9510,HB,MIA,5,0,17,85.6,0,0,10,15.4,16.4,100.0,0,0,0,11,67,76.4,0,0,0,0.0,4.5,,0,0,1,22
Mike Gesicki,47153,TE,MIA,17,2,17,36.6,0,2,10,1.8,1.9,90.0,4,2,0,11,592,32.0,0,2,6,2.6,2.3,83.3,2,0,6,256
Benny Snell Jr.,45954,HB,PIT,14,0,25,53.1,0,2,9,11.4,11.8,77.8,0,3,1,10,85,59.1,0,1,6,13.6,14.6,75.0,2,1,7,48
JaMycal Hasty,25582,HB,SF,14,0,28,19.9,1,2,8,6.5,7.4,81.2,0,3,0,10,136,23.2,1,1,6,7.5,8.4,83.3,2,0,7,83
Robert Hainsey,59980,C,TB,4,0,30,78.2,0,0,8,100.0,100.0,100.0,0,0,0,10,10,76.5,0,0,4,100.0,100.0,100.0,0,0,4,4
Giovanni Ricci,13756,FB,CAR,16,0,5,73.1,0,1,9,16.7,17.9,94.4,0,1,0,10,56,,0,0,0,0.0,0.0,,0,0,0,12
Godwin Igwebuike,49166,HB,DET,10,0,11,65.6,0,0,10,12.8,12.0,100.0,0,0,0,10,83,51.0,0,0,5,11.4,10.9,100.0,0,0,5,46
Brian Winters,7853,G,ARZ,2,0,1,6.9,1,0,9,100.0,100.0,94.4,0,1,0,10,10,0.0,1,0,2,100.0,100.0,75.0,1,0,2,2
Ben Ellefson,27766,TE,MIN,5,0,18,44.9,0,0,10,38.5,38.5,90.0,0,1,1,10,26,,0,0,0,0.0,0.0,,0,0,0,3
J.J. Arcega-Whiteside,35014,WR,PHI,12,1,24,78.3,0,1,10,15.2,14.1,95.0,2,1,0,10,71,,0,0,0,0.0,0.0,,0,0,0,17
Mark Andrews,47436,TE,BLT,17,1,3,74.0,0,0,9,1.4,1.3,100.0,2,0,0,9,670,,0,0,0,0.0,0.0,,0,0,0,288
Daniel Helm,47307,TE,LV,8,0,23,78.2,0,0,9,52.9,52.9,100.0,0,0,0,9,17,69.6,0,0,1,33.3,33.3,100.0,0,0,1,3
Cameron Brate,9207,TE,TB,19,0,30,48.3,0,0,9,2.5,2.4,100.0,0,0,0,9,381,,0,0,0,0.0,0.0,,0,0,0,156
Craig Reynolds,94383,HB,DET,5,0,11,58.3,0,1,8,14.3,15.8,93.7,0,1,0,9,57,22.0,0,1,1,3.7,7.1,50.0,1,0,2,28
Jason Cabinda,50714,FB,DET,13,0,11,52.8,0,1,9,18.8,17.3,94.4,0,1,0,9,52,25.0,0,0,1,9.1,7.7,100.0,0,0,1,13
Jordan Howard,10784,HB,PHI,8,0,24,44.3,0,1,9,13.6,13.4,94.4,0,1,0,9,67,68.4,0,1,6,23.1,22.2,91.7,1,0,6,27
Will Fries,41530,G,IND,1,0,14,44.0,1,0,6,100.0,100.0,91.7,0,1,0,9,9,7.5,1,0,2,100.0,100.0,75.0,1,0,3,3
Trey Sermon,57372,HB,SF,4,0,28,39.6,0,1,9,18.0,17.3,94.4,0,1,0,9,52,74.4,0,0,1,8.3,7.7,100.0,0,0,1,13
Johnny Mundt,12206,TE,LA,5,0,26,78.3,0,0,7,18.4,19.5,100.0,0,0,0,8,41,,0,0,0,0.0,0.0,,0,0,0,16
Tommy Hudson,47412,TE,TEN,4,0,31,80.2,0,0,6,27.3,33.3,100.0,0,0,0,8,24,79.4,0,0,0,0.0,20.0,,0,0,2,10
Cooper Kupp,11824,WR,LA,21,0,26,40.2,0,1,8,1.0,1.0,93.7,0,1,0,8,826,,0,0,0,0.0,0.0,,0,0,0,396
Ty Montgomery,9527,WR,NO,14,0,20,46.5,1,0,7,3.8,4.2,92.9,0,1,0,8,189,18.7,1,0,2,2.2,2.1,75.0,1,0,2,94
Nick Boyle,9604,TE,BLT,5,0,3,75.8,0,0,5,15.2,22.2,100.0,0,0,0,8,36,,0,0,0,0.0,0.0,,0,0,0,8
Michael Burton,9601,FB,KC,16,0,16,85.8,0,0,8,33.3,27.6,100.0,0,0,0,8,29,,0,0,0,,,,0,0,0,0
Laviska Shenault Jr.,61220,WR,JAX,16,0,15,77.7,0,0,8,1.7,1.6,100.0,1,0,0,8,490,,0,0,0,0.0,0.0,,0,0,0,250
Jimmy Graham,5619,TE,CHI,15,0,6,48.6,0,0,8,5.8,5.4,100.0,0,0,0,8,148,,0,0,0,0.0,0.0,,0,0,0,68
Jakobi Meyers,47468,WR,NE,18,0,19,75.5,0,0,8,1.4,1.3,100.0,1,0,0,8,615,,0,0,0,0.0,0.0,,0,0,0,276
Eno Benjamin,57136,HB,ARZ,8,0,1,46.6,0,1,7,12.5,13.8,92.9,0,1,0,8,58,36.8,0,1,4,18.2,21.7,87.5,1,0,5,23
Chris Herndon,47164,TE,MIN,16,0,18,75.0,0,0,6,6.2,6.7,100.0,1,0,0,7,104,68.8,0,0,1,3.8,3.6,100.0,0,0,1,28
Chris Evans,27303,HB,CIN,15,0,7,84.1,0,0,7,8.8,8.4,100.0,0,0,0,7,83,79.2,0,0,3,7.5,7.3,100.0,0,0,3,41
Eric Ebron,8645,TE,PIT,8,0,25,76.1,0,0,5,2.8,3.8,100.0,0,0,0,7,185,69.3,0,0,1,1.2,1.1,100.0,0,0,1,87
Robert Woods,7822,WR,LA,9,0,26,72.6,0,0,6,1.8,2.1,100.0,0,0,0,7,340,,0,0,0,0.0,0.0,,0,0,0,147
Peyton Barber,10927,HB,LV,7,0,23,85.8,0,0,7,13.7,13.7,100.0,0,0,0,7,51,85.0,0,0,5,16.7,16.7,100.0,0,0,5,30
Tyree Jackson,46481,TE,PHI,8,0,24,63.5,1,0,7,9.9,9.3,92.9,0,1,0,7,75,,0,0,0,0.0,0.0,,0,0,0,27
Alec Ingold,34934,FB,LV,9,0,23,79.1,0,0,6,11.5,10.7,100.0,0,0,0,6,56,77.1,0,0,2,7.7,6.9,100.0,0,0,2,29
Austin Walter,45038,HB,NYJ,4,0,22,82.5,0,0,6,23.1,22.2,100.0,0,0,0,6,27,78.3,0,0,2,40.0,40.0,100.0,0,0,2,5
Tory Carter,57063,FB,TEN,5,0,31,57.8,1,0,6,40.0,40.0,91.7,0,1,0,6,15,,0,0,0,0.0,0.0,,0,0,0,1
Deebo Samuel,48274,WR,SF,19,0,28,60.1,0,1,4,0.7,1.0,87.5,1,1,0,6,572,,0,0,0,0.0,0.0,,0,0,0,240
Chris Carson,12004,HB,SEA,4,0,29,35.0,0,1,6,9.8,9.5,91.7,1,1,0,6,63,73.1,0,0,1,9.1,9.1,100.0,0,0,1,11
Stone Forsythe,41795,T,SEA,1,0,29,74.3,0,0,6,100.0,100.0,100.0,0,0,0,6,6,70.7,0,0,1,100.0,100.0,100.0,0,0,1,1
Robert Tonyan,12193,TE,GB,8,0,12,16.3,0,1,6,3.1,2.8,91.7,0,1,0,6,211,8.1,0,1,1,1.2,1.1,50.0,1,0,1,89
Rodney Smith,26306,HB,CAR,2,0,5,47.9,0,0,6,16.7,16.2,83.3,0,1,1,6,37,28.1,0,0,3,12.5,12.0,66.7,1,1,3,25
Freddie Swain,26448,WR,SEA,17,0,29,82.4,0,0,6,1.6,1.5,100.0,1,0,0,6,396,,0,0,0,0.0,0.0,,0,0,0,168
Kenny Yeboah,42196,TE,NYJ,3,0,22,77.2,0,0,6,16.7,16.2,100.0,0,0,0,6,37,65.7,0,0,1,5.6,5.3,100.0,0,0,1,19
Laquon Treadwell,10657,WR,JAX,12,0,15,75.2,0,0,6,2.1,1.9,100.0,0,0,0,6,310,,0,0,0,0.0,0.0,,0,0,0,144
Jon Toth,22917,G,WAS,1,0,32,0.0,0,1,4,100.0,100.0,87.5,0,1,0,5,5,71.9,0,0,1,100.0,100.0,100.0,0,0,1,1
Demarcus Robinson,10760,WR,KC,20,0,16,79.6,0,0,5,0.9,0.8,100.0,2,0,0,5,609,,0,0,0,0.0,0.0,,0,0,0,281
Cethan Carter,47149,TE,MIA,8,0,17,77.0,0,0,4,21.1,22.7,100.0,0,0,0,5,22,,0,0,0,0.0,0.0,,0,0,0,6
James O'Shaughnessy,9606,TE,JAX,7,0,15,73.7,0,0,3,1.7,2.6,100.0,2,0,0,5,194,65.7,0,0,1,1.1,1.0,100.0,0,0,1,96
Brycen Hopkins,47338,TE,LA,5,0,26,30.8,0,0,5,11.1,9.6,100.0,0,0,0,5,52,,0,0,0,0.0,0.0,,0,0,0,28
Kylen Granson,40630,TE,IND,16,1,14,72.4,0,0,5,5.1,4.6,100.0,1,0,0,5,108,70.8,0,0,4,8.3,7.4,100.0,0,0,4,54
Nick Bawden,27413,FB,NYJ,7,0,22,73.6,0,0,5,21.7,20.8,100.0,0,0,0,5,24,,0,0,0,0.0,0.0,,0,0,0,2
Adrian Peterson,3623,HB,SEA,4,0,29,78.6,0,0,4,14.3,16.7,100.0,0,0,0,5,30,72.4,0,0,1,16.7,16.7,100.0,0,0,1,6
Jake Hanson,28148,C,GB,1,0,12,79.2,0,0,5,100.0,100.0,100.0,0,0,0,5,5,75.4,0,0,2,100.0,100.0,100.0,0,0,2,2
Corey Clement,12253,HB,DAL,7,0,9,83.7,0,0,5,17.2,14.3,100.0,0,0,0,5,35,78.7,0,0,2,20.0,12.5,100.0,0,0,2,16
Joshua Miles,29038,T,ARZ,3,0,1,81.3,0,0,4,100.0,100.0,100.0,0,0,0,5,5,74.1,0,0,2,100.0,100.0,100.0,0,0,2,2
Marlon Mack,11898,HB,IND,5,0,14,82.2,0,0,5,19.2,19.2,100.0,0,0,0,5,26,77.3,0,0,2,20.0,20.0,100.0,0,0,2,10
Mike Boone,31615,HB,DEN,3,0,10,21.2,0,0,3,20.0,27.8,100.0,0,0,0,5,18,29.2,0,0,3,50.0,50.0,100.0,0,0,4,8
Taysom Hill,12112,QB,NO,12,0,20,16.9,1,0,5,2.3,2.2,70.0,1,2,1,5,223,0.0,1,0,1,1.0,1.0,50.0,1,0,1,104
Casey Tucker,46376,T,PHI,1,0,24,16.5,1,1,4,100.0,100.0,75.0,0,2,0,5,5,26.4,0,1,2,100.0,100.0,75.0,1,0,3,3
Tim Patrick,12087,WR,DEN,16,1,10,58.1,0,0,5,1.0,0.9,80.0,3,1,1,5,527,,0,0,0,0.0,0.0,,0,0,0,235
J.P. Holtz,11062,TE,CHI,9,0,6,77.5,0,0,4,20.0,22.7,100.0,0,0,0,5,22,,0,0,0,0.0,0.0,,0,0,0,4
Allen Lazard,48135,WR,GB,16,0,12,75.0,0,0,5,1.1,1.0,100.0,0,0,0,5,488,,0,0,0,0.0,0.0,,0,0,0,176
Hunter Long,60859,TE,MIA,6,0,17,35.0,0,1,5,18.5,18.5,90.0,0,1,0,5,27,,0,0,0,,,,0,0,0,0
Reggie Bonnafon,47542,HB,CAR,1,0,5,53.9,1,0,4,33.3,30.8,87.5,0,1,0,4,13,44.2,1,0,2,25.0,22.2,75.0,1,0,2,9
Jonathan Ward,25859,HB,ARZ,5,0,1,26.6,0,0,3,10.7,13.8,100.0,0,0,0,4,29,12.4,0,0,1,11.1,20.0,100.0,0,0,2,10
Matt Breida,12271,HB,BUF,7,0,4,22.3,0,0,4,9.1,8.5,75.0,0,1,1,4,47,55.2,0,0,3,13.6,13.0,100.0,0,0,3,23
Noah Brown,11993,WR,DAL,14,0,9,74.1,0,0,4,2.4,2.2,100.0,1,0,0,4,186,,0,0,0,0.0,0.0,,0,0,0,99
Olamide Zaccheaus,44920,WR,ATL,17,0,2,56.6,0,1,4,1.1,1.0,87.5,0,1,0,4,400,,0,0,0,0.0,0.0,,0,0,0,164
Josh Oliver,47083,TE,BLT,13,0,3,74.7,0,0,3,3.3,4.2,100.0,0,0,0,4,96,,0,0,0,0.0,0.0,,0,0,0,50
Jared Pinkney,47214,TE,DET,2,0,11,80.7,0,0,4,21.1,21.1,100.0,0,0,0,4,19,,0,0,0,0.0,0.0,,0,0,0,8
Mitchell Wilcox,47234,TE,CIN,12,0,7,74.5,0,0,4,8.7,8.3,100.0,0,0,0,4,48,70.2,0,0,1,8.3,7.7,100.0,0,0,1,13
Anthony Firkser,51837,TE,TEN,16,1,31,33.1,0,0,3,1.1,1.3,100.0,2,0,0,4,298,41.7,0,0,2,1.2,1.7,100.0,0,0,3,177
James Carpenter,6177,G,NO,3,0,20,73.1,0,0,4,80.0,80.0,100.0,0,0,0,4,5,,0,0,0,,,,0,0,0,0
Scottie Phillips,83711,HB,HST,2,0,13,29.7,0,1,4,30.8,30.8,87.5,0,1,0,4,13,74.4,0,0,1,33.3,33.3,100.0,0,0,1,3
Richard Rodgers,8733,TE,PHI,4,0,24,72.4,0,0,3,13.6,12.5,100.0,0,0,0,3,24,,0,0,0,0.0,0.0,,0,0,0,11
Tyler Boyd,10689,WR,CIN,20,0,7,68.6,0,0,3,0.4,0.4,100.0,0,0,0,3,719,,0,0,0,0.0,0.0,,0,0,0,364
Scott Daly,18793,LS,DET,3,0,11,87.0,0,0,3,100.0,100.0,100.0,0,0,0,3,3,,0,0,0,,,,0,0,0,0
Noah Togiai,47282,TE,PHI,1,0,24,73.0,0,0,3,37.5,33.3,100.0,0,0,0,3,9,,0,0,0,0.0,0.0,,0,0,0,3
Joshua Palmer,62979,WR,LAC,17,0,27,71.8,0,0,2,0.7,1.0,100.0,0,0,0,3,314,,0,0,0,0.0,0.0,,0,0,0,169
Isaiah Williams,11467,G,NYJ,1,0,22,75.6,0,0,3,100.0,100.0,100.0,0,0,0,3,3,,0,0,0,,,,0,0,0,0
Chris Conley,9509,WR,HST,16,0,13,74.0,0,0,2,0.6,0.8,100.0,1,0,0,3,364,,0,0,0,0.0,0.0,,0,0,0,142
Wayne Gallman,11895,HB,MIN,6,0,18,19.9,0,0,3,17.6,17.6,100.0,0,0,0,3,17,,0,0,0,0.0,0.0,,0,0,0,4
C.J. Moore,26617,S,DET,3,0,11,99.9,0,0,3,100.0,100.0,100.0,0,0,0,3,3,,0,0,0,,,,0,0,0,0
Shane Zylstra,143786,TE,DET,3,0,11,71.5,0,0,3,6.7,6.5,100.0,0,0,0,3,46,,0,0,0,0.0,0.0,,0,0,0,26
Derrick Gore,32342,HB,KC,9,0,16,75.2,0,0,2,4.0,5.6,100.0,0,0,0,3,54,,0,0,0,0.0,0.0,,0,0,0,20
Nick Bellore,6515,FB,SEA,6,0,29,79.1,0,0,3,37.5,37.5,100.0,0,0,0,3,8,,0,0,0,0.0,0.0,,0,0,0,1
Amon-Ra St. Brown,84470,WR,DET,17,0,11,68.6,0,0,2,0.4,0.5,100.0,1,0,0,3,552,,0,0,0,0.0,0.0,,0,0,0,306
Sutton Smith,27832,FB,LV,5,0,23,55.0,0,0,3,37.5,37.5,100.0,0,0,0,3,8,,0,0,0,0.0,0.0,,0,0,0,2
Andrew Beck,47121,FB,DEN,9,0,10,75.5,0,0,3,20.0,20.0,100.0,0,0,0,3,15,,0,0,0,0.0,0.0,,0,0,0,5
Matt Orzech,94369,LS,LA,3,0,26,99.9,0,0,1,100.0,100.0,100.0,0,0,0,3,3,,0,0,0,,,,0,0,0,0
Anthony Pittman,94372,LB,DET,3,0,11,99.9,0,0,3,100.0,100.0,100.0,0,0,0,3,3,,0,0,0,,,,0,0,0,0
Jonathan Williams,10790,HB,WAS,5,0,32,24.0,0,1,2,6.5,9.1,75.0,0,1,0,3,33,19.1,0,1,1,5.0,9.5,50.0,1,0,2,21
Jody Fortson,94384,TE,KC,6,0,16,73.2,0,0,3,8.1,7.7,100.0,0,0,0,3,39,,0,0,0,0.0,0.0,,0,0,0,13
Jackson Barton,46978,T,LV,2,0,23,75.0,0,0,3,100.0,100.0,100.0,0,0,0,3,3,69.6,0,0,1,100.0,100.0,100.0,0,0,1,1
Johnny Stanton,46441,FB,CLV,2,0,8,43.2,0,0,3,42.9,42.9,100.0,0,0,0,3,7,74.1,0,0,1,50.0,50.0,100.0,0,0,1,2
Donovan Peoples-Jones,61439,WR,CLV,14,0,8,72.1,0,0,3,0.7,0.7,100.0,0,0,0,3,434,,0,0,0,0.0,0.0,,0,0,0,176
CeeDee Lamb,61570,WR,DAL,17,1,9,67.8,0,0,3,0.5,0.5,100.0,2,0,0,3,635,,0,0,0,0.0,0.0,,0,0,0,286
Gabe Davis,55410,WR,BUF,18,0,4,81.2,0,0,3,0.8,0.7,100.0,0,0,0,3,417,69.3,0,0,1,0.6,0.5,100.0,0,0,1,192
Kyle Murphy,10834,T,NO,1,0,20,75.3,0,0,3,100.0,100.0,100.0,0,0,0,3,3,75.3,0,0,3,100.0,100.0,100.0,0,0,3,3
Alex Armah,11948,FB,WAS,7,0,32,74.8,0,0,3,15.0,13.0,100.0,0,0,0,3,23,,0,0,0,0.0,0.0,,0,0,0,12
Daniel Brown,10144,TE,NYJ,6,0,22,69.5,0,0,2,8.0,7.7,100.0,0,0,0,2,26,,0,0,0,0.0,0.0,,0,0,0,13
Zach Wilson,82096,QB,NYJ,13,0,22,74.2,0,0,2,0.4,0.4,100.0,1,0,0,2,474,,0,0,0,0.0,0.0,,0,0,0,209
Kalif Raymond,11028,WR,DET,16,0,11,68.3,0,0,2,0.4,0.4,100.0,0,0,0,2,497,,0,0,0,0.0,0.0,,0,0,0,265
Jermar Jefferson,83740,HB,DET,5,0,11,30.9,0,0,2,11.8,11.1,100.0,0,0,0,2,18,,0,0,0,0.0,0.0,,0,0,0,12
Ryan Nall,45753,HB,CHI,4,0,6,76.9,0,0,2,16.7,16.7,100.0,0,0,0,2,12,76.9,0,0,2,25.0,25.0,100.0,0,0,2,8
Ethan Wolf,47173,TE,NO,1,0,20,70.5,0,0,2,28.6,28.6,100.0,0,0,0,2,7,68.7,0,0,1,100.0,100.0,100.0,0,0,1,1
Derrick Barnes,58120,LB,DET,2,0,11,88.3,0,0,2,100.0,100.0,100.0,0,0,0,2,2,,0,0,0,,,,0,0,0,0
Michael Hoecht,108840,DI,LA,2,0,26,95.1,0,0,0,,100.0,,0,0,0,2,2,,0,0,0,,,,0,0,0,0
Denzel Mims,47800,WR,NYJ,11,0,22,72.3,0,0,2,1.1,1.0,100.0,1,0,0,2,199,,0,0,0,0.0,0.0,,0,0,0,96
Wendell Smallwood,10787,HB,WAS,2,0,32,45.1,0,0,1,6.7,12.5,100.0,0,0,0,2,16,45.1,0,0,1,9.1,16.7,100.0,0,0,2,12
Juwan Johnson,28305,TE,NO,14,0,20,70.7,0,0,2,1.2,1.2,100.0,0,0,0,2,171,70.2,0,0,1,1.1,1.0,100.0,0,0,1,98
Parker Ehinger,10739,G,DET,1,0,11,71.0,0,0,2,100.0,100.0,100.0,0,0,0,2,2,,0,0,0,,,,0,0,0,0
Ray-Ray McCloud III,47895,WR,PIT,16,0,25,67.4,0,0,2,0.6,0.5,100.0,1,0,0,2,378,,0,0,0,0.0,0.0,,0,0,0,152
Chris Moore,10741,WR,HST,10,0,13,72.6,0,0,2,1.5,1.4,100.0,1,0,0,2,139,,0,0,0,0.0,0.0,,0,0,0,45
Equanimeous St. Brown,47967,WR,GB,13,0,12,73.1,0,0,2,1.3,1.2,100.0,1,0,0,2,165,,0,0,0,0.0,0.0,,0,0,0,50
Jaryd Jones-Smith,46843,T,BLT,1,0,3,72.9,0,0,2,100.0,100.0,100.0,0,0,0,2,2,70.7,0,0,1,100.0,100.0,100.0,0,0,1,1
Marcus Henry,11228,G,ARZ,1,0,1,72.5,0,0,2,100.0,100.0,100.0,0,0,0,2,2,72.5,0,0,2,100.0,100.0,100.0,0,0,2,2
Darius Bradwell,46445,HB,LAC,1,0,27,17.1,0,0,1,20.0,28.6,100.0,0,0,0,2,7,,0,0,0,0.0,0.0,,0,0,0,2
Jeff Smith,48055,WR,NYJ,11,0,22,70.1,0,0,2,1.5,1.4,100.0,0,0,0,2,141,,0,0,0,0.0,0.0,,0,0,0,75
Devin Asiasi,40294,TE,NE,1,0,19,70.1,0,0,2,50.0,50.0,100.0,0,0,0,2,4,,0,0,0,0.0,0.0,,0,0,0,2
Tyler Lockett,9502,WR,SEA,16,0,29,71.9,0,0,2,0.4,0.4,100.0,0,0,0,2,530,,0,0,0,0.0,0.0,,0,0,0,200
Gabe Nabers,40117,FB,LAC,6,0,27,8.8,0,0,2,12.5,11.1,100.0,0,0,0,2,18,71.3,0,0,1,16.7,14.3,100.0,0,0,1,7
Devin Duvernay,40006,WR,BLT,16,0,3,72.8,0,0,2,0.5,0.5,100.0,1,0,0,2,406,,0,0,0,0.0,0.0,,0,0,0,184
K.J. Osborn,23503,WR,MIN,17,1,18,67.6,0,0,2,0.4,0.4,100.0,2,0,0,2,537,,0,0,0,0.0,0.0,,0,0,0,256
Derek Watt,10832,FB,PIT,11,0,25,70.4,0,0,2,13.3,11.8,100.0,0,0,0,2,17,,0,0,0,0.0,0.0,,0,0,0,1
Daniel Jones,39395,QB,NYG,11,0,21,72.2,0,0,2,0.5,0.4,100.0,1,0,0,2,445,,0,0,0,0.0,0.0,,0,0,0,178
Tyler Mabry,25705,TE,SEA,4,0,29,72.9,0,0,2,28.6,28.6,100.0,0,0,0,2,7,,0,0,0,0.0,0.0,,0,0,0,1
Mac Jones,60323,QB,NE,18,0,19,72.6,0,0,2,0.3,0.3,100.0,1,0,0,2,647,,0,0,0,0.0,0.0,,0,0,0,287
Stanley Morgan,48110,WR,CIN,11,0,7,67.5,0,0,2,4.3,4.0,100.0,0,0,0,2,50,,0,0,0,0.0,0.0,,0,0,0,9
Derek Carrier,7406,TE,LV,6,0,23,74.0,0,0,2,8.0,7.7,100.0,0,0,0,2,26,,0,0,0,0.0,0.0,,0,0,0,13
La'Mical Perine,26408,HB,NYJ,3,0,22,69.1,0,0,2,15.4,14.3,100.0,0,0,0,2,14,,0,0,0,0.0,0.0,,0,0,0,3
Cedrick Wilson Jr.,48170,WR,DAL,16,0,9,67.2,0,0,2,0.5,0.5,100.0,1,0,0,2,428,,0,0,0,0.0,0.0,,0,0,0,234
Jamison Crowder,9538,WR,NYJ,12,0,22,70.7,0,0,1,0.3,0.5,100.0,0,0,0,2,418,,0,0,0,0.0,0.0,,0,0,0,197
Lester Cotton,46085,G,LV,1,0,23,73.4,0,0,2,100.0,100.0,100.0,0,0,0,2,2,,0,0,0,,,,0,0,0,0
Trey Ragas,42174,HB,LV,1,0,23,42.6,0,1,2,25.0,25.0,75.0,0,1,0,2,8,42.6,0,1,2,28.6,28.6,75.0,1,0,2,7
Jalen Reeves-Maybin,11879,LB,DET,2,0,11,88.3,0,0,2,100.0,100.0,100.0,0,0,0,2,2,,0,0,0,,,,0,0,0,0
Marvin Jones Jr.,7158,WR,JAX,17,1,15,76.4,0,1,2,0.3,0.3,75.0,2,1,0,2,667,,0,0,0,0.0,0.0,,0,0,0,318
Ryan Izzo,47327,TE,TEN,2,0,31,45.9,1,0,2,28.6,28.6,75.0,0,1,0,2,7,,0,0,0,0.0,0.0,,0,0,0,1
Rashaad Coward,12168,G,PIT,1,0,25,75.7,0,0,2,100.0,100.0,100.0,0,0,0,2,2,,0,0,0,,,,0,0,0,0
Jake Funk,45835,HB,LA,4,0,26,78.7,0,1,2,11.1,11.1,75.0,0,1,0,2,18,73.4,0,1,1,9.1,9.1,50.0,1,0,1,11
Kylin Hill,57306,HB,GB,3,0,12,77.2,0,0,2,15.4,15.4,100.0,0,0,0,2,13,76.7,0,0,1,25.0,25.0,100.0,0,0,1,4
Matt Farniok,41585,G,DAL,2,0,9,72.0,0,0,2,100.0,100.0,100.0,0,0,0,2,2,,0,0,0,,,,0,0,0,0
Dwayne Washington,10870,HB,NO,5,0,20,85.8,0,0,2,18.2,16.7,100.0,0,0,0,2,12,75.7,0,0,1,16.7,16.7,100.0,0,0,1,6
Alohi Gilman,41662,S,LAC,1,0,27,63.8,0,0,1,100.0,100.0,100.0,1,0,0,1,1,,0,0,0,,,,0,0,0,0
Greg Ward,12258,WR,PHI,17,0,24,62.3,0,0,1,0.7,0.6,100.0,1,0,0,1,154,,0,0,0,0.0,0.0,,0,0,0,86
Sam Eguavoen,15301,LB,MIA,1,0,17,62.7,0,0,1,100.0,100.0,100.0,0,0,0,1,1,,0,0,0,,,,0,0,0,0
Jalen Camp,40986,WR,HST,3,0,13,66.2,0,0,1,4.0,3.8,100.0,0,0,0,1,26,,0,0,0,0.0,0.0,,0,0,0,11
Darrynton Evans,40692,HB,TEN,1,0,31,73.0,0,0,1,25.0,25.0,100.0,0,0,0,1,4,,0,0,0,0.0,0.0,,0,0,0,1
Matt Gay,57643,K,LA,2,0,26,63.8,0,0,1,100.0,50.0,100.0,0,0,0,1,2,,0,0,0,,,,0,0,0,0
Pete Werner,58093,LB,NO,1,0,20,62.7,0,0,1,100.0,100.0,100.0,0,0,0,1,1,,0,0,0,,,,0,0,0,0
Jarvis Landry,8698,WR,CLV,12,1,8,68.1,0,0,1,0.3,0.3,100.0,1,0,0,1,341,,0,0,0,0.0,0.0,,0,0,0,132
Jimmy Garoppolo,8697,QB,SF,18,0,28,60.9,0,0,1,0.2,0.2,100.0,1,0,0,1,588,,0,0,0,0.0,0.0,,0,0,0,240
Allen Robinson II,8696,WR,CHI,12,0,6,62.2,0,0,0,0.0,0.3,,1,0,0,1,386,,0,0,0,0.0,0.0,,0,0,0,178
Demetric Felton Jr.,40568,WR,CLV,15,0,8,75.0,0,0,1,1.2,1.1,100.0,0,0,0,1,90,75.0,0,0,1,4.2,3.8,100.0,0,0,1,26
Christian Kuntz,20035,LS,PIT,1,0,25,62.0,0,0,1,100.0,100.0,100.0,0,0,0,1,1,,0,0,0,,,,0,0,0,0
James Winchester,8580,LS,KC,1,0,16,61.5,0,0,1,100.0,100.0,100.0,0,0,0,1,1,,0,0,0,,,,0,0,0,0
Kene Nwangwu,40547,HB,MIN,4,0,18,69.4,0,0,1,6.7,6.7,100.0,0,0,0,1,15,,0,0,0,0.0,0.0,,0,0,0,6
Stephen Sullivan,40411,TE,CAR,3,0,5,20.7,0,1,1,3.6,3.4,50.0,0,1,0,1,29,,0,0,0,0.0,0.0,,0,0,0,19
Jeff Heath,8396,S,NO,1,0,20,63.8,0,0,1,100.0,100.0,100.0,0,0,0,1,1,,0,0,0,,,,0,0,0,0
Kenny Stills,7926,WR,NO,13,0,20,68.5,0,0,1,0.6,0.6,100.0,0,0,0,1,168,,0,0,0,0.0,0.0,,0,0,0,87
J.J. Taylor,25512,HB,NE,5,0,19,67.1,0,0,1,3.8,3.8,100.0,0,0,0,1,26,,0,0,0,0.0,0.0,,0,0,0,8
Nick Moore,39090,LS,BLT,1,0,3,61.5,0,0,1,100.0,100.0,100.0,0,0,0,1,1,,0,0,0,,,,0,0,0,0
Beau Brinkley,7418,LS,ARZ,1,0,1,29.8,0,0,0,,100.0,,0,0,0,1,1,,0,0,0,,,,0,0,0,0
Cullen Gillaspia,38844,FB,NYG,1,0,21,63.8,0,0,1,100.0,100.0,100.0,0,0,0,1,1,,0,0,0,,,,0,0,0,0
Troy Reeder,38268,LB,LA,1,0,26,62.7,0,0,0,,100.0,,0,0,0,1,1,,0,0,0,,,,0,0,0,0
Aaron Brewer,7301,LS,ARZ,1,0,1,60.8,0,0,1,100.0,100.0,100.0,0,0,0,1,1,,0,0,0,,,,0,0,0,0
Tee Higgins,61211,WR,CIN,18,0,7,62.2,0,0,0,0.0,0.1,,1,0,0,1,676,,0,0,0,0.0,0.0,,0,0,0,336
Amari Rodgers,61212,WR,GB,11,0,12,65.9,0,0,1,2.4,2.2,100.0,0,0,0,1,45,,0,0,0,0.0,0.0,,0,0,0,15
Ja'Marcus Bradley,27003,WR,CLV,2,0,8,66.2,0,0,1,2.4,2.1,100.0,0,0,0,1,47,,0,0,0,0.0,0.0,,0,0,0,18
Tylan Wallace,61577,WR,BLT,10,0,3,66.6,0,0,1,1.8,1.7,100.0,0,0,0,1,59,,0,0,0,0.0,0.0,,0,0,0,23
Quez Watkins,61664,WR,PHI,18,0,24,66.2,0,0,1,0.2,0.2,100.0,2,0,0,1,481,,0,0,0,0.0,0.0,,0,0,0,235
Nick Bowers,36271,TE,LV,2,0,23,68.3,0,0,1,12.5,12.5,100.0,0,0,0,1,8,,0,0,0,0.0,0.0,,0,0,0,1
Ryan Tannehill,7014,QB,TEN,18,0,31,60.9,0,0,1,0.2,0.2,100.0,1,0,0,1,663,,0,0,0,0.0,0.0,,0,0,0,270
Matt Overton,6979,LS,LAC,1,0,27,61.5,0,0,1,100.0,100.0,100.0,0,0,0,1,1,,0,0,0,,,,0,0,0,0
Jake McQuaide,6586,LS,DAL,1,0,9,61.5,0,0,1,100.0,100.0,100.0,0,0,0,1,1,,0,0,0,,,,0,0,0,0
Tanner Hudson,66924,TE,SF,1,0,28,69.0,0,0,1,100.0,100.0,100.0,0,0,0,1,1,,0,0,0,,,,0,0,0,0
Dennis Gardeck,66928,ED,ARZ,1,0,1,62.0,0,0,1,100.0,100.0,100.0,0,0,0,1,1,,0,0,0,,,,0,0,0,0
Joe Burrow,28022,QB,CIN,20,0,7,61.3,0,0,1,0.1,0.1,100.0,1,0,0,1,801,,0,0,0,0.0,0.0,,0,0,0,374
Malik Harrison,28081,LB,BLT,1,0,3,62.7,0,0,1,100.0,100.0,100.0,0,0,0,1,1,,0,0,0,,,,0,0,0,0
Blake Ferguson,35517,LS,MIA,1,0,17,61.5,0,0,1,100.0,100.0,100.0,0,0,0,1,1,,0,0,0,,,,0,0,0,0
Cameron Heyward,6183,DI,PIT,1,0,25,62.0,0,0,1,100.0,100.0,100.0,4,0,0,1,1,,0,0,0,,,,0,0,0,0
Nick Bolton,81322,LB,KC,1,0,16,62.7,0,0,1,100.0,100.0,100.0,0,0,0,1,1,,0,0,0,,,,0,0,0,0
Ernest Jones,81399,LB,LA,1,0,26,62.7,0,0,0,,100.0,,1,0,0,1,1,,0,0,0,,,,0,0,0,0
Sammis Reyes,143769,TE,WAS,5,0,32,69.3,0,0,1,12.5,8.3,100.0,0,0,0,1,12,,0,0,0,0.0,0.0,,0,0,0,3
Morgan Cox,6020,LS,TEN,1,0,31,60.8,0,0,1,100.0,100.0,100.0,0,0,0,1,1,,0,0,0,,,,0,0,0,0
David Wells,34985,TE,ARZ,1,0,1,65.8,0,0,1,100.0,100.0,100.0,0,0,0,1,1,,0,0,0,,,,0,0,0,0
Michael Pittman Jr.,29049,WR,IND,17,0,14,66.3,0,0,1,0.2,0.2,100.0,3,0,0,1,602,66.3,0,0,1,0.4,0.4,100.0,0,0,1,274
Zack Baun,34632,LB,NO,1,0,20,62.7,0,0,1,100.0,100.0,100.0,1,0,0,1,1,,0,0,0,,,,0,0,0,0
David Sills V,34579,WR,NYG,4,0,21,65.7,0,0,1,2.2,2.1,100.0,0,0,0,1,48,,0,0,0,0.0,0.0,,0,0,0,25
Kendall Hinton,34045,WR,DEN,15,0,10,62.4,0,0,0,0.0,0.6,,0,0,0,1,169,,0,0,0,0.0,0.0,,0,0,0,86
Brandon Aiyuk,84109,WR,SF,20,0,28,66.0,0,0,0,0.0,0.2,,1,0,0,1,593,,0,0,0,0.0,0.0,,0,0,0,252
Elijah Moore,84302,WR,NYJ,11,1,22,65.7,0,0,0,0.0,0.3,,3,0,0,1,329,,0,0,0,0.0,0.0,,0,0,0,150
Kevin Rader,30887,TE,PIT,4,0,25,67.1,0,0,1,6.3,6.3,100.0,0,0,0,1,16,,0,0,0,0.0,0.0,,0,0,0,7
Bryan Edwards,28486,WR,LV,17,0,23,66.2,0,0,1,0.2,0.2,100.0,1,0,0,1,585,,0,0,0,0.0,0.0,,0,0,0,314
Andrew Van Ginkel,30267,ED,MIA,1,0,17,62.7,0,0,1,100.0,100.0,100.0,3,0,0,1,1,,0,0,0,,,,0,0,0,0
Kyler Fackrell,10722,ED,LAC,1,0,27,62.7,0,0,1,100.0,100.0,100.0,0,0,0,1,1,,0,0,0,,,,0,0,0,0
Darian Thompson,10705,S,DAL,1,0,9,63.8,0,0,1,100.0,100.0,100.0,0,0,0,1,1,,0,0,0,,,,0,0,0,0
Anthony Levine,6013,S,BLT,1,0,3,63.8,0,0,1,100.0,100.0,100.0,0,0,0,1,1,,0,0,0,,,,0,0,0,0
Nick Martin,10684,C,LV,1,0,23,69.6,0,0,1,100.0,100.0,100.0,1,0,0,1,1,69.6,0,0,1,100.0,100.0,100.0,0,0,1,1
Reggie Ragland,10675,LB,NYG,1,0,21,62.7,0,0,1,100.0,100.0,100.0,0,0,0,1,1,,0,0,0,,,,0,0,0,0
Sterling Shepard,10674,WR,NYG,7,0,21,62.4,0,0,1,0.5,0.4,100.0,0,0,0,1,236,,0,0,0,0.0,0.0,,0,0,0,118
David Steinmetz,46936,T,WAS,1,0,32,61.1,0,0,1,100.0,100.0,100.0,0,0,0,1,1,,0,0,0,,,,0,0,0,0
Jared Goff,10635,QB,DET,14,0,11,60.9,0,0,1,0.2,0.2,100.0,1,0,0,1,576,,0,0,0,0.0,0.0,,0,0,0,305
Ross Travis,10320,TE,DET,2,0,11,65.9,0,0,1,9.1,8.3,100.0,0,0,0,1,12,,0,0,0,0.0,0.0,,0,0,0,4
Nick Dzubnar,10127,LB,TEN,1,0,31,61.4,0,0,1,100.0,100.0,100.0,0,0,0,1,1,,0,0,0,,,,0,0,0,0
Jake Kumerow,9883,WR,BUF,16,0,4,65.3,0,0,1,2.0,1.9,100.0,0,0,0,1,53,,0,0,0,0.0,0.0,,0,0,0,9
Matt LaCosse,9840,TE,NE,1,0,19,61.5,0,0,1,20.0,20.0,100.0,0,0,0,1,5,,0,0,0,0.0,0.0,,0,0,0,3
Rashard Higgins,10806,WR,CLV,15,0,8,61.6,0,0,1,0.3,0.3,100.0,0,0,0,1,313,,0,0,0,0.0,0.0,,0,0,0,151
Mike Thomas,10840,WR,CIN,14,0,7,62.3,0,0,1,1.3,1.2,100.0,0,0,0,1,83,,0,0,0,0.0,0.0,,0,0,0,30
Joe Walker,10885,LB,ARZ,1,0,1,60.8,0,0,1,100.0,100.0,100.0,0,0,0,1,1,,0,0,0,,,,0,0,0,0
Jake Brendel,11117,C,SF,1,0,28,69.0,0,0,1,100.0,100.0,100.0,0,0,0,1,1,69.0,0,0,1,100.0,100.0,100.0,0,0,1,1
Chris Board,29456,LB,BLT,1,0,3,62.7,0,0,1,100.0,100.0,100.0,1,0,0,1,1,,0,0,0,,,,0,0,0,0
Brennan Scarlett,11169,ED,MIA,1,0,17,62.7,0,0,1,100.0,100.0,100.0,0,0,0,1,1,,0,0,0,,,,0,0,0,0
Stefon Diggs,9579,WR,BUF,19,0,4,67.2,0,0,0,0.0,0.1,,1,0,0,1,748,,0,0,0,0.0,0.0,,0,0,0,334
Jamil Douglas,9547,G,WAS,1,0,32,70.6,0,0,1,100.0,100.0,100.0,0,0,0,1,1,,0,0,0,,,,0,0,0,0
Zach Wood,11414,LS,NO,1,0,20,61.5,0,0,1,100.0,100.0,100.0,0,0,0,1,1,,0,0,0,,,,0,0,0,0
Corey Davis,11760,WR,NYJ,9,0,22,70.6,0,0,1,0.4,0.3,100.0,0,0,0,1,301,,0,0,0,0.0,0.0,,0,0,0,137
Devine Ozigbo,45903,HB,NE,2,0,19,69.4,0,0,1,11.1,11.1,100.0,0,0,0,1,9,,0,0,0,0.0,0.0,,0,0,0,4
Chris Wormley,11829,DI,PIT,1,0,25,62.0,0,0,1,100.0,100.0,100.0,0,0,0,1,1,,0,0,0,,,,0,0,0,0
Chris Godwin,11839,WR,TB,14,0,30,69.6,0,0,1,0.2,0.2,100.0,0,0,0,1,584,,0,0,0,0.0,0.0,,0,0,0,252
Van Jefferson,47447,WR,LA,21,0,26,66.8,0,0,1,0.1,0.1,100.0,2,0,0,1,730,,0,0,0,0.0,0.0,,0,0,0,352
Artavis Pierce,45749,HB,CHI,1,0,6,72.0,0,0,1,33.3,33.3,100.0,0,0,0,1,3,,0,0,0,,,,0,0,0,0
Jason Huntley,45693,HB,PHI,1,0,24,67.1,0,0,1,7.1,7.1,100.0,0,0,0,1,14,,0,0,0,0.0,0.0,,0,0,0,7
Marquez Valdes-Scantling,47809,WR,GB,11,0,12,61.6,0,0,1,0.3,0.3,100.0,0,0,0,1,325,,0,0,0,0.0,0.0,,0,0,0,127
Nick Westbrook-Ikhine,47861,WR,TEN,17,0,31,64.5,0,0,1,0.3,0.3,100.0,0,0,0,1,368,,0,0,0,0.0,0.0,,0,0,0,158
D.K. Metcalf,47864,WR,SEA,17,2,29,65.4,0,0,1,0.2,0.2,100.0,6,0,0,1,530,,0,0,0,0.0,0.0,,0,0,0,199
Trent Sherfield,48021,WR,SF,19,0,28,68.1,0,0,1,0.8,0.8,100.0,2,0,0,1,126,,0,0,0,0.0,0.0,,0,0,0,49
Malik Turner,48078,WR,DAL,12,0,9,70.2,0,0,1,1.5,1.4,100.0,0,0,0,1,72,,0,0,0,0.0,0.0,,0,0,0,46
Brandon Stephens,45644,S,BLT,1,0,3,63.8,0,0,1,100.0,100.0,100.0,1,0,0,1,1,,0,0,0,,,,0,0,0,0
Mack Hollins,11873,WR,MIA,16,0,17,67.1,0,0,1,0.5,0.4,100.0,1,0,0,1,230,,0,0,0,0.0,0.0,,0,0,0,105
Auden Tate,48192,WR,CIN,7,0,7,62.3,0,1,1,2.6,2.4,50.0,0,1,0,1,42,,0,0,0,0.0,0.0,,0,0,0,17
Darnell Mooney,48236,WR,CHI,17,0,6,65.8,0,0,1,0.2,0.2,100.0,0,0,0,1,651,65.8,0,0,1,0.4,0.3,100.0,0,0,1,289
DJ Moore,48267,WR,CAR,17,0,5,66.8,0,0,1,0.2,0.2,100.0,1,0,0,1,653,,0,0,0,0.0,0.0,,0,0,0,320
Zach Banner,11892,T,PIT,1,0,25,69.6,0,0,0,,100.0,,0,0,0,1,1,,0,0,0,,,,0,0,0,0
Nick Scott,49012,S,LA,1,0,26,63.8,0,0,0,,100.0,,0,0,0,1,1,,0,0,0,,,,0,0,0,0
Josh Woods,49023,LB,DET,1,0,11,62.7,0,0,1,100.0,100.0,100.0,0,0,0,1,1,,0,0,0,,,,0,0,0,0
Francis Bernard,44722,LB,DAL,1,0,9,62.7,0,0,1,100.0,100.0,100.0,0,0,0,1,1,,0,0,0,,,,0,0,0,0
Olasunkanmi Adeniyi,50154,ED,TEN,1,0,31,61.4,0,0,1,100.0,100.0,100.0,1,0,0,1,1,,0,0,0,,,,0,0,0,0
Christian Wilkins,50293,DI,MIA,2,0,17,62.0,0,0,1,50.0,50.0,100.0,0,0,0,1,2,,0,0,0,,,,0,0,0,0
Luke Gifford,50675,LB,DAL,1,0,9,62.7,0,0,1,100.0,100.0,100.0,0,0,0,1,1,,0,0,0,,,,0,0,0,0
Leki Fotu,44614,DI,ARZ,1,0,1,63.8,0,0,0,,100.0,,1,0,0,1,1,,0,0,0,,,,0,0,0,0
Travin Howard,50959,LB,LA,1,0,26,63.8,0,0,0,,100.0,,0,0,0,1,1,,0,0,0,,,,0,0,0,0
Jalen Elliott,51071,S,DET,1,0,11,63.8,0,0,1,100.0,100.0,100.0,0,0,0,1,1,,0,0,0,,,,0,0,0,0
Julian Love,51081,S,NYG,1,0,21,63.8,0,0,1,100.0,100.0,100.0,1,0,0,1,1,,0,0,0,,,,0,0,0,0
Ben Niemann,51099,LB,KC,1,0,16,62.7,0,0,1,100.0,100.0,100.0,0,0,0,1,1,,0,0,0,,,,0,0,0,0
Armani Watts,51264,S,KC,1,0,16,63.8,0,0,1,100.0,100.0,100.0,0,0,0,1,1,,0,0,0,,,,0,0,0,0
Drue Tranquill,51276,LB,LAC,1,0,27,62.7,0,0,1,100.0,100.0,100.0,1,0,0,1,1,,0,0,0,,,,0,0,0,0
Kristian Welch,51283,LB,BLT,1,0,3,62.7,0,0,1,100.0,100.0,100.0,0,0,0,1,1,,0,0,0,,,,0,0,0,0
Dorian O'Daniel,51487,LB,KC,1,0,16,62.7,0,0,1,100.0,100.0,100.0,0,0,0,1,1,,0,0,0,,,,0,0,0,0
Keelan Cole Sr.,51593,WR,NYJ,15,0,22,66.1,0,0,1,0.3,0.3,100.0,0,0,0,1,367,,0,0,0,0.0,0.0,,0,0,0,165
Matt Prater,3471,K,ARZ,1,0,1,63.8,0,0,0,,100.0,,0,0,0,1,1,,0,0,0,,,,0,0,0,0
Jamir Jones,44287,ED,JAX,1,0,15,62.7,0,0,0,,100.0,,0,0,0,1,1,,0,0,0,,,,0,0,0,0
Quincy Roche,43734,ED,NYG,1,0,21,62.7,0,0,1,100.0,100.0,100.0,0,0,0,1,1,,0,0,0,,,,0,0,0,0
Nick Niemann,43500,LB,LAC,1,0,27,63.8,0,0,1,100.0,100.0,100.0,0,0,0,1,1,,0,0,0,,,,0,0,0,0
Tavante Beckett,42663,LB,DET,1,0,11,62.7,0,0,1,100.0,100.0,100.0,0,0,0,1,1,,0,0,0,,,,0,0,0,0
Byron Pringle,42345,WR,KC,20,0,16,66.2,0,0,1,0.2,0.2,100.0,2,0,0,1,540,,0,0,0,0.0,0.0,,0,0,0,274
Lil'Jordan Humphrey,42247,WR,NO,10,0,20,67.6,0,0,1,0.7,0.7,100.0,0,0,0,1,143,,0,0,0,0.0,0.0,,0,0,0,80
Geno Stone,55967,S,BLT,1,0,3,63.8,0,0,1,100.0,100.0,100.0,0,0,0,1,1,,0,0,0,,,,0,0,0,0
Chris Rumph II,56345,ED,LAC,1,0,27,62.7,0,0,1,100.0,100.0,100.0,1,0,0,1,1,,0,0,0,,,,0,0,0,0
Victor Dimukeje,56347,ED,ARZ,1,0,1,37.9,0,0,1,100.0,100.0,100.0,0,0,0,1,1,,0,0,0,,,,0,0,0,0
Trent Taylor,11932,WR,CIN,4,0,7,66.2,0,0,1,3.8,3.6,100.0,0,0,0,1,28,,0,0,0,0.0,0.0,,0,0,0,11
Zach Kerr,9195,DI,CIN,1,0,7,63.8,0,0,0,,100.0,,0,0,0,1,1,,0,0,0,,,,0,0,0,0
Gary Brightwell,57133,HB,NYG,3,0,21,63.8,0,0,1,12.5,11.1,100.0,0,0,0,1,9,,0,0,0,0.0,0.0,,0,0,0,4
Tanner Vallejo,11950,LB,ARZ,1,0,1,61.4,0,0,1,100.0,100.0,100.0,0,0,0,1,1,,0,0,0,,,,0,0,0,0
Casey Kreiter,8959,LS,NYG,1,0,21,61.5,0,0,1,100.0,100.0,100.0,0,0,0,1,1,,0,0,0,,,,0,0,0,0
Cameron Tom,12227,C,MIA,1,0,17,66.0,0,0,1,100.0,100.0,100.0,0,0,0,1,1,,0,0,0,,,,0,0,0,0
