pos,stat,n,poisson_beta,poisson_converged,wls_slope,ci_lo,ci_hi,ci_excludes_0,quad_coef,flat_elasticity,delta_vs_flat
QB,passing_yards,3891,0.1383,True,0.1467,0.0811,0.2055,True,-0.1477,0.42,-0.2817
QB,  bin:passing_yards,390,0.7343,,0.927,,,,,,
QB,  bin:passing_yards,390,0.8402,,0.9718,,,,,,
QB,  bin:passing_yards,390,0.8972,,0.9742,,,,,,
QB,  bin:passing_yards,390,0.9485,,0.9555,,,,,,
QB,  bin:passing_yards,393,0.9905,,0.9788,,,,,,
QB,  bin:passing_yards,391,1.0312,,1.0014,,,,,,
QB,  bin:passing_yards,390,1.0764,,0.9984,,,,,,
QB,  bin:passing_yards,392,1.1249,,0.9905,,,,,,
QB,  bin:passing_yards,390,1.1864,,1.0199,,,,,,
QB,  bin:passing_yards,390,1.3006,,1.0075,,,,,,
QB,passing_attempts,3891,0.0303,True,0.0291,-0.0244,0.0804,False,-0.1382,0.42,-0.3897
QB,  bin:passing_attempts,390,0.7343,,0.9642,,,,,,
QB,  bin:passing_attempts,390,0.8402,,0.9908,,,,,,
QB,  bin:passing_attempts,390,0.8972,,0.9828,,,,,,
QB,  bin:passing_attempts,390,0.9485,,0.9636,,,,,,
QB,  bin:passing_attempts,393,0.9905,,0.9788,,,,,,
QB,  bin:passing_attempts,391,1.0312,,1.0114,,,,,,
QB,  bin:passing_attempts,390,1.0764,,0.9911,,,,,,
QB,  bin:passing_attempts,392,1.1249,,0.9811,,,,,,
QB,  bin:passing_attempts,390,1.1864,,0.9848,,,,,,
QB,  bin:passing_attempts,390,1.3006,,0.9839,,,,,,
QB,passing_completions,3891,0.0833,True,0.0911,0.0266,0.1452,True,-0.1408,0.42,-0.3367
QB,  bin:passing_completions,390,0.7343,,0.9422,,,,,,
QB,  bin:passing_completions,390,0.8402,,0.9795,,,,,,
QB,  bin:passing_completions,390,0.8972,,0.9862,,,,,,
QB,  bin:passing_completions,390,0.9485,,0.9613,,,,,,
QB,  bin:passing_completions,393,0.9905,,0.9772,,,,,,
QB,  bin:passing_completions,391,1.0312,,1.0097,,,,,,
QB,  bin:passing_completions,390,1.0764,,0.9881,,,,,,
QB,  bin:passing_completions,392,1.1249,,0.9826,,,,,,
QB,  bin:passing_completions,390,1.1864,,1.0,,,,,,
QB,  bin:passing_completions,390,1.3006,,1.0015,,,,,,
QB,passing_tds,3891,0.2661,True,0.2613,0.1122,0.4034,True,-0.2211,0.42,-0.1539
QB,  bin:passing_tds,390,0.7343,,0.8655,,,,,,
QB,  bin:passing_tds,390,0.8402,,0.9863,,,,,,
QB,  bin:passing_tds,390,0.8972,,0.9809,,,,,,
QB,  bin:passing_tds,390,0.9485,,0.9159,,,,,,
QB,  bin:passing_tds,393,0.9905,,1.006,,,,,,
QB,  bin:passing_tds,391,1.0312,,0.9845,,,,,,
QB,  bin:passing_tds,390,1.0764,,0.9817,,,,,,
QB,  bin:passing_tds,392,1.1249,,0.9968,,,,,,
QB,  bin:passing_tds,390,1.1864,,1.0132,,,,,,
QB,  bin:passing_tds,390,1.3006,,1.0542,,,,,,
QB,passing_interceptions,3885,-0.0492,True,-0.0649,-0.2961,0.1541,False,-1.1593,0.42,-0.4692
QB,  bin:passing_interceptions,389,0.7342,,0.9378,,,,,,
QB,  bin:passing_interceptions,388,0.8401,,1.0492,,,,,,
QB,  bin:passing_interceptions,389,0.8973,,0.9681,,,,,,
QB,  bin:passing_interceptions,388,0.9485,,0.9118,,,,,,
QB,  bin:passing_interceptions,391,0.9907,,1.0494,,,,,,
QB,  bin:passing_interceptions,389,1.0314,,1.0534,,,,,,
QB,  bin:passing_interceptions,390,1.0767,,1.0248,,,,,,
QB,  bin:passing_interceptions,390,1.1251,,1.0692,,,,,,
QB,  bin:passing_interceptions,388,1.1866,,0.8577,,,,,,
QB,  bin:passing_interceptions,389,1.3008,,0.9217,,,,,,
QB,rushing_yards,3789,0.188,True,0.1751,-0.0235,0.3667,False,-0.4821,0.42,-0.232
QB,  bin:rushing_yards,379,0.7325,,0.9146,,,,,,
QB,  bin:rushing_yards,379,0.8385,,0.9373,,,,,,
QB,  bin:rushing_yards,379,0.8954,,0.9405,,,,,,
QB,  bin:rushing_yards,380,0.9468,,0.9755,,,,,,
QB,  bin:rushing_yards,380,0.9889,,0.924,,,,,,
QB,  bin:rushing_yards,380,1.0296,,1.0522,,,,,,
QB,  bin:rushing_yards,380,1.0751,,1.0201,,,,,,
QB,  bin:rushing_yards,380,1.1238,,0.9932,,,,,,
QB,  bin:rushing_yards,379,1.1858,,1.0374,,,,,,
QB,  bin:rushing_yards,379,1.3003,,0.9605,,,,,,
QB,rushing_attempts,3891,0.139,True,0.1492,0.0304,0.2566,True,-0.1616,0.42,-0.281
QB,  bin:rushing_attempts,390,0.7343,,0.9295,,,,,,
QB,  bin:rushing_attempts,390,0.8402,,0.9439,,,,,,
QB,  bin:rushing_attempts,390,0.8972,,0.941,,,,,,
QB,  bin:rushing_attempts,390,0.9485,,1.0255,,,,,,
QB,  bin:rushing_attempts,393,0.9905,,0.947,,,,,,
QB,  bin:rushing_attempts,391,1.0312,,1.0028,,,,,,
QB,  bin:rushing_attempts,390,1.0764,,1.0097,,,,,,
QB,  bin:rushing_attempts,392,1.1249,,0.9526,,,,,,
QB,  bin:rushing_attempts,390,1.1864,,1.0237,,,,,,
QB,  bin:rushing_attempts,390,1.3006,,1.0042,,,,,,
QB,rushing_tds,2956,0.235,True,0.2817,-0.1608,0.7819,False,-0.4348,0.42,-0.185
QB,  bin:rushing_tds,297,0.7377,,0.9406,,,,,,
QB,  bin:rushing_tds,297,0.8414,,0.7799,,,,,,
QB,  bin:rushing_tds,296,0.8996,,0.8429,,,,,,
QB,  bin:rushing_tds,297,0.9508,,1.1216,,,,,,
QB,  bin:rushing_tds,296,0.9916,,1.1923,,,,,,
QB,  bin:rushing_tds,296,1.0329,,0.9022,,,,,,
QB,  bin:rushing_tds,296,1.0788,,1.0422,,,,,,
QB,  bin:rushing_tds,296,1.1275,,0.948,,,,,,
QB,  bin:rushing_tds,298,1.1878,,0.9957,,,,,,
QB,  bin:rushing_tds,296,1.3003,,1.0251,,,,,,
RB,rushing_yards,7300,0.1187,True,0.1186,0.0282,0.2287,True,0.3779,0.28,-0.1613
RB,  bin:rushing_yards,731,0.7225,,0.8998,,,,,,
RB,  bin:rushing_yards,733,0.8296,,0.8901,,,,,,
RB,  bin:rushing_yards,735,0.8856,,0.8948,,,,,,
RB,  bin:rushing_yards,731,0.9374,,0.9595,,,,,,
RB,  bin:rushing_yards,731,0.9827,,0.9039,,,,,,
RB,  bin:rushing_yards,733,1.0234,,0.9004,,,,,,
RB,  bin:rushing_yards,734,1.0687,,0.8717,,,,,,
RB,  bin:rushing_yards,731,1.118,,0.9374,,,,,,
RB,  bin:rushing_yards,732,1.1824,,0.9501,,,,,,
RB,  bin:rushing_yards,732,1.2985,,0.9737,,,,,,
RB,rushing_attempts,7309,0.0515,True,0.0552,-0.0108,0.1147,False,0.0254,0.28,-0.2285
RB,  bin:rushing_attempts,731,0.7225,,0.9038,,,,,,
RB,  bin:rushing_attempts,731,0.8297,,0.8996,,,,,,
RB,  bin:rushing_attempts,732,0.8857,,0.9034,,,,,,
RB,  bin:rushing_attempts,739,0.9377,,0.9355,,,,,,
RB,  bin:rushing_attempts,732,0.9829,,0.9281,,,,,,
RB,  bin:rushing_attempts,731,1.0237,,0.9175,,,,,,
RB,  bin:rushing_attempts,732,1.0689,,0.9031,,,,,,
RB,  bin:rushing_attempts,735,1.1184,,0.9128,,,,,,
RB,  bin:rushing_attempts,733,1.1824,,0.9325,,,,,,
RB,  bin:rushing_attempts,731,1.2987,,0.9353,,,,,,
RB,rushing_tds,6720,0.4048,True,0.3706,0.1049,0.5824,True,0.5419,0.28,0.1248
RB,  bin:rushing_tds,672,0.7274,,0.8265,,,,,,
RB,  bin:rushing_tds,673,0.8326,,0.826,,,,,,
RB,  bin:rushing_tds,677,0.8891,,0.9042,,,,,,
RB,  bin:rushing_tds,678,0.9409,,0.8816,,,,,,
RB,  bin:rushing_tds,673,0.9856,,0.7779,,,,,,
RB,  bin:rushing_tds,673,1.0261,,0.9723,,,,,,
RB,  bin:rushing_tds,678,1.0714,,0.8684,,,,,,
RB,  bin:rushing_tds,673,1.1206,,0.9292,,,,,,
RB,  bin:rushing_tds,673,1.1846,,1.051,,,,,,
RB,  bin:rushing_tds,673,1.3007,,0.9881,,,,,,
RB,targets,7355,0.0735,True,0.0646,-0.0268,0.154,False,0.1184,0.28,-0.2065
RB,  bin:targets,738,0.7232,,0.8979,,,,,,
RB,  bin:targets,737,0.8301,,0.9405,,,,,,
RB,  bin:targets,737,0.8862,,0.9212,,,,,,
RB,  bin:targets,738,0.938,,0.9233,,,,,,
RB,  bin:targets,738,0.9833,,0.8987,,,,,,
RB,  bin:targets,738,1.0241,,0.9145,,,,,,
RB,  bin:targets,743,1.0695,,0.9143,,,,,,
RB,  bin:targets,738,1.1186,,0.9326,,,,,,
RB,  bin:targets,740,1.1825,,0.9478,,,,,,
RB,  bin:targets,739,1.2982,,0.9468,,,,,,
RB,receptions,7355,0.0932,True,0.0835,-0.0266,0.1803,False,0.0355,0.28,-0.1868
RB,  bin:receptions,738,0.7232,,0.8838,,,,,,
RB,  bin:receptions,737,0.8301,,0.9374,,,,,,
RB,  bin:receptions,737,0.8862,,0.9387,,,,,,
RB,  bin:receptions,738,0.938,,0.9301,,,,,,
RB,  bin:receptions,738,0.9833,,0.9004,,,,,,
RB,  bin:receptions,738,1.0241,,0.8986,,,,,,
RB,  bin:receptions,743,1.0695,,0.9188,,,,,,
RB,  bin:receptions,738,1.1186,,0.9384,,,,,,
RB,  bin:receptions,740,1.1825,,0.9436,,,,,,
RB,  bin:receptions,739,1.2982,,0.9549,,,,,,
RB,receiving_yards,7355,0.1932,True,0.1693,0.0501,0.3068,True,-0.0344,0.28,-0.0868
RB,  bin:receiving_yards,738,0.7232,,0.8629,,,,,,
RB,  bin:receiving_yards,737,0.8301,,0.9142,,,,,,
RB,  bin:receiving_yards,737,0.8862,,0.9395,,,,,,
RB,  bin:receiving_yards,738,0.938,,0.9286,,,,,,
RB,  bin:receiving_yards,738,0.9833,,0.893,,,,,,
RB,  bin:receiving_yards,738,1.0241,,0.8712,,,,,,
RB,  bin:receiving_yards,743,1.0695,,0.938,,,,,,
RB,  bin:receiving_yards,738,1.1186,,0.9656,,,,,,
RB,  bin:receiving_yards,740,1.1825,,0.9921,,,,,,
RB,  bin:receiving_yards,739,1.2982,,0.9494,,,,,,
RB,receiving_tds,4326,0.3174,True,0.2697,-0.158,0.7332,False,0.9896,0.28,0.0374
RB,  bin:receiving_tds,433,0.7343,,0.9003,,,,,,
RB,  bin:receiving_tds,433,0.8404,,0.7696,,,,,,
RB,  bin:receiving_tds,434,0.8995,,0.9458,,,,,,
RB,  bin:receiving_tds,434,0.9518,,0.8655,,,,,,
RB,  bin:receiving_tds,433,0.9952,,0.9743,,,,,,
RB,  bin:receiving_tds,433,1.0379,,0.8883,,,,,,
RB,  bin:receiving_tds,433,1.0848,,0.8546,,,,,,
RB,  bin:receiving_tds,437,1.1358,,0.86,,,,,,
RB,  bin:receiving_tds,433,1.2014,,1.0156,,,,,,
RB,  bin:receiving_tds,433,1.3095,,1.0371,,,,,,
WR,targets,14028,0.0387,True,0.03,-0.0242,0.0783,False,-0.123,0.14,-0.1013
WR,  bin:targets,1403,0.7166,,0.9451,,,,,,
WR,  bin:targets,1406,0.8264,,0.9553,,,,,,
WR,  bin:targets,1405,0.8843,,0.9762,,,,,,
WR,  bin:targets,1403,0.9371,,0.9586,,,,,,
WR,  bin:targets,1404,0.9829,,0.9697,,,,,,
WR,  bin:targets,1408,1.0246,,0.9761,,,,,,
WR,  bin:targets,1412,1.071,,0.9715,,,,,,
WR,  bin:targets,1407,1.121,,0.9468,,,,,,
WR,  bin:targets,1413,1.1837,,0.967,,,,,,
WR,  bin:targets,1406,1.2975,,0.9718,,,,,,
WR,receptions,14028,0.1073,True,0.1046,0.0428,0.1519,True,-0.216,0.14,-0.0327
WR,  bin:receptions,1403,0.7166,,0.9124,,,,,,
WR,  bin:receptions,1406,0.8264,,0.9472,,,,,,
WR,  bin:receptions,1405,0.8843,,0.9738,,,,,,
WR,  bin:receptions,1403,0.9371,,0.958,,,,,,
WR,  bin:receptions,1404,0.9829,,0.9798,,,,,,
WR,  bin:receptions,1408,1.0246,,0.9725,,,,,,
WR,  bin:receptions,1412,1.071,,0.9683,,,,,,
WR,  bin:receptions,1407,1.121,,0.9491,,,,,,
WR,  bin:receptions,1413,1.1837,,0.9839,,,,,,
WR,  bin:receptions,1406,1.2975,,0.9891,,,,,,
WR,receiving_yards,14028,0.1427,True,0.1425,0.0642,0.2096,True,-0.1823,0.14,0.0027
WR,  bin:receiving_yards,1403,0.7166,,0.902,,,,,,
WR,  bin:receiving_yards,1406,0.8264,,0.9564,,,,,,
WR,  bin:receiving_yards,1405,0.8843,,0.961,,,,,,
WR,  bin:receiving_yards,1403,0.9371,,0.9467,,,,,,
WR,  bin:receiving_yards,1404,0.9829,,0.9891,,,,,,
WR,  bin:receiving_yards,1408,1.0246,,0.9724,,,,,,
WR,  bin:receiving_yards,1412,1.071,,0.9749,,,,,,
WR,  bin:receiving_yards,1407,1.121,,0.9558,,,,,,
WR,  bin:receiving_yards,1413,1.1837,,0.9916,,,,,,
WR,  bin:receiving_yards,1406,1.2975,,1.0032,,,,,,
WR,receiving_tds,12324,0.337,True,0.3427,0.1382,0.5511,True,-0.4943,0.14,0.197
WR,  bin:receiving_tds,1233,0.7243,,0.8151,,,,,,
WR,  bin:receiving_tds,1235,0.8345,,0.9442,,,,,,
WR,  bin:receiving_tds,1239,0.8932,,0.9359,,,,,,
WR,  bin:receiving_tds,1237,0.9466,,0.9332,,,,,,
WR,  bin:receiving_tds,1237,0.991,,1.0109,,,,,,
WR,  bin:receiving_tds,1239,1.0332,,0.9693,,,,,,
WR,  bin:receiving_tds,1238,1.079,,1.0138,,,,,,
WR,  bin:receiving_tds,1237,1.1284,,0.9665,,,,,,
WR,  bin:receiving_tds,1238,1.1902,,0.9617,,,,,,
WR,  bin:receiving_tds,1238,1.3016,,1.0698,,,,,,
TE,targets,7240,0.0339,True,0.0201,-0.0653,0.1013,False,-0.1612,0.3,-0.2661
TE,  bin:targets,724,0.7185,,0.9655,,,,,,
TE,  bin:targets,724,0.8268,,0.9779,,,,,,
TE,  bin:targets,725,0.8836,,0.9769,,,,,,
TE,  bin:targets,726,0.9354,,0.9362,,,,,,
TE,  bin:targets,727,0.9809,,0.9819,,,,,,
TE,  bin:targets,726,1.0207,,1.0167,,,,,,
TE,  bin:targets,726,1.0655,,1.0031,,,,,,
TE,  bin:targets,732,1.1145,,0.9695,,,,,,
TE,  bin:targets,727,1.1764,,0.9722,,,,,,
TE,  bin:targets,725,1.2894,,0.9699,,,,,,
TE,receptions,7240,0.0851,True,0.0739,-0.0171,0.1572,False,-0.1678,0.3,-0.2149
TE,  bin:receptions,724,0.7185,,0.9447,,,,,,
TE,  bin:receptions,724,0.8268,,0.9645,,,,,,
TE,  bin:receptions,725,0.8836,,0.9929,,,,,,
TE,  bin:receptions,726,0.9354,,0.9283,,,,,,
TE,  bin:receptions,727,0.9809,,0.9903,,,,,,
TE,  bin:receptions,726,1.0207,,1.0125,,,,,,
TE,  bin:receptions,726,1.0655,,0.9962,,,,,,
TE,  bin:receptions,732,1.1145,,0.9658,,,,,,
TE,  bin:receptions,727,1.1764,,0.9879,,,,,,
TE,  bin:receptions,725,1.2894,,0.9882,,,,,,
TE,receiving_yards,7230,0.1804,True,0.1762,0.057,0.2909,True,-0.2695,0.3,-0.1196
TE,  bin:receiving_yards,724,0.7185,,0.9226,,,,,,
TE,  bin:receiving_yards,726,0.8266,,0.9331,,,,,,
TE,  bin:receiving_yards,724,0.8834,,0.9447,,,,,,
TE,  bin:receiving_yards,723,0.9353,,0.9425,,,,,,
TE,  bin:receiving_yards,723,0.9808,,1.0045,,,,,,
TE,  bin:receiving_yards,724,1.0206,,1.0056,,,,,,
TE,  bin:receiving_yards,726,1.0655,,1.0225,,,,,,
TE,  bin:receiving_yards,731,1.1145,,0.9723,,,,,,
TE,  bin:receiving_yards,724,1.1762,,1.0313,,,,,,
TE,  bin:receiving_yards,723,1.2895,,0.9868,,,,,,
TE,receiving_tds,6102,0.4008,True,0.3497,0.0475,0.7145,True,0.2381,0.3,0.1008
TE,  bin:receiving_tds,612,0.7292,,0.8645,,,,,,
TE,  bin:receiving_tds,612,0.8366,,0.9572,,,,,,
TE,  bin:receiving_tds,613,0.8939,,0.8679,,,,,,
TE,  bin:receiving_tds,612,0.9469,,0.9018,,,,,,
TE,  bin:receiving_tds,611,0.9904,,1.0205,,,,,,
TE,  bin:receiving_tds,612,1.0303,,0.9792,,,,,,
TE,  bin:receiving_tds,614,1.0757,,0.932,,,,,,
TE,  bin:receiving_tds,614,1.1231,,1.0253,,,,,,
TE,  bin:receiving_tds,611,1.1849,,1.0216,,,,,,
TE,  bin:receiving_tds,611,1.2956,,1.0674,,,,,,
